failure_id,machine_id,failure_date,failure_mode,downtime_hrs,repair_hrs,technician_id,root_cause,corrective_action,component,failure_type,technician_type,part_replaced,part_cost_usd,part_lead_time_days,time_to_diagnose_hrs
F00001,CNC-A1,2024-01-17,Spindle fault,2.16,1.54,TECH-003,Operator error,Vendor notified,spindle,mechanical,mechanical,spindle_bearing,321.23,6,0.43
F00002,CNC-A1,2024-02-07,Tool breakage,1.22,1.39,TECH-001,Operator error,Recalibration,tool_changer,mechanical,mechanical,tool_insert_set,94.28,2,0.08
F00003,CNC-A1,2024-02-11,Drive fault,1.34,1.27,TECH-007,Material defect,Operator retraining,servo_drive,electrical,electrical,servo_driver_board,1181.72,12,0.52
F00004,CNC-A1,2024-02-25,Spindle fault,1.82,1.47,TECH-007,Contamination,PM schedule updated,spindle,mechanical,mechanical,spindle_bearing,153.31,7,0.32
F00005,CNC-A1,2024-02-27,Tool breakage,2.19,1.43,TECH-007,Operator error,PM schedule updated,tool_changer,mechanical,mechanical,tool_insert_set,66.52,1,0.16
F00006,CNC-A1,2024-03-27,Axis calibration error,1.15,1.17,TECH-002,Overloading,Part replacement,servo_drive,software,automation,encoder_sensor,196.07,7,0.45
F00007,CNC-A1,2024-04-08,Coolant leak,2.1,1.13,TECH-004,Operator error,Part replacement,coolant_system,hydraulic,hydraulic,coolant_pump_seal,42.09,1,0.12
F00008,CNC-A1,2024-04-25,Spindle fault,1.99,0.64,TECH-002,Overloading,PM schedule updated,spindle,mechanical,mechanical,spindle_bearing,335.18,6,0.16
F00009,CNC-A1,2024-05-04,Coolant leak,1.94,1.35,TECH-004,Design limitation,Vendor notified,coolant_system,hydraulic,hydraulic,coolant_pump_seal,75.0,3,0.27
F00010,CNC-A1,2024-06-16,Spindle fault,1.43,1.17,TECH-004,Component wear,Operator retraining,spindle,mechanical,mechanical,spindle_bearing,352.21,5,0.31
F00011,CNC-A1,2024-06-23,Drive fault,2.44,1.47,TECH-004,Contamination,Part replacement,servo_drive,electrical,electrical,servo_driver_board,595.98,8,0.38
F00012,CNC-A1,2024-06-27,Coolant leak,2.18,1.55,TECH-002,Material defect,Design modification,coolant_system,hydraulic,hydraulic,coolant_pump_seal,37.57,2,0.26
F00013,CNC-A1,2024-07-30,Axis calibration error,1.54,1.9,TECH-008,Component wear,PM schedule updated,servo_drive,software,automation,encoder_sensor,185.54,4,0.69
F00014,CNC-A1,2024-08-01,Drive fault,1.78,1.13,TECH-007,Overloading,PM schedule updated,servo_drive,electrical,electrical,servo_driver_board,727.84,14,0.39
F00015,CNC-A1,2024-08-04,Tool breakage,2.34,1.49,TECH-001,Operator error,Recalibration,tool_changer,mechanical,mechanical,tool_insert_set,51.11,2,0.15
F00016,CNC-A1,2024-08-19,Tool breakage,1.92,1.2,TECH-007,Overloading,Design modification,tool_changer,mechanical,mechanical,tool_insert_set,54.29,1,0.14
F00017,CNC-A1,2024-11-14,Tool breakage,0.62,1.35,TECH-002,Design limitation,Vendor notified,tool_changer,mechanical,mechanical,tool_insert_set,72.16,1,0.16
F00018,CNC-A1,2024-11-20,Tool breakage,1.73,1.67,TECH-005,Component wear,Design modification,tool_changer,mechanical,mechanical,tool_insert_set,61.55,3,0.22
F00019,CNC-A1,2024-12-28,Drive fault,2.06,1.32,TECH-004,Component wear,PM schedule updated,servo_drive,electrical,electrical,servo_driver_board,1053.57,13,0.41
F00020,CNC-A1,2025-01-19,Drive fault,1.04,1.37,TECH-001,Contamination,Operator retraining,servo_drive,electrical,electrical,servo_driver_board,961.87,8,0.38
F00021,CNC-A1,2025-01-20,Coolant leak,2.63,1.23,TECH-004,Lack of preventive maintenance,Recalibration,coolant_system,hydraulic,hydraulic,coolant_pump_seal,40.39,3,0.22
F00022,CNC-A1,2025-02-22,Axis calibration error,1.98,1.46,TECH-002,Component wear,Recalibration,servo_drive,software,automation,encoder_sensor,174.75,3,0.64
F00023,CNC-A1,2025-03-11,Drive fault,2.06,1.44,TECH-007,Material defect,Design modification,servo_drive,electrical,electrical,servo_driver_board,1035.55,10,0.52
F00024,CNC-A1,2025-04-02,Axis calibration error,1.54,1.06,TECH-006,Calibration drift,Design modification,servo_drive,software,automation,encoder_sensor,103.87,5,0.34
F00025,CNC-A1,2025-04-11,Tool breakage,1.8,1.61,TECH-004,Material defect,Part replacement,tool_changer,mechanical,mechanical,tool_insert_set,91.81,2,0.17
F00026,CNC-A1,2025-04-12,Tool breakage,1.58,1.34,TECH-006,Operator error,Design modification,tool_changer,mechanical,mechanical,tool_insert_set,100.02,2,0.15
F00027,CNC-A1,2025-04-16,Spindle fault,1.65,1.32,TECH-008,Material defect,Operator retraining,spindle,mechanical,mechanical,spindle_bearing,263.93,3,0.26
F00028,CNC-A2,2024-01-04,Axis calibration error,1.75,1.35,TECH-007,Calibration drift,Vendor notified,servo_drive,software,automation,encoder_sensor,89.16,5,0.52
F00029,CNC-A2,2024-01-05,Tool breakage,1.14,0.92,TECH-007,Contamination,Part replacement,tool_changer,mechanical,mechanical,tool_insert_set,53.24,1,0.12
F00030,CNC-A2,2024-01-09,Axis calibration error,1.58,1.44,TECH-003,Design limitation,Operator retraining,servo_drive,software,automation,encoder_sensor,116.58,5,0.45
F00031,CNC-A2,2024-01-13,Drive fault,1.79,1.08,TECH-002,Lack of preventive maintenance,Vendor notified,servo_drive,electrical,electrical,servo_driver_board,661.04,14,0.41
F00032,CNC-A2,2024-04-30,Spindle fault,1.93,0.66,TECH-003,Overloading,Operator retraining,spindle,mechanical,mechanical,spindle_bearing,264.83,4,0.18
F00033,CNC-A2,2024-05-09,Spindle fault,1.95,0.81,TECH-007,Lack of preventive maintenance,Operator retraining,spindle,mechanical,mechanical,spindle_bearing,292.72,5,0.22
F00034,CNC-A2,2024-05-13,Axis calibration error,1.52,0.94,TECH-008,Component wear,Recalibration,servo_drive,software,automation,encoder_sensor,107.54,5,0.29
F00035,CNC-A2,2024-05-18,Drive fault,1.9,1.14,TECH-001,Contamination,Part replacement,servo_drive,electrical,electrical,servo_driver_board,517.54,12,0.39
F00036,CNC-A2,2024-05-19,Drive fault,0.64,1.28,TECH-003,Lack of preventive maintenance,Design modification,servo_drive,electrical,electrical,servo_driver_board,570.95,12,0.45
F00037,CNC-A2,2024-05-20,Spindle fault,1.63,1.5,TECH-007,Operator error,Design modification,spindle,mechanical,mechanical,spindle_bearing,159.6,5,0.33
F00038,CNC-A2,2024-05-24,Axis calibration error,1.03,1.01,TECH-006,Design limitation,Recalibration,servo_drive,software,automation,encoder_sensor,136.44,6,0.36
F00039,CNC-A2,2024-06-09,Spindle fault,1.33,1.37,TECH-005,Calibration drift,PM schedule updated,spindle,mechanical,mechanical,spindle_bearing,283.87,6,0.22
F00040,CNC-A2,2024-07-18,Drive fault,1.49,1.19,TECH-002,Operator error,Design modification,servo_drive,electrical,electrical,servo_driver_board,538.5,8,0.53
F00041,CNC-A2,2024-07-21,Tool breakage,1.36,1.76,TECH-004,Contamination,PM schedule updated,tool_changer,mechanical,mechanical,tool_insert_set,112.23,2,0.13
F00042,CNC-A2,2024-07-23,Drive fault,1.72,0.88,TECH-001,Design limitation,Vendor notified,servo_drive,electrical,electrical,servo_driver_board,1176.88,11,0.36
F00043,CNC-A2,2024-07-24,Tool breakage,1.64,1.07,TECH-003,Design limitation,PM schedule updated,tool_changer,mechanical,mechanical,tool_insert_set,95.94,3,0.08
F00044,CNC-A2,2024-08-06,Coolant leak,1.39,1.04,TECH-008,Design limitation,Part replacement,coolant_system,hydraulic,hydraulic,coolant_pump_seal,33.98,2,0.2
F00045,CNC-A2,2024-08-07,Tool breakage,1.18,1.29,TECH-006,Component wear,Vendor notified,tool_changer,mechanical,mechanical,tool_insert_set,73.74,3,0.1
F00046,CNC-A2,2024-10-04,Axis calibration error,1.65,1.42,TECH-001,Operator error,Part replacement,servo_drive,software,automation,encoder_sensor,163.19,4,0.48
F00047,CNC-A2,2024-11-16,Tool breakage,1.37,1.07,TECH-006,Component wear,Operator retraining,tool_changer,mechanical,mechanical,tool_insert_set,107.81,1,0.13
F00048,CNC-A2,2024-11-18,Tool breakage,1.16,1.68,TECH-006,Material defect,Vendor notified,tool_changer,mechanical,mechanical,tool_insert_set,71.73,3,0.19
F00049,CNC-A2,2024-11-22,Axis calibration error,1.94,1.45,TECH-003,Material defect,Recalibration,servo_drive,software,automation,encoder_sensor,163.85,3,0.46
F00050,CNC-A2,2025-01-17,Tool breakage,1.72,0.74,TECH-003,Contamination,Operator retraining,tool_changer,mechanical,mechanical,tool_insert_set,70.34,2,0.04
F00051,CNC-A2,2025-02-10,Coolant leak,1.87,0.87,TECH-003,Operator error,Operator retraining,coolant_system,hydraulic,hydraulic,coolant_pump_seal,58.63,1,0.1
F00052,CNC-A2,2025-03-12,Axis calibration error,1.6,1.07,TECH-006,Design limitation,Recalibration,servo_drive,software,automation,encoder_sensor,98.96,4,0.45
F00053,CNC-A2,2025-03-15,Coolant leak,1.25,1.0,TECH-002,Design limitation,PM schedule updated,coolant_system,hydraulic,hydraulic,coolant_pump_seal,38.58,1,0.16
F00054,CNC-A2,2025-03-30,Drive fault,0.62,1.6,TECH-006,Lack of preventive maintenance,Part replacement,servo_drive,electrical,electrical,servo_driver_board,710.15,14,0.59
F00055,CNC-A3,2024-01-06,Tool breakage,0.5,0.72,TECH-002,Overloading,PM schedule updated,tool_changer,mechanical,mechanical,tool_insert_set,36.94,1,0.07
F00056,CNC-A3,2024-01-27,Drive fault,1.04,1.25,TECH-002,Overloading,Design modification,servo_drive,electrical,electrical,servo_driver_board,1037.05,14,0.33
F00057,CNC-A3,2024-01-30,Drive fault,1.51,1.06,TECH-004,Contamination,Operator retraining,servo_drive,electrical,electrical,servo_driver_board,814.99,11,0.46
F00058,CNC-A3,2024-01-31,Coolant leak,1.06,0.85,TECH-002,Design limitation,Design modification,coolant_system,hydraulic,hydraulic,coolant_pump_seal,63.45,2,0.13
F00059,CNC-A3,2024-02-06,Coolant leak,0.94,1.11,TECH-003,Material defect,Operator retraining,coolant_system,hydraulic,hydraulic,coolant_pump_seal,44.55,3,0.17
F00060,CNC-A3,2024-02-24,Spindle fault,0.84,1.23,TECH-005,Overloading,Design modification,spindle,mechanical,mechanical,spindle_bearing,234.12,4,0.19
F00061,CNC-A3,2024-03-24,Drive fault,1.13,1.13,TECH-006,Calibration drift,Operator retraining,servo_drive,electrical,electrical,servo_driver_board,1069.72,5,0.31
F00062,CNC-A3,2024-04-02,Spindle fault,1.28,1.22,TECH-002,Design limitation,Design modification,spindle,mechanical,mechanical,spindle_bearing,264.05,8,0.2
F00063,CNC-A3,2024-04-20,Spindle fault,1.1,0.94,TECH-005,Material defect,Recalibration,spindle,mechanical,mechanical,spindle_bearing,294.78,3,0.23
F00064,CNC-A3,2024-04-22,Drive fault,2.03,1.16,TECH-002,Calibration drift,Operator retraining,servo_drive,electrical,electrical,servo_driver_board,995.25,7,0.47
F00065,CNC-A3,2024-05-28,Axis calibration error,0.78,0.85,TECH-008,Overloading,Recalibration,servo_drive,software,automation,encoder_sensor,99.55,6,0.29
F00066,CNC-A3,2024-05-30,Tool breakage,0.96,0.61,TECH-007,Material defect,Recalibration,tool_changer,mechanical,mechanical,tool_insert_set,38.18,3,0.06
F00067,CNC-A3,2024-06-26,Drive fault,1.09,0.79,TECH-004,Operator error,Operator retraining,servo_drive,electrical,electrical,servo_driver_board,728.19,8,0.33
F00068,CNC-A3,2024-06-28,Drive fault,0.84,1.05,TECH-006,Calibration drift,Design modification,servo_drive,electrical,electrical,servo_driver_board,687.85,13,0.46
F00069,CNC-A3,2024-07-26,Drive fault,1.45,0.87,TECH-008,Component wear,Vendor notified,servo_drive,electrical,electrical,servo_driver_board,668.19,11,0.26
F00070,CNC-A3,2024-08-27,Coolant leak,0.72,1.1,TECH-008,Material defect,PM schedule updated,coolant_system,hydraulic,hydraulic,coolant_pump_seal,86.03,2,0.13
F00071,CNC-A3,2024-09-05,Coolant leak,1.15,0.86,TECH-006,Operator error,Recalibration,coolant_system,hydraulic,hydraulic,coolant_pump_seal,30.78,1,0.17
F00072,CNC-A3,2024-09-07,Spindle fault,1.07,1.08,TECH-002,Overloading,Operator retraining,spindle,mechanical,mechanical,spindle_bearing,351.84,5,0.28
F00073,CNC-A3,2024-09-13,Axis calibration error,1.09,1.02,TECH-007,Lack of preventive maintenance,Design modification,servo_drive,software,automation,encoder_sensor,205.26,4,0.41
F00074,CNC-A3,2024-09-20,Axis calibration error,1.48,1.01,TECH-007,Material defect,Operator retraining,servo_drive,software,automation,encoder_sensor,127.65,7,0.46
F00075,CNC-A3,2024-09-24,Coolant leak,1.13,1.02,TECH-007,Component wear,Operator retraining,coolant_system,hydraulic,hydraulic,coolant_pump_seal,69.02,2,0.11
F00076,CNC-A3,2024-11-05,Axis calibration error,1.57,0.97,TECH-001,Operator error,Vendor notified,servo_drive,software,automation,encoder_sensor,185.82,4,0.34
F00077,CNC-A3,2024-11-14,Coolant leak,1.33,0.91,TECH-007,Contamination,Recalibration,coolant_system,hydraulic,hydraulic,coolant_pump_seal,86.08,3,0.1
F00078,CNC-A3,2024-11-24,Coolant leak,0.88,1.35,TECH-007,Design limitation,Part replacement,coolant_system,hydraulic,hydraulic,coolant_pump_seal,79.53,1,0.16
F00079,CNC-A3,2024-12-04,Coolant leak,1.2,0.93,TECH-004,Operator error,Vendor notified,coolant_system,hydraulic,hydraulic,coolant_pump_seal,39.11,2,0.17
F00080,CNC-A3,2024-12-05,Tool breakage,1.42,1.03,TECH-003,Material defect,Recalibration,tool_changer,mechanical,mechanical,tool_insert_set,51.7,2,0.08
F00081,CNC-A3,2024-12-15,Axis calibration error,1.75,1.32,TECH-005,Contamination,Recalibration,servo_drive,software,automation,encoder_sensor,189.95,4,0.53
F00082,CNC-A3,2024-12-30,Spindle fault,1.67,0.93,TECH-005,Operator error,Design modification,spindle,mechanical,mechanical,spindle_bearing,157.41,8,0.14
F00083,CNC-A3,2024-12-31,Axis calibration error,1.03,1.28,TECH-007,Material defect,Part replacement,servo_drive,software,automation,encoder_sensor,116.0,4,0.56
F00084,CNC-A3,2025-01-14,Coolant leak,1.31,0.87,TECH-002,Lack of preventive maintenance,PM schedule updated,coolant_system,hydraulic,hydraulic,coolant_pump_seal,35.55,1,0.13
F00085,CNC-A3,2025-01-26,Coolant leak,1.14,0.94,TECH-001,Overloading,Operator retraining,coolant_system,hydraulic,hydraulic,coolant_pump_seal,71.04,3,0.11
F00086,CNC-A3,2025-01-27,Axis calibration error,1.61,0.93,TECH-003,Overloading,Recalibration,servo_drive,software,automation,encoder_sensor,193.56,5,0.41
F00087,CNC-A3,2025-02-18,Drive fault,1.43,0.97,TECH-008,Calibration drift,Operator retraining,servo_drive,electrical,electrical,servo_driver_board,1004.24,13,0.27
F00088,CNC-A3,2025-03-19,Spindle fault,0.98,0.9,TECH-002,Design limitation,Operator retraining,spindle,mechanical,mechanical,spindle_bearing,361.17,3,0.19
F00089,CNC-A3,2025-03-23,Axis calibration error,0.8,1.06,TECH-006,Lack of preventive maintenance,Operator retraining,servo_drive,software,automation,encoder_sensor,125.63,3,0.46
F00090,CNC-A3,2025-04-23,Coolant leak,1.29,1.13,TECH-006,Design limitation,Design modification,coolant_system,hydraulic,hydraulic,coolant_pump_seal,87.25,2,0.15
F00091,CNC-A4,2024-01-05,Tool breakage,2.7,1.44,TECH-004,Overloading,Operator retraining,tool_changer,mechanical,mechanical,tool_insert_set,113.61,2,0.15
F00092,CNC-A4,2024-01-16,Axis calibration error,1.71,1.72,TECH-008,Lack of preventive maintenance,Part replacement,servo_drive,software,automation,encoder_sensor,170.59,3,0.55
F00093,CNC-A4,2024-01-21,Drive fault,1.42,1.52,TECH-006,Calibration drift,Design modification,servo_drive,electrical,electrical,servo_driver_board,555.25,12,0.67
F00094,CNC-A4,2024-02-01,Coolant leak,1.06,1.61,TECH-006,Calibration drift,PM schedule updated,coolant_system,hydraulic,hydraulic,coolant_pump_seal,64.95,2,0.31
F00095,CNC-A4,2024-02-06,Coolant leak,1.76,1.84,TECH-002,Component wear,Recalibration,coolant_system,hydraulic,hydraulic,coolant_pump_seal,77.87,2,0.33
F00096,CNC-A4,2024-02-09,Drive fault,1.01,1.44,TECH-005,Operator error,Recalibration,servo_drive,electrical,electrical,servo_driver_board,463.38,9,0.39
F00097,CNC-A4,2024-02-14,Drive fault,1.45,1.58,TECH-003,Design limitation,Part replacement,servo_drive,electrical,electrical,servo_driver_board,1072.07,7,0.47
F00098,CNC-A4,2024-04-07,Spindle fault,1.07,1.26,TECH-008,Operator error,Part replacement,spindle,mechanical,mechanical,spindle_bearing,258.0,7,0.3
F00099,CNC-A4,2024-04-19,Spindle fault,1.24,1.46,TECH-001,Design limitation,Operator retraining,spindle,mechanical,mechanical,spindle_bearing,345.61,7,0.31
F00100,CNC-A4,2024-04-20,Drive fault,2.13,1.53,TECH-001,Component wear,Recalibration,servo_drive,electrical,electrical,servo_driver_board,730.64,11,0.51
F00101,CNC-A4,2024-05-14,Spindle fault,1.85,1.36,TECH-002,Overloading,Design modification,spindle,mechanical,mechanical,spindle_bearing,289.5,8,0.3
F00102,CNC-A4,2024-05-27,Axis calibration error,1.15,1.07,TECH-008,Calibration drift,PM schedule updated,servo_drive,software,automation,encoder_sensor,118.46,7,0.37
F00103,CNC-A4,2024-06-24,Drive fault,2.04,1.39,TECH-001,Operator error,Recalibration,servo_drive,electrical,electrical,servo_driver_board,1009.51,13,0.38
F00104,CNC-A4,2024-07-08,Spindle fault,1.66,1.51,TECH-003,Operator error,Recalibration,spindle,mechanical,mechanical,spindle_bearing,137.31,7,0.36
F00105,CNC-A4,2024-07-09,Coolant leak,1.14,1.52,TECH-001,Material defect,PM schedule updated,coolant_system,hydraulic,hydraulic,coolant_pump_seal,37.06,1,0.2
F00106,CNC-A4,2024-07-26,Spindle fault,1.55,1.11,TECH-005,Material defect,Operator retraining,spindle,mechanical,mechanical,spindle_bearing,157.41,7,0.32
F00107,CNC-A4,2024-07-27,Coolant leak,1.72,1.56,TECH-003,Operator error,Part replacement,coolant_system,hydraulic,hydraulic,coolant_pump_seal,38.26,1,0.18
F00108,CNC-A4,2024-07-29,Drive fault,1.43,1.84,TECH-005,Calibration drift,Part replacement,servo_drive,electrical,electrical,servo_driver_board,536.62,7,0.47
F00109,CNC-A4,2024-08-07,Coolant leak,1.54,1.67,TECH-008,Calibration drift,Part replacement,coolant_system,hydraulic,hydraulic,coolant_pump_seal,31.43,1,0.18
F00110,CNC-A4,2024-08-20,Drive fault,2.21,1.11,TECH-005,Lack of preventive maintenance,Part replacement,servo_drive,electrical,electrical,servo_driver_board,893.36,6,0.43
F00111,CNC-A4,2024-08-23,Drive fault,1.3,0.91,TECH-001,Design limitation,Design modification,servo_drive,electrical,electrical,servo_driver_board,745.22,13,0.32
F00112,CNC-A4,2024-08-24,Axis calibration error,1.7,1.08,TECH-005,Component wear,Design modification,servo_drive,software,automation,encoder_sensor,203.13,4,0.51
F00113,CNC-A4,2024-09-01,Axis calibration error,2.11,0.72,TECH-006,Overloading,PM schedule updated,servo_drive,software,automation,encoder_sensor,90.87,5,0.25
F00114,CNC-A4,2024-09-06,Axis calibration error,1.88,1.5,TECH-008,Design limitation,Vendor notified,servo_drive,software,automation,encoder_sensor,118.67,3,0.62
F00115,CNC-A4,2024-10-18,Axis calibration error,1.89,1.07,TECH-002,Contamination,PM schedule updated,servo_drive,software,automation,encoder_sensor,141.2,4,0.4
F00116,CNC-A4,2024-10-23,Drive fault,2.1,1.35,TECH-001,Calibration drift,Operator retraining,servo_drive,electrical,electrical,servo_driver_board,842.81,5,0.36
F00117,CNC-A4,2024-10-24,Axis calibration error,1.1,1.35,TECH-008,Lack of preventive maintenance,Recalibration,servo_drive,software,automation,encoder_sensor,197.52,3,0.65
F00118,CNC-A4,2024-10-28,Axis calibration error,1.92,1.57,TECH-002,Lack of preventive maintenance,Vendor notified,servo_drive,software,automation,encoder_sensor,98.38,3,0.74
F00119,CNC-A4,2024-11-10,Drive fault,1.7,1.56,TECH-001,Overloading,Part replacement,servo_drive,electrical,electrical,servo_driver_board,1126.99,7,0.64
F00120,CNC-A4,2024-11-13,Tool breakage,1.79,1.28,TECH-003,Calibration drift,Vendor notified,tool_changer,mechanical,mechanical,tool_insert_set,101.26,3,0.15
F00121,CNC-A4,2024-11-18,Axis calibration error,1.56,1.12,TECH-008,Material defect,Operator retraining,servo_drive,software,automation,encoder_sensor,190.16,6,0.46
F00122,CNC-A4,2024-11-29,Drive fault,0.97,1.82,TECH-003,Operator error,PM schedule updated,servo_drive,electrical,electrical,servo_driver_board,835.67,6,0.77
F00123,CNC-A4,2024-12-20,Drive fault,1.91,1.2,TECH-005,Lack of preventive maintenance,PM schedule updated,servo_drive,electrical,electrical,servo_driver_board,797.1,12,0.45
F00124,CNC-A4,2025-01-07,Axis calibration error,1.97,1.09,TECH-003,Calibration drift,Design modification,servo_drive,software,automation,encoder_sensor,120.97,4,0.36
F00125,CNC-A4,2025-01-16,Axis calibration error,1.33,1.81,TECH-008,Contamination,Recalibration,servo_drive,software,automation,encoder_sensor,149.51,3,0.63
F00126,CNC-A4,2025-03-14,Axis calibration error,1.71,1.67,TECH-001,Contamination,Vendor notified,servo_drive,software,automation,encoder_sensor,134.61,5,0.62
F00127,CNC-A4,2025-03-23,Spindle fault,2.03,1.26,TECH-008,Lack of preventive maintenance,Recalibration,spindle,mechanical,mechanical,spindle_bearing,205.15,5,0.32
F00128,CNC-A4,2025-04-02,Axis calibration error,0.96,1.1,TECH-002,Calibration drift,Part replacement,servo_drive,software,automation,encoder_sensor,125.08,4,0.54
F00129,CNC-A4,2025-04-20,Spindle fault,1.16,1.62,TECH-002,Calibration drift,PM schedule updated,spindle,mechanical,mechanical,spindle_bearing,358.25,8,0.32
F00130,CNC-A4,2025-04-26,Coolant leak,1.47,1.02,TECH-007,Contamination,Vendor notified,coolant_system,hydraulic,hydraulic,coolant_pump_seal,61.2,2,0.19
F00131,CNC-A5,2024-01-24,Tool breakage,1.38,1.06,TECH-004,Design limitation,Recalibration,tool_changer,mechanical,mechanical,tool_insert_set,90.47,1,0.11
F00132,CNC-A5,2024-02-15,Tool breakage,1.18,1.14,TECH-008,Component wear,Vendor notified,tool_changer,mechanical,mechanical,tool_insert_set,88.8,3,0.09
F00133,CNC-A5,2024-02-20,Tool breakage,1.61,1.14,TECH-005,Contamination,PM schedule updated,tool_changer,mechanical,mechanical,tool_insert_set,97.47,1,0.14
F00134,CNC-A5,2024-02-29,Spindle fault,1.33,1.33,TECH-003,Component wear,Part replacement,spindle,mechanical,mechanical,spindle_bearing,343.79,4,0.23
F00135,CNC-A5,2024-03-15,Axis calibration error,0.95,1.32,TECH-003,Material defect,Operator retraining,servo_drive,software,automation,encoder_sensor,167.94,6,0.59
F00136,CNC-A5,2024-03-31,Axis calibration error,0.85,1.18,TECH-005,Component wear,Part replacement,servo_drive,software,automation,encoder_sensor,96.41,3,0.57
F00137,CNC-A5,2024-04-09,Axis calibration error,1.07,1.34,TECH-005,Calibration drift,PM schedule updated,servo_drive,software,automation,encoder_sensor,103.55,7,0.62
F00138,CNC-A5,2024-04-12,Spindle fault,1.04,1.27,TECH-007,Contamination,Design modification,spindle,mechanical,mechanical,spindle_bearing,274.36,8,0.34
F00139,CNC-A5,2024-04-17,Axis calibration error,1.3,1.06,TECH-005,Lack of preventive maintenance,Design modification,servo_drive,software,automation,encoder_sensor,192.34,7,0.37
F00140,CNC-A5,2024-05-19,Drive fault,1.48,0.52,TECH-008,Design limitation,Recalibration,servo_drive,electrical,electrical,servo_driver_board,892.56,14,0.14
F00141,CNC-A5,2024-06-03,Drive fault,1.04,1.35,TECH-005,Component wear,Vendor notified,servo_drive,electrical,electrical,servo_driver_board,912.12,6,0.49
F00142,CNC-A5,2024-06-04,Axis calibration error,1.25,1.06,TECH-001,Contamination,Vendor notified,servo_drive,software,automation,encoder_sensor,162.28,3,0.42
F00143,CNC-A5,2024-06-06,Axis calibration error,1.57,0.99,TECH-003,Material defect,Recalibration,servo_drive,software,automation,encoder_sensor,155.56,6,0.46
F00144,CNC-A5,2024-07-01,Drive fault,1.54,0.95,TECH-005,Component wear,PM schedule updated,servo_drive,electrical,electrical,servo_driver_board,819.11,12,0.35
F00145,CNC-A5,2024-08-09,Coolant leak,2.13,0.9,TECH-006,Operator error,Operator retraining,coolant_system,hydraulic,hydraulic,coolant_pump_seal,85.74,3,0.1
F00146,CNC-A5,2024-10-01,Axis calibration error,1.87,1.54,TECH-006,Operator error,Operator retraining,servo_drive,software,automation,encoder_sensor,96.84,3,0.66
F00147,CNC-A5,2024-10-02,Coolant leak,0.97,1.04,TECH-007,Contamination,Part replacement,coolant_system,hydraulic,hydraulic,coolant_pump_seal,53.95,3,0.17
F00148,CNC-A5,2024-10-20,Drive fault,0.87,1.15,TECH-006,Material defect,Vendor notified,servo_drive,electrical,electrical,servo_driver_board,700.23,12,0.49
F00149,CNC-A5,2024-10-21,Coolant leak,1.64,0.67,TECH-007,Operator error,Recalibration,coolant_system,hydraulic,hydraulic,coolant_pump_seal,75.28,2,0.09
F00150,CNC-A5,2024-10-22,Tool breakage,2.39,1.27,TECH-002,Material defect,Design modification,tool_changer,mechanical,mechanical,tool_insert_set,61.73,1,0.08
F00151,CNC-A5,2024-10-24,Drive fault,0.85,1.19,TECH-007,Component wear,Operator retraining,servo_drive,electrical,electrical,servo_driver_board,560.84,5,0.4
F00152,CNC-A5,2024-11-10,Coolant leak,1.55,0.84,TECH-001,Contamination,Recalibration,coolant_system,hydraulic,hydraulic,coolant_pump_seal,51.77,3,0.15
F00153,CNC-A5,2024-11-19,Tool breakage,1.94,0.97,TECH-006,Contamination,Part replacement,tool_changer,mechanical,mechanical,tool_insert_set,82.0,3,0.12
F00154,CNC-A5,2024-11-27,Axis calibration error,1.38,1.2,TECH-002,Material defect,Vendor notified,servo_drive,software,automation,encoder_sensor,149.71,7,0.45
F00155,CNC-A5,2024-12-13,Coolant leak,1.42,1.09,TECH-004,Component wear,Design modification,coolant_system,hydraulic,hydraulic,coolant_pump_seal,89.17,1,0.21
F00156,CNC-A5,2024-12-16,Drive fault,1.52,0.85,TECH-004,Material defect,PM schedule updated,servo_drive,electrical,electrical,servo_driver_board,538.86,12,0.36
F00157,CNC-A5,2025-01-09,Coolant leak,1.43,0.81,TECH-003,Component wear,Design modification,coolant_system,hydraulic,hydraulic,coolant_pump_seal,67.5,1,0.13
F00158,CNC-A5,2025-01-13,Tool breakage,1.54,1.39,TECH-003,Lack of preventive maintenance,PM schedule updated,tool_changer,mechanical,mechanical,tool_insert_set,93.32,1,0.07
F00159,CNC-A5,2025-02-07,Spindle fault,1.34,1.29,TECH-005,Lack of preventive maintenance,Recalibration,spindle,mechanical,mechanical,spindle_bearing,238.12,7,0.25
F00160,CNC-A5,2025-02-28,Axis calibration error,0.78,1.04,TECH-008,Contamination,Design modification,servo_drive,software,automation,encoder_sensor,146.9,7,0.4
F00161,CNC-A5,2025-03-14,Drive fault,1.1,1.15,TECH-001,Design limitation,Operator retraining,servo_drive,electrical,electrical,servo_driver_board,676.45,10,0.47
F00162,CNC-A5,2025-03-30,Axis calibration error,2.49,1.25,TECH-007,Operator error,Operator retraining,servo_drive,software,automation,encoder_sensor,99.93,7,0.62
F00163,CNC-A5,2025-04-19,Coolant leak,0.66,1.26,TECH-003,Operator error,Recalibration,coolant_system,hydraulic,hydraulic,coolant_pump_seal,82.51,3,0.23
F00164,CNC-A5,2025-04-24,Coolant leak,1.04,0.89,TECH-007,Design limitation,Operator retraining,coolant_system,hydraulic,hydraulic,coolant_pump_seal,34.6,1,0.18
F00165,PB-A1,2024-01-08,Control panel fault,2.48,1.81,TECH-004,Overloading,Operator retraining,control_panel,electrical,electrical,hmi_board,526.3,8,0.58
F00166,PB-A1,2024-02-04,Atomizer wear,1.44,2.39,TECH-007,Operator error,PM schedule updated,spray_system,mechanical,mechanical,atomizer_nozzle,205.07,4,0.25
F00167,PB-A1,2024-02-10,Filter saturation,2.1,1.67,TECH-008,Operator error,Part replacement,filtration_system,mechanical,mechanical,paint_filter_set,40.52,1,0.15
F00168,PB-A1,2024-03-03,Conveyor jam,2.63,2.1,TECH-003,Lack of preventive maintenance,Design modification,conveyor_system,mechanical,mechanical,conveyor_chain,155.63,3,0.5
F00169,PB-A1,2024-04-11,Atomizer wear,1.57,1.77,TECH-006,Overloading,Vendor notified,spray_system,mechanical,mechanical,atomizer_nozzle,170.16,5,0.18
F00170,PB-A1,2024-04-12,Pump clog,2.28,2.34,TECH-004,Component wear,Vendor notified,coolant_system,hydraulic,hydraulic,coolant_filter,19.91,1,0.26
F00171,PB-A1,2024-04-20,Control panel fault,2.72,1.7,TECH-006,Operator error,PM schedule updated,control_panel,electrical,electrical,hmi_board,576.55,14,0.8
F00172,PB-A1,2024-04-30,Control panel fault,2.81,1.28,TECH-001,Design limitation,Part replacement,control_panel,electrical,electrical,hmi_board,301.18,8,0.59
F00173,PB-A1,2024-05-02,Conveyor jam,2.25,1.67,TECH-006,Lack of preventive maintenance,Recalibration,conveyor_system,mechanical,mechanical,conveyor_chain,305.2,3,0.34
F00174,PB-A1,2024-05-27,Filter saturation,1.84,1.84,TECH-001,Operator error,Vendor notified,filtration_system,mechanical,mechanical,paint_filter_set,71.57,2,0.1
F00175,PB-A1,2024-06-05,Filter saturation,1.93,2.31,TECH-006,Design limitation,Vendor notified,filtration_system,mechanical,mechanical,paint_filter_set,38.49,1,0.17
F00176,PB-A1,2024-06-09,Pump clog,3.15,1.81,TECH-003,Component wear,Design modification,coolant_system,hydraulic,hydraulic,coolant_filter,45.57,1,0.2
F00177,PB-A1,2024-06-10,Atomizer wear,2.97,2.21,TECH-008,Calibration drift,Operator retraining,spray_system,mechanical,mechanical,atomizer_nozzle,198.41,3,0.46
F00178,PB-A1,2024-06-13,Atomizer wear,2.41,1.8,TECH-002,Design limitation,Vendor notified,spray_system,mechanical,mechanical,atomizer_nozzle,102.99,2,0.25
F00179,PB-A1,2024-06-27,Pump clog,1.51,2.05,TECH-004,Overloading,Design modification,coolant_system,hydraulic,hydraulic,coolant_filter,44.27,2,0.23
F00180,PB-A1,2024-06-28,Filter saturation,2.81,2.93,TECH-005,Design limitation,PM schedule updated,filtration_system,mechanical,mechanical,paint_filter_set,30.83,2,0.24
F00181,PB-A1,2024-06-29,Filter saturation,1.76,2.01,TECH-007,Material defect,Design modification,filtration_system,mechanical,mechanical,paint_filter_set,30.2,1,0.17
F00182,PB-A1,2024-07-09,Atomizer wear,2.12,1.67,TECH-001,Overloading,Part replacement,spray_system,mechanical,mechanical,atomizer_nozzle,100.1,5,0.19
F00183,PB-A1,2024-07-16,Atomizer wear,2.86,2.16,TECH-007,Overloading,PM schedule updated,spray_system,mechanical,mechanical,atomizer_nozzle,101.61,3,0.36
F00184,PB-A1,2024-07-17,Control panel fault,2.93,2.05,TECH-008,Contamination,Part replacement,control_panel,electrical,electrical,hmi_board,570.11,14,0.88
F00185,PB-A1,2024-07-24,Atomizer wear,2.9,2.26,TECH-002,Overloading,PM schedule updated,spray_system,mechanical,mechanical,atomizer_nozzle,158.0,3,0.55
F00186,PB-A1,2024-08-10,Pump clog,2.59,2.68,TECH-002,Material defect,PM schedule updated,coolant_system,hydraulic,hydraulic,coolant_filter,29.15,1,0.29
F00187,PB-A1,2024-08-15,Filter saturation,3.23,1.85,TECH-004,Operator error,Recalibration,filtration_system,mechanical,mechanical,paint_filter_set,64.39,1,0.18
F00188,PB-A1,2024-08-18,Pump clog,2.56,2.2,TECH-003,Calibration drift,Operator retraining,coolant_system,hydraulic,hydraulic,coolant_filter,23.49,2,0.22
F00189,PB-A1,2024-09-04,Control panel fault,2.44,1.56,TECH-006,Contamination,Recalibration,control_panel,electrical,electrical,hmi_board,429.49,14,0.51
F00190,PB-A1,2024-09-11,Conveyor jam,1.57,2.11,TECH-001,Contamination,Design modification,conveyor_system,mechanical,mechanical,conveyor_chain,142.49,5,0.3
F00191,PB-A1,2024-09-12,Conveyor jam,2.24,2.03,TECH-005,Operator error,Vendor notified,conveyor_system,mechanical,mechanical,conveyor_chain,177.46,6,0.39
F00192,PB-A1,2024-10-06,Control panel fault,2.91,1.56,TECH-007,Calibration drift,Design modification,control_panel,electrical,electrical,hmi_board,514.81,10,0.6
F00193,PB-A1,2024-10-16,Atomizer wear,2.73,1.18,TECH-004,Contamination,Design modification,spray_system,mechanical,mechanical,atomizer_nozzle,134.27,5,0.22
F00194,PB-A1,2024-10-24,Pump clog,2.53,2.12,TECH-006,Operator error,Design modification,coolant_system,hydraulic,hydraulic,coolant_filter,29.73,1,0.11
F00195,PB-A1,2024-11-05,Atomizer wear,3.31,2.15,TECH-003,Contamination,PM schedule updated,spray_system,mechanical,mechanical,atomizer_nozzle,135.67,3,0.29
F00196,PB-A1,2024-12-06,Control panel fault,1.61,2.45,TECH-001,Contamination,Part replacement,control_panel,electrical,electrical,hmi_board,491.81,10,1.01
F00197,PB-A1,2024-12-11,Conveyor jam,1.85,1.86,TECH-003,Contamination,Part replacement,conveyor_system,mechanical,mechanical,conveyor_chain,258.91,5,0.37
F00198,PB-A1,2024-12-21,Atomizer wear,2.75,2.29,TECH-003,Operator error,PM schedule updated,spray_system,mechanical,mechanical,atomizer_nozzle,120.85,4,0.5
F00199,PB-A1,2024-12-31,Filter saturation,2.07,1.72,TECH-002,Overloading,Design modification,filtration_system,mechanical,mechanical,paint_filter_set,56.56,1,0.14
F00200,PB-A1,2025-01-05,Filter saturation,2.15,2.19,TECH-006,Calibration drift,Recalibration,filtration_system,mechanical,mechanical,paint_filter_set,46.75,1,0.17
F00201,PB-A1,2025-01-08,Pump clog,2.56,2.12,TECH-001,Contamination,Design modification,coolant_system,hydraulic,hydraulic,coolant_filter,45.26,2,0.3
F00202,PB-A1,2025-01-09,Control panel fault,2.14,2.17,TECH-003,Calibration drift,Part replacement,control_panel,electrical,electrical,hmi_board,466.34,14,0.88
F00203,PB-A1,2025-01-15,Atomizer wear,2.2,1.74,TECH-005,Calibration drift,Recalibration,spray_system,mechanical,mechanical,atomizer_nozzle,190.98,2,0.39
F00204,PB-A1,2025-01-24,Atomizer wear,2.0,2.68,TECH-004,Contamination,Vendor notified,spray_system,mechanical,mechanical,atomizer_nozzle,146.65,3,0.31
F00205,PB-A1,2025-03-01,Conveyor jam,3.06,1.96,TECH-007,Overloading,Recalibration,conveyor_system,mechanical,mechanical,conveyor_chain,129.77,7,0.21
F00206,PB-A1,2025-03-22,Conveyor jam,2.5,1.79,TECH-001,Calibration drift,PM schedule updated,conveyor_system,mechanical,mechanical,conveyor_chain,172.53,7,0.27
F00207,PB-A1,2025-04-01,Pump clog,3.33,2.46,TECH-005,Operator error,Recalibration,coolant_system,hydraulic,hydraulic,coolant_filter,24.4,2,0.31
F00208,PB-A1,2025-04-04,Atomizer wear,2.68,1.87,TECH-002,Material defect,Operator retraining,spray_system,mechanical,mechanical,atomizer_nozzle,77.13,3,0.42
F00209,PB-A2,2024-02-04,Conveyor jam,1.69,1.98,TECH-004,Overloading,Part replacement,conveyor_system,mechanical,mechanical,conveyor_chain,290.59,5,0.24
F00210,PB-A2,2024-02-10,Conveyor jam,3.39,1.95,TECH-003,Component wear,Part replacement,conveyor_system,mechanical,mechanical,conveyor_chain,238.17,4,0.23
F00211,PB-A2,2024-02-14,Filter saturation,2.56,1.31,TECH-008,Calibration drift,Design modification,filtration_system,mechanical,mechanical,paint_filter_set,46.98,2,0.13
F00212,PB-A2,2024-02-15,Filter saturation,2.52,1.93,TECH-007,Operator error,PM schedule updated,filtration_system,mechanical,mechanical,paint_filter_set,68.15,2,0.13
F00213,PB-A2,2024-02-18,Control panel fault,2.45,1.98,TECH-008,Operator error,Part replacement,control_panel,electrical,electrical,hmi_board,534.44,8,0.75
F00214,PB-A2,2024-03-12,Control panel fault,1.49,1.8,TECH-004,Component wear,PM schedule updated,control_panel,electrical,electrical,hmi_board,517.13,12,0.54
F00215,PB-A2,2024-03-19,Atomizer wear,1.86,1.62,TECH-003,Operator error,Design modification,spray_system,mechanical,mechanical,atomizer_nozzle,105.31,5,0.2
F00216,PB-A2,2024-05-05,Control panel fault,2.76,1.98,TECH-001,Overloading,Operator retraining,control_panel,electrical,electrical,hmi_board,341.39,11,0.93
F00217,PB-A2,2024-05-06,Pump clog,1.76,2.03,TECH-006,Operator error,PM schedule updated,coolant_system,hydraulic,hydraulic,coolant_filter,54.6,2,0.27
F00218,PB-A2,2024-05-09,Control panel fault,2.02,1.66,TECH-006,Component wear,Part replacement,control_panel,electrical,electrical,hmi_board,646.42,11,0.55
F00219,PB-A2,2024-05-14,Atomizer wear,1.75,2.24,TECH-008,Component wear,Recalibration,spray_system,mechanical,mechanical,atomizer_nozzle,140.0,5,0.25
F00220,PB-A2,2024-05-15,Conveyor jam,2.26,1.41,TECH-004,Lack of preventive maintenance,Recalibration,conveyor_system,mechanical,mechanical,conveyor_chain,269.84,4,0.23
F00221,PB-A2,2024-06-12,Atomizer wear,1.97,2.08,TECH-008,Design limitation,Part replacement,spray_system,mechanical,mechanical,atomizer_nozzle,143.05,5,0.26
F00222,PB-A2,2024-06-30,Pump clog,2.34,2.12,TECH-006,Design limitation,Part replacement,coolant_system,hydraulic,hydraulic,coolant_filter,51.56,1,0.12
F00223,PB-A2,2024-07-20,Atomizer wear,1.66,1.94,TECH-007,Contamination,Recalibration,spray_system,mechanical,mechanical,atomizer_nozzle,108.76,2,0.34
F00224,PB-A2,2024-07-28,Control panel fault,0.93,1.81,TECH-005,Operator error,Vendor notified,control_panel,electrical,electrical,hmi_board,496.98,9,0.72
F00225,PB-A2,2024-08-04,Filter saturation,0.56,2.3,TECH-005,Contamination,Part replacement,filtration_system,mechanical,mechanical,paint_filter_set,32.37,1,0.21
F00226,PB-A2,2024-08-05,Control panel fault,1.91,1.54,TECH-007,Component wear,Vendor notified,control_panel,electrical,electrical,hmi_board,515.91,8,0.66
F00227,PB-A2,2024-08-12,Conveyor jam,1.34,1.99,TECH-007,Design limitation,Vendor notified,conveyor_system,mechanical,mechanical,conveyor_chain,252.39,6,0.22
F00228,PB-A2,2024-10-01,Atomizer wear,2.36,1.75,TECH-006,Component wear,Part replacement,spray_system,mechanical,mechanical,atomizer_nozzle,128.16,5,0.32
F00229,PB-A2,2024-10-02,Pump clog,1.43,1.41,TECH-003,Operator error,Recalibration,coolant_system,hydraulic,hydraulic,coolant_filter,30.52,2,0.14
F00230,PB-A2,2024-10-21,Control panel fault,1.81,2.06,TECH-001,Component wear,Vendor notified,control_panel,electrical,electrical,hmi_board,564.39,13,0.97
F00231,PB-A2,2024-10-28,Pump clog,1.76,2.08,TECH-003,Contamination,Operator retraining,coolant_system,hydraulic,hydraulic,coolant_filter,36.68,1,0.23
F00232,PB-A2,2024-11-01,Pump clog,1.91,2.7,TECH-003,Calibration drift,Design modification,coolant_system,hydraulic,hydraulic,coolant_filter,49.46,2,0.23
F00233,PB-A2,2024-11-07,Conveyor jam,1.77,1.69,TECH-008,Material defect,Design modification,conveyor_system,mechanical,mechanical,conveyor_chain,217.26,7,0.2
F00234,PB-A2,2024-11-11,Pump clog,2.7,1.59,TECH-003,Operator error,Operator retraining,coolant_system,hydraulic,hydraulic,coolant_filter,32.75,2,0.23
F00235,PB-A2,2024-11-13,Conveyor jam,1.74,0.6,TECH-006,Operator error,Design modification,conveyor_system,mechanical,mechanical,conveyor_chain,244.32,4,0.09
F00236,PB-A2,2024-11-23,Filter saturation,2.98,1.36,TECH-006,Material defect,Part replacement,filtration_system,mechanical,mechanical,paint_filter_set,37.96,1,0.07
F00237,PB-A2,2025-01-16,Atomizer wear,2.26,1.54,TECH-001,Contamination,Design modification,spray_system,mechanical,mechanical,atomizer_nozzle,209.48,4,0.23
F00238,PB-A2,2025-01-26,Filter saturation,0.65,2.01,TECH-002,Operator error,PM schedule updated,filtration_system,mechanical,mechanical,paint_filter_set,59.12,1,0.1
F00239,PB-A2,2025-02-01,Atomizer wear,2.03,1.4,TECH-007,Operator error,Recalibration,spray_system,mechanical,mechanical,atomizer_nozzle,115.31,2,0.27
F00240,PB-A2,2025-03-19,Control panel fault,1.79,1.49,TECH-006,Component wear,Design modification,control_panel,electrical,electrical,hmi_board,643.27,12,0.63
F00241,PB-A2,2025-04-01,Atomizer wear,2.74,2.65,TECH-001,Operator error,Design modification,spray_system,mechanical,mechanical,atomizer_nozzle,144.24,5,0.62
F00242,PB-A2,2025-04-03,Filter saturation,2.4,2.07,TECH-006,Design limitation,Part replacement,filtration_system,mechanical,mechanical,paint_filter_set,65.48,2,0.2
F00243,PB-A2,2025-04-06,Filter saturation,1.71,1.46,TECH-005,Operator error,Design modification,filtration_system,mechanical,mechanical,paint_filter_set,68.66,1,0.08
F00244,PB-A2,2025-04-19,Filter saturation,1.56,1.54,TECH-006,Lack of preventive maintenance,Part replacement,filtration_system,mechanical,mechanical,paint_filter_set,66.09,2,0.11
F00245,PB-A2,2025-04-20,Conveyor jam,3.04,1.6,TECH-004,Overloading,Design modification,conveyor_system,mechanical,mechanical,conveyor_chain,228.39,7,0.39
F00246,CF-A1,2024-01-08,Conveyor motor fault,3.59,3.09,TECH-008,Material defect,Vendor notified,conveyor_system,electrical,electrical,motor_starter,416.22,6,0.8
F00247,CF-A1,2024-01-13,Heating element failure,2.66,3.81,TECH-008,Overloading,Operator retraining,heating_element,electrical,electrical,resistance_heating_rod,314.77,10,1.03
F00248,CF-A1,2024-01-20,Conveyor motor fault,3.89,3.83,TECH-006,Overloading,Recalibration,conveyor_system,electrical,electrical,motor_starter,205.35,7,0.8
F00249,CF-A1,2024-02-05,Heating element failure,3.7,3.47,TECH-008,Operator error,PM schedule updated,heating_element,electrical,electrical,resistance_heating_rod,325.45,10,1.38
F00250,CF-A1,2024-02-11,Control board failure,4.41,3.67,TECH-007,Material defect,Recalibration,control_panel,electrical,electrical,plc_module,961.28,14,2.0
F00251,CF-A1,2024-02-29,Heating element failure,5.73,3.05,TECH-003,Calibration drift,Design modification,heating_element,electrical,electrical,resistance_heating_rod,235.84,5,0.66
F00252,CF-A1,2024-03-07,Temperature sensor fault,5.09,2.93,TECH-007,Calibration drift,Recalibration,temperature_control,electrical,electrical,thermocouple_probe,80.77,5,1.06
F00253,CF-A1,2024-03-09,Control board failure,4.0,3.68,TECH-008,Design limitation,Design modification,control_panel,electrical,electrical,plc_module,1338.26,13,1.14
F00254,CF-A1,2024-03-10,Conveyor motor fault,4.64,3.73,TECH-006,Overloading,PM schedule updated,conveyor_system,electrical,electrical,motor_starter,266.31,7,0.78
F00255,CF-A1,2024-03-11,Conveyor motor fault,5.48,3.78,TECH-005,Operator error,Operator retraining,conveyor_system,electrical,electrical,motor_starter,201.77,8,1.3
F00256,CF-A1,2024-03-18,Temperature sensor fault,4.28,2.94,TECH-003,Operator error,Operator retraining,temperature_control,electrical,electrical,thermocouple_probe,97.58,4,1.1
F00257,CF-A1,2024-03-23,Conveyor motor fault,5.54,3.43,TECH-003,Material defect,Design modification,conveyor_system,electrical,electrical,motor_starter,356.16,5,0.72
F00258,CF-A1,2024-03-31,Heating element failure,3.88,3.5,TECH-006,Calibration drift,Design modification,heating_element,electrical,electrical,resistance_heating_rod,192.46,9,1.14
F00259,CF-A1,2024-04-06,Conveyor motor fault,3.21,2.98,TECH-006,Component wear,Operator retraining,conveyor_system,electrical,electrical,motor_starter,385.24,5,0.9
F00260,CF-A1,2024-05-28,Conveyor motor fault,4.14,2.91,TECH-008,Design limitation,Operator retraining,conveyor_system,electrical,electrical,motor_starter,340.94,3,0.6
F00261,CF-A1,2024-06-16,Control board failure,3.14,4.27,TECH-005,Lack of preventive maintenance,Design modification,control_panel,electrical,electrical,plc_module,909.11,17,2.0
F00262,CF-A1,2024-06-23,Heating element failure,6.0,3.25,TECH-001,Calibration drift,Recalibration,heating_element,electrical,electrical,resistance_heating_rod,193.23,10,1.2
F00263,CF-A1,2024-07-01,Control board failure,3.87,2.31,TECH-003,Material defect,Part replacement,control_panel,electrical,electrical,plc_module,865.39,18,0.87
F00264,CF-A1,2024-07-10,Control board failure,3.99,3.07,TECH-006,Overloading,Recalibration,control_panel,electrical,electrical,plc_module,1064.06,19,1.23
F00265,CF-A1,2024-07-15,Control board failure,4.55,4.29,TECH-001,Component wear,Design modification,control_panel,electrical,electrical,plc_module,805.36,15,1.49
F00266,CF-A1,2024-07-17,Control board failure,3.5,4.42,TECH-006,Component wear,Operator retraining,control_panel,electrical,electrical,plc_module,649.55,20,1.7
F00267,CF-A1,2024-08-13,Conveyor motor fault,3.66,4.05,TECH-008,Material defect,Recalibration,conveyor_system,electrical,electrical,motor_starter,350.82,5,1.62
F00268,CF-A1,2024-08-16,Conveyor motor fault,3.45,5.09,TECH-005,Material defect,Vendor notified,conveyor_system,electrical,electrical,motor_starter,247.61,7,1.43
F00269,CF-A1,2024-08-29,Conveyor motor fault,3.8,4.09,TECH-005,Operator error,Design modification,conveyor_system,electrical,electrical,motor_starter,208.52,3,1.63
F00270,CF-A1,2024-09-10,Conveyor motor fault,2.06,4.84,TECH-003,Design limitation,Part replacement,conveyor_system,electrical,electrical,motor_starter,346.72,6,1.54
F00271,CF-A1,2024-09-13,Control board failure,3.98,2.87,TECH-005,Calibration drift,Recalibration,control_panel,electrical,electrical,plc_module,901.74,14,1.22
F00272,CF-A1,2024-09-15,Conveyor motor fault,1.83,3.11,TECH-003,Operator error,Design modification,conveyor_system,electrical,electrical,motor_starter,207.92,8,0.85
F00273,CF-A1,2024-09-30,Heating element failure,4.22,3.73,TECH-004,Lack of preventive maintenance,Part replacement,heating_element,electrical,electrical,resistance_heating_rod,151.46,7,0.76
F00274,CF-A1,2024-10-05,Heating element failure,4.1,3.18,TECH-001,Component wear,Operator retraining,heating_element,electrical,electrical,resistance_heating_rod,246.05,6,1.04
F00275,CF-A1,2024-10-16,Heating element failure,5.07,2.96,TECH-005,Contamination,PM schedule updated,heating_element,electrical,electrical,resistance_heating_rod,219.11,7,1.16
F00276,CF-A1,2024-10-27,Heating element failure,4.58,3.33,TECH-001,Component wear,Operator retraining,heating_element,electrical,electrical,resistance_heating_rod,319.23,7,1.03
F00277,CF-A1,2024-11-20,Control board failure,5.26,4.9,TECH-008,Component wear,Vendor notified,control_panel,electrical,electrical,plc_module,813.32,12,1.76
F00278,CF-A1,2024-12-26,Temperature sensor fault,6.12,2.86,TECH-005,Operator error,PM schedule updated,temperature_control,electrical,electrical,thermocouple_probe,63.05,5,1.09
F00279,CF-A1,2024-12-29,Control board failure,5.51,3.44,TECH-003,Calibration drift,PM schedule updated,control_panel,electrical,electrical,plc_module,1014.22,21,1.54
F00280,CF-A1,2024-12-31,Control board failure,4.68,3.77,TECH-005,Component wear,Part replacement,control_panel,electrical,electrical,plc_module,1115.82,18,1.41
F00281,CF-A1,2025-01-15,Heating element failure,4.54,2.62,TECH-003,Overloading,Operator retraining,heating_element,electrical,electrical,resistance_heating_rod,194.14,6,0.61
F00282,CF-A1,2025-01-23,Heating element failure,5.54,4.04,TECH-003,Calibration drift,PM schedule updated,heating_element,electrical,electrical,resistance_heating_rod,349.21,6,1.04
F00283,CF-A1,2025-02-22,Control board failure,5.23,3.53,TECH-005,Contamination,PM schedule updated,control_panel,electrical,electrical,plc_module,1040.42,10,1.75
F00284,CF-A1,2025-03-03,Conveyor motor fault,3.47,3.26,TECH-004,Lack of preventive maintenance,Vendor notified,conveyor_system,electrical,electrical,motor_starter,282.4,7,0.96
F00285,CF-A1,2025-03-04,Conveyor motor fault,3.83,4.17,TECH-002,Design limitation,PM schedule updated,conveyor_system,electrical,electrical,motor_starter,418.7,6,1.51
F00286,CF-A1,2025-03-14,Heating element failure,4.31,3.87,TECH-008,Contamination,Operator retraining,heating_element,electrical,electrical,resistance_heating_rod,356.13,9,1.38
F00287,CF-A1,2025-03-27,Heating element failure,5.71,2.89,TECH-004,Operator error,Design modification,heating_element,electrical,electrical,resistance_heating_rod,180.37,6,0.64
F00288,CF-A1,2025-04-02,Temperature sensor fault,4.08,3.23,TECH-001,Material defect,Design modification,temperature_control,electrical,electrical,thermocouple_probe,88.28,4,1.26
F00289,CF-A1,2025-04-10,Control board failure,5.25,4.68,TECH-002,Material defect,Vendor notified,control_panel,electrical,electrical,plc_module,1000.44,21,1.45
F00290,CF-A1,2025-04-19,Temperature sensor fault,5.26,3.95,TECH-008,Component wear,Design modification,temperature_control,electrical,electrical,thermocouple_probe,111.9,3,0.87
F00291,CF-A1,2025-04-25,Conveyor motor fault,2.96,3.15,TECH-001,Overloading,PM schedule updated,conveyor_system,electrical,electrical,motor_starter,185.06,3,0.67
F00292,AS-A1,2024-01-13,Sensor fault,0.9,0.78,TECH-002,Lack of preventive maintenance,Part replacement,sensor_package,electrical,electrical,proximity_sensor,79.77,2,0.24
F00293,AS-A1,2024-02-21,Fixture misalignment,0.77,0.82,TECH-003,Overloading,PM schedule updated,fixture_system,mechanical,mechanical,fixture_pin_set,85.19,2,0.14
F00294,AS-A1,2024-04-06,Torque tool calibration,0.6,1.02,TECH-007,Operator error,Vendor notified,torque_system,software,automation,torque_transducer,263.05,3,0.32
F00295,AS-A1,2024-05-06,Sensor fault,1.05,0.74,TECH-002,Component wear,Design modification,sensor_package,electrical,electrical,proximity_sensor,99.95,3,0.19
F00296,AS-A1,2024-05-10,Pneumatic leak,1.42,1.12,TECH-001,Design limitation,Operator retraining,pneumatic_system,hydraulic,hydraulic,pneumatic_fitting,23.82,1,0.1
F00297,AS-A1,2024-05-20,Fixture misalignment,0.68,0.75,TECH-004,Calibration drift,PM schedule updated,fixture_system,mechanical,mechanical,fixture_pin_set,58.14,2,0.21
F00298,AS-A1,2024-05-21,Pneumatic leak,1.14,1.1,TECH-001,Overloading,Design modification,pneumatic_system,hydraulic,hydraulic,pneumatic_fitting,12.04,1,0.11
F00299,AS-A1,2024-06-03,Fixture misalignment,0.99,0.78,TECH-002,Operator error,Design modification,fixture_system,mechanical,mechanical,fixture_pin_set,100.59,2,0.17
F00300,AS-A1,2024-06-04,Pneumatic leak,0.65,0.66,TECH-004,Lack of preventive maintenance,Operator retraining,pneumatic_system,hydraulic,hydraulic,pneumatic_fitting,35.42,1,0.09
F00301,AS-A1,2024-06-09,Pneumatic leak,0.57,0.73,TECH-003,Design limitation,Recalibration,pneumatic_system,hydraulic,hydraulic,pneumatic_fitting,19.81,1,0.05
F00302,AS-A1,2024-06-24,Electrical short,0.94,0.66,TECH-006,Material defect,PM schedule updated,electrical_panel,electrical,electrical,circuit_breaker,57.75,1,0.22
F00303,AS-A1,2024-07-13,Torque tool calibration,1.25,0.78,TECH-005,Design limitation,Part replacement,torque_system,software,automation,torque_transducer,223.2,6,0.38
F00304,AS-A1,2024-07-20,Fixture misalignment,0.63,0.66,TECH-007,Calibration drift,Part replacement,fixture_system,mechanical,mechanical,fixture_pin_set,62.23,2,0.14
F00305,AS-A1,2024-08-21,Electrical short,1.29,0.71,TECH-006,Overloading,Operator retraining,electrical_panel,electrical,electrical,circuit_breaker,72.12,1,0.15
F00306,AS-A1,2024-08-22,Torque tool calibration,0.67,0.99,TECH-004,Material defect,PM schedule updated,torque_system,software,automation,torque_transducer,200.24,3,0.48
F00307,AS-A1,2024-09-08,Pneumatic leak,1.12,0.94,TECH-007,Overloading,Design modification,pneumatic_system,hydraulic,hydraulic,pneumatic_fitting,12.28,2,0.05
F00308,AS-A1,2024-09-14,Sensor fault,0.82,0.88,TECH-002,Calibration drift,PM schedule updated,sensor_package,electrical,electrical,proximity_sensor,51.18,2,0.29
F00309,AS-A1,2024-09-15,Sensor fault,0.94,0.7,TECH-007,Lack of preventive maintenance,Part replacement,sensor_package,electrical,electrical,proximity_sensor,62.06,2,0.22
F00310,AS-A1,2024-09-16,Electrical short,0.99,0.54,TECH-004,Calibration drift,Recalibration,electrical_panel,electrical,electrical,circuit_breaker,80.66,2,0.11
F00311,AS-A1,2024-10-04,Pneumatic leak,0.66,1.15,TECH-004,Material defect,Vendor notified,pneumatic_system,hydraulic,hydraulic,pneumatic_fitting,37.6,2,0.08
F00312,AS-A1,2024-10-05,Fixture misalignment,1.23,0.8,TECH-004,Overloading,Recalibration,fixture_system,mechanical,mechanical,fixture_pin_set,125.25,3,0.22
F00313,AS-A1,2024-10-12,Electrical short,1.0,0.65,TECH-006,Design limitation,PM schedule updated,electrical_panel,electrical,electrical,circuit_breaker,43.76,1,0.19
F00314,AS-A1,2024-10-16,Torque tool calibration,1.16,0.68,TECH-006,Material defect,PM schedule updated,torque_system,software,automation,torque_transducer,318.87,7,0.34
F00315,AS-A1,2024-10-19,Fixture misalignment,1.42,0.89,TECH-001,Design limitation,Design modification,fixture_system,mechanical,mechanical,fixture_pin_set,89.45,4,0.18
F00316,AS-A1,2024-11-13,Fixture misalignment,0.74,0.72,TECH-004,Contamination,Recalibration,fixture_system,mechanical,mechanical,fixture_pin_set,127.53,4,0.17
F00317,AS-A1,2024-11-17,Sensor fault,1.1,0.64,TECH-005,Calibration drift,Vendor notified,sensor_package,electrical,electrical,proximity_sensor,59.96,4,0.17
F00318,AS-A1,2024-11-26,Sensor fault,0.81,0.81,TECH-003,Component wear,Vendor notified,sensor_package,electrical,electrical,proximity_sensor,48.48,3,0.17
F00319,AS-A1,2024-12-03,Pneumatic leak,1.16,1.11,TECH-001,Operator error,Vendor notified,pneumatic_system,hydraulic,hydraulic,pneumatic_fitting,22.39,1,0.07
F00320,AS-A1,2024-12-04,Fixture misalignment,1.09,0.8,TECH-002,Component wear,Part replacement,fixture_system,mechanical,mechanical,fixture_pin_set,121.09,2,0.2
F00321,AS-A1,2024-12-06,Electrical short,0.88,0.82,TECH-008,Calibration drift,Part replacement,electrical_panel,electrical,electrical,circuit_breaker,73.79,3,0.31
F00322,AS-A1,2024-12-07,Electrical short,0.92,0.79,TECH-005,Design limitation,Part replacement,electrical_panel,electrical,electrical,circuit_breaker,64.82,1,0.18
F00323,AS-A1,2024-12-13,Fixture misalignment,0.88,0.64,TECH-002,Operator error,Design modification,fixture_system,mechanical,mechanical,fixture_pin_set,70.5,4,0.11
F00324,AS-A1,2024-12-14,Sensor fault,1.06,0.98,TECH-005,Overloading,Part replacement,sensor_package,electrical,electrical,proximity_sensor,84.11,4,0.39
F00325,AS-A1,2024-12-18,Fixture misalignment,0.7,0.91,TECH-005,Operator error,Vendor notified,fixture_system,mechanical,mechanical,fixture_pin_set,58.35,4,0.27
F00326,AS-A1,2025-01-30,Torque tool calibration,0.92,0.77,TECH-007,Overloading,Design modification,torque_system,software,automation,torque_transducer,314.08,3,0.25
F00327,AS-A1,2025-02-04,Pneumatic leak,0.72,0.61,TECH-008,Overloading,Vendor notified,pneumatic_system,hydraulic,hydraulic,pneumatic_fitting,38.92,1,0.06
F00328,AS-A1,2025-02-18,Pneumatic leak,0.53,0.67,TECH-001,Material defect,Recalibration,pneumatic_system,hydraulic,hydraulic,pneumatic_fitting,30.65,2,0.05
F00329,AS-A1,2025-03-11,Sensor fault,0.85,0.61,TECH-001,Operator error,Vendor notified,sensor_package,electrical,electrical,proximity_sensor,46.19,3,0.16
F00330,AS-A1,2025-04-03,Pneumatic leak,1.21,0.68,TECH-003,Contamination,Part replacement,pneumatic_system,hydraulic,hydraulic,pneumatic_fitting,31.91,2,0.09
F00331,AS-A2,2024-01-09,Torque tool calibration,0.84,0.48,TECH-002,Design limitation,Recalibration,torque_system,software,automation,torque_transducer,169.63,3,0.17
F00332,AS-A2,2024-01-16,Electrical short,0.5,0.59,TECH-006,Overloading,Vendor notified,electrical_panel,electrical,electrical,circuit_breaker,82.18,2,0.15
F00333,AS-A2,2024-01-17,Electrical short,1.18,0.68,TECH-006,Lack of preventive maintenance,Part replacement,electrical_panel,electrical,electrical,circuit_breaker,65.87,1,0.19
F00334,AS-A2,2024-01-22,Electrical short,0.94,0.59,TECH-007,Contamination,Part replacement,electrical_panel,electrical,electrical,circuit_breaker,70.01,2,0.2
F00335,AS-A2,2024-01-31,Fixture misalignment,0.89,0.55,TECH-006,Overloading,Operator retraining,fixture_system,mechanical,mechanical,fixture_pin_set,107.32,2,0.16
F00336,AS-A2,2024-02-01,Electrical short,0.66,0.63,TECH-005,Material defect,Vendor notified,electrical_panel,electrical,electrical,circuit_breaker,53.99,3,0.19
F00337,AS-A2,2024-02-02,Fixture misalignment,0.82,0.84,TECH-007,Contamination,PM schedule updated,fixture_system,mechanical,mechanical,fixture_pin_set,59.08,2,0.19
F00338,AS-A2,2024-02-03,Sensor fault,1.02,0.7,TECH-005,Operator error,Recalibration,sensor_package,electrical,electrical,proximity_sensor,75.86,5,0.15
F00339,AS-A2,2024-02-04,Electrical short,0.6,0.78,TECH-007,Operator error,Part replacement,electrical_panel,electrical,electrical,circuit_breaker,83.16,2,0.26
F00340,AS-A2,2024-02-05,Sensor fault,0.57,0.64,TECH-007,Lack of preventive maintenance,PM schedule updated,sensor_package,electrical,electrical,proximity_sensor,54.4,3,0.25
F00341,AS-A2,2024-02-10,Electrical short,0.9,0.48,TECH-004,Component wear,Vendor notified,electrical_panel,electrical,electrical,circuit_breaker,39.06,3,0.18
F00342,AS-A2,2024-02-14,Torque tool calibration,0.95,0.79,TECH-003,Operator error,Recalibration,torque_system,software,automation,torque_transducer,397.71,3,0.27
F00343,AS-A2,2024-02-19,Pneumatic leak,0.63,0.78,TECH-006,Design limitation,Recalibration,pneumatic_system,hydraulic,hydraulic,pneumatic_fitting,26.09,2,0.11
F00344,AS-A2,2024-03-02,Torque tool calibration,0.55,0.71,TECH-002,Component wear,PM schedule updated,torque_system,software,automation,torque_transducer,261.66,6,0.29
F00345,AS-A2,2024-03-03,Torque tool calibration,0.52,0.86,TECH-006,Calibration drift,PM schedule updated,torque_system,software,automation,torque_transducer,354.14,6,0.39
F00346,AS-A2,2024-03-08,Electrical short,0.98,0.52,TECH-003,Design limitation,PM schedule updated,electrical_panel,electrical,electrical,circuit_breaker,63.34,3,0.11
F00347,AS-A2,2024-03-16,Fixture misalignment,0.76,0.55,TECH-007,Contamination,PM schedule updated,fixture_system,mechanical,mechanical,fixture_pin_set,136.65,4,0.15
F00348,AS-A2,2024-03-28,Fixture misalignment,0.5,0.43,TECH-006,Overloading,PM schedule updated,fixture_system,mechanical,mechanical,fixture_pin_set,66.69,4,0.08
F00349,AS-A2,2024-04-13,Electrical short,0.76,0.74,TECH-004,Component wear,Vendor notified,electrical_panel,electrical,electrical,circuit_breaker,74.1,2,0.29
F00350,AS-A2,2024-04-26,Fixture misalignment,1.17,0.74,TECH-008,Design limitation,Vendor notified,fixture_system,mechanical,mechanical,fixture_pin_set,90.81,2,0.19
F00351,AS-A2,2024-04-27,Torque tool calibration,1.06,0.5,TECH-003,Design limitation,Recalibration,torque_system,software,automation,torque_transducer,391.33,6,0.18
F00352,AS-A2,2024-04-29,Torque tool calibration,0.96,0.82,TECH-002,Calibration drift,Design modification,torque_system,software,automation,torque_transducer,320.23,4,0.34
F00353,AS-A2,2024-05-05,Torque tool calibration,0.64,0.8,TECH-001,Contamination,Vendor notified,torque_system,software,automation,torque_transducer,269.33,3,0.39
F00354,AS-A2,2024-05-26,Pneumatic leak,0.55,0.65,TECH-002,Material defect,Vendor notified,pneumatic_system,hydraulic,hydraulic,pneumatic_fitting,26.03,2,0.05
F00355,AS-A2,2024-06-05,Electrical short,0.99,0.87,TECH-007,Contamination,Operator retraining,electrical_panel,electrical,electrical,circuit_breaker,51.39,2,0.2
F00356,AS-A2,2024-06-06,Electrical short,0.96,0.76,TECH-004,Calibration drift,PM schedule updated,electrical_panel,electrical,electrical,circuit_breaker,38.1,2,0.26
F00357,AS-A2,2024-06-10,Electrical short,0.88,0.52,TECH-003,Contamination,Part replacement,electrical_panel,electrical,electrical,circuit_breaker,49.05,1,0.13
F00358,AS-A2,2024-06-16,Pneumatic leak,0.71,1.0,TECH-002,Component wear,PM schedule updated,pneumatic_system,hydraulic,hydraulic,pneumatic_fitting,14.97,2,0.13
F00359,AS-A2,2024-06-19,Torque tool calibration,0.7,0.73,TECH-006,Calibration drift,Part replacement,torque_system,software,automation,torque_transducer,389.66,4,0.25
F00360,AS-A2,2024-06-24,Sensor fault,0.78,0.58,TECH-001,Operator error,Part replacement,sensor_package,electrical,electrical,proximity_sensor,57.42,3,0.18
F00361,AS-A2,2024-07-12,Fixture misalignment,0.65,0.53,TECH-004,Component wear,Design modification,fixture_system,mechanical,mechanical,fixture_pin_set,98.75,3,0.08
F00362,AS-A2,2024-07-13,Fixture misalignment,0.5,0.57,TECH-007,Component wear,Recalibration,fixture_system,mechanical,mechanical,fixture_pin_set,99.89,2,0.17
F00363,AS-A2,2024-07-22,Electrical short,0.79,0.71,TECH-004,Calibration drift,Design modification,electrical_panel,electrical,electrical,circuit_breaker,68.46,3,0.16
F00364,AS-A2,2024-07-27,Sensor fault,0.99,0.7,TECH-002,Operator error,Design modification,sensor_package,electrical,electrical,proximity_sensor,62.95,3,0.18
F00365,AS-A2,2024-07-28,Sensor fault,0.73,0.84,TECH-008,Contamination,Design modification,sensor_package,electrical,electrical,proximity_sensor,105.48,3,0.32
F00366,AS-A2,2024-08-01,Sensor fault,0.76,0.74,TECH-008,Component wear,Vendor notified,sensor_package,electrical,electrical,proximity_sensor,123.72,5,0.29
F00367,AS-A2,2024-08-12,Pneumatic leak,0.75,0.88,TECH-003,Contamination,Part replacement,pneumatic_system,hydraulic,hydraulic,pneumatic_fitting,40.59,2,0.06
F00368,AS-A2,2024-08-14,Fixture misalignment,0.99,0.79,TECH-007,Overloading,Design modification,fixture_system,mechanical,mechanical,fixture_pin_set,84.49,2,0.18
F00369,AS-A2,2024-08-15,Electrical short,0.74,0.76,TECH-003,Component wear,Operator retraining,electrical_panel,electrical,electrical,circuit_breaker,34.01,3,0.25
F00370,AS-A2,2024-08-18,Electrical short,1.0,0.95,TECH-001,Contamination,Part replacement,electrical_panel,electrical,electrical,circuit_breaker,61.63,3,0.22
F00371,AS-A2,2024-08-24,Electrical short,0.91,0.83,TECH-008,Overloading,Vendor notified,electrical_panel,electrical,electrical,circuit_breaker,43.7,2,0.31
F00372,AS-A2,2024-08-30,Fixture misalignment,0.78,0.55,TECH-002,Lack of preventive maintenance,Recalibration,fixture_system,mechanical,mechanical,fixture_pin_set,108.83,2,0.14
F00373,AS-A2,2024-09-02,Fixture misalignment,0.8,0.87,TECH-008,Calibration drift,Design modification,fixture_system,mechanical,mechanical,fixture_pin_set,83.75,4,0.18
F00374,AS-A2,2024-09-08,Electrical short,0.69,0.65,TECH-006,Lack of preventive maintenance,Vendor notified,electrical_panel,electrical,electrical,circuit_breaker,75.12,2,0.23
F00375,AS-A2,2024-09-13,Fixture misalignment,0.88,0.84,TECH-005,Lack of preventive maintenance,Operator retraining,fixture_system,mechanical,mechanical,fixture_pin_set,75.99,3,0.14
F00376,AS-A2,2024-09-15,Pneumatic leak,0.9,0.65,TECH-004,Material defect,Vendor notified,pneumatic_system,hydraulic,hydraulic,pneumatic_fitting,38.88,2,0.04
F00377,AS-A2,2024-09-23,Torque tool calibration,0.64,0.88,TECH-003,Component wear,Recalibration,torque_system,software,automation,torque_transducer,232.46,3,0.3
F00378,AS-A2,2024-10-09,Electrical short,0.93,0.53,TECH-005,Component wear,PM schedule updated,electrical_panel,electrical,electrical,circuit_breaker,53.64,3,0.15
F00379,AS-A2,2024-11-15,Electrical short,0.77,0.88,TECH-002,Component wear,Operator retraining,electrical_panel,electrical,electrical,circuit_breaker,43.21,3,0.33
F00380,AS-A2,2024-12-09,Fixture misalignment,1.26,0.69,TECH-003,Material defect,Recalibration,fixture_system,mechanical,mechanical,fixture_pin_set,134.09,4,0.14
F00381,AS-A2,2024-12-20,Torque tool calibration,1.01,0.49,TECH-008,Component wear,Design modification,torque_system,software,automation,torque_transducer,300.37,6,0.17
F00382,AS-A2,2024-12-29,Pneumatic leak,0.7,0.6,TECH-002,Overloading,Design modification,pneumatic_system,hydraulic,hydraulic,pneumatic_fitting,16.84,1,0.09
F00383,AS-A2,2025-01-11,Torque tool calibration,0.69,0.43,TECH-008,Contamination,Design modification,torque_system,software,automation,torque_transducer,391.44,3,0.17
F00384,AS-A2,2025-01-12,Torque tool calibration,0.89,0.48,TECH-006,Operator error,Design modification,torque_system,software,automation,torque_transducer,290.11,6,0.19
F00385,AS-A2,2025-01-16,Torque tool calibration,1.22,0.65,TECH-005,Contamination,PM schedule updated,torque_system,software,automation,torque_transducer,301.82,7,0.21
F00386,AS-A2,2025-01-19,Torque tool calibration,0.6,0.61,TECH-006,Lack of preventive maintenance,Part replacement,torque_system,software,automation,torque_transducer,197.04,5,0.3
F00387,AS-A2,2025-01-20,Pneumatic leak,0.89,0.55,TECH-003,Calibration drift,Operator retraining,pneumatic_system,hydraulic,hydraulic,pneumatic_fitting,26.46,2,0.04
F00388,AS-A2,2025-01-21,Fixture misalignment,0.98,0.68,TECH-005,Component wear,PM schedule updated,fixture_system,mechanical,mechanical,fixture_pin_set,106.23,4,0.12
F00389,AS-A2,2025-01-22,Fixture misalignment,0.78,0.74,TECH-001,Overloading,Vendor notified,fixture_system,mechanical,mechanical,fixture_pin_set,80.03,4,0.12
F00390,AS-A2,2025-01-25,Pneumatic leak,0.79,0.6,TECH-002,Lack of preventive maintenance,Recalibration,pneumatic_system,hydraulic,hydraulic,pneumatic_fitting,39.51,1,0.05
F00391,AS-A2,2025-01-31,Torque tool calibration,0.94,0.77,TECH-001,Lack of preventive maintenance,Vendor notified,torque_system,software,automation,torque_transducer,320.07,3,0.29
F00392,AS-A2,2025-02-04,Fixture misalignment,1.14,0.89,TECH-008,Operator error,Recalibration,fixture_system,mechanical,mechanical,fixture_pin_set,104.27,3,0.16
F00393,AS-A2,2025-02-08,Sensor fault,0.83,0.64,TECH-006,Design limitation,Recalibration,sensor_package,electrical,electrical,proximity_sensor,124.05,2,0.22
F00394,AS-A2,2025-02-12,Fixture misalignment,1.01,0.44,TECH-002,Lack of preventive maintenance,Design modification,fixture_system,mechanical,mechanical,fixture_pin_set,98.78,4,0.08
F00395,AS-A2,2025-02-22,Fixture misalignment,0.53,0.78,TECH-007,Calibration drift,Recalibration,fixture_system,mechanical,mechanical,fixture_pin_set,138.1,4,0.12
F00396,AS-A2,2025-02-23,Electrical short,1.12,0.84,TECH-007,Contamination,Operator retraining,electrical_panel,electrical,electrical,circuit_breaker,49.23,2,0.3
F00397,AS-A2,2025-02-26,Pneumatic leak,0.95,0.79,TECH-004,Design limitation,Vendor notified,pneumatic_system,hydraulic,hydraulic,pneumatic_fitting,30.68,1,0.1
F00398,AS-A2,2025-02-27,Fixture misalignment,1.09,0.47,TECH-004,Overloading,PM schedule updated,fixture_system,mechanical,mechanical,fixture_pin_set,76.44,4,0.14
F00399,AS-A2,2025-03-08,Fixture misalignment,0.92,0.46,TECH-008,Overloading,Part replacement,fixture_system,mechanical,mechanical,fixture_pin_set,96.11,2,0.07
F00400,AS-A2,2025-03-10,Pneumatic leak,0.79,0.66,TECH-006,Contamination,Recalibration,pneumatic_system,hydraulic,hydraulic,pneumatic_fitting,41.8,2,0.05
F00401,AS-A2,2025-03-14,Electrical short,0.96,0.58,TECH-003,Calibration drift,Part replacement,electrical_panel,electrical,electrical,circuit_breaker,31.85,2,0.13
F00402,AS-A2,2025-03-15,Pneumatic leak,0.99,0.74,TECH-001,Overloading,Design modification,pneumatic_system,hydraulic,hydraulic,pneumatic_fitting,16.57,1,0.08
F00403,AS-A2,2025-03-18,Torque tool calibration,0.76,0.47,TECH-007,Operator error,Vendor notified,torque_system,software,automation,torque_transducer,265.2,3,0.17
F00404,AS-A2,2025-03-25,Sensor fault,0.71,0.62,TECH-002,Material defect,Recalibration,sensor_package,electrical,electrical,proximity_sensor,102.27,5,0.18
F00405,AS-A2,2025-04-01,Pneumatic leak,0.61,0.83,TECH-005,Overloading,Vendor notified,pneumatic_system,hydraulic,hydraulic,pneumatic_fitting,31.8,2,0.08
F00406,AS-A3,2024-01-03,Pneumatic leak,1.1,1.31,TECH-008,Lack of preventive maintenance,PM schedule updated,pneumatic_system,hydraulic,hydraulic,pneumatic_fitting,40.5,2,0.11
F00407,AS-A3,2024-01-13,Pneumatic leak,0.99,0.81,TECH-003,Lack of preventive maintenance,Recalibration,pneumatic_system,hydraulic,hydraulic,pneumatic_fitting,17.32,1,0.11
F00408,AS-A3,2024-01-19,Sensor fault,0.89,1.08,TECH-003,Contamination,Recalibration,sensor_package,electrical,electrical,proximity_sensor,45.34,4,0.31
F00409,AS-A3,2024-02-01,Pneumatic leak,1.39,0.69,TECH-001,Contamination,Operator retraining,pneumatic_system,hydraulic,hydraulic,pneumatic_fitting,38.77,2,0.1
F00410,AS-A3,2024-02-04,Electrical short,1.47,1.01,TECH-002,Calibration drift,Operator retraining,electrical_panel,electrical,electrical,circuit_breaker,60.95,3,0.34
F00411,AS-A3,2024-02-11,Fixture misalignment,1.58,1.02,TECH-006,Component wear,PM schedule updated,fixture_system,mechanical,mechanical,fixture_pin_set,84.32,3,0.21
F00412,AS-A3,2024-02-25,Pneumatic leak,1.4,0.73,TECH-004,Lack of preventive maintenance,Part replacement,pneumatic_system,hydraulic,hydraulic,pneumatic_fitting,34.16,2,0.07
F00413,AS-A3,2024-03-15,Sensor fault,1.16,0.9,TECH-007,Component wear,Recalibration,sensor_package,electrical,electrical,proximity_sensor,88.63,2,0.27
F00414,AS-A3,2024-04-10,Torque tool calibration,1.29,0.72,TECH-004,Contamination,Recalibration,torque_system,software,automation,torque_transducer,396.31,6,0.28
F00415,AS-A3,2024-04-15,Pneumatic leak,1.04,0.76,TECH-006,Operator error,Design modification,pneumatic_system,hydraulic,hydraulic,pneumatic_fitting,31.41,1,0.07
F00416,AS-A3,2024-04-26,Electrical short,1.26,0.94,TECH-001,Overloading,Part replacement,electrical_panel,electrical,electrical,circuit_breaker,55.28,2,0.21
F00417,AS-A3,2024-05-16,Sensor fault,1.39,0.67,TECH-006,Operator error,Design modification,sensor_package,electrical,electrical,proximity_sensor,49.61,3,0.22
F00418,AS-A3,2024-05-22,Sensor fault,0.93,1.01,TECH-004,Calibration drift,PM schedule updated,sensor_package,electrical,electrical,proximity_sensor,97.02,4,0.21
F00419,AS-A3,2024-05-30,Fixture misalignment,0.62,0.91,TECH-004,Component wear,Part replacement,fixture_system,mechanical,mechanical,fixture_pin_set,86.41,4,0.24
F00420,AS-A3,2024-06-25,Pneumatic leak,1.41,0.93,TECH-006,Lack of preventive maintenance,Vendor notified,pneumatic_system,hydraulic,hydraulic,pneumatic_fitting,37.82,1,0.07
F00421,AS-A3,2024-06-29,Fixture misalignment,1.06,0.75,TECH-004,Overloading,Operator retraining,fixture_system,mechanical,mechanical,fixture_pin_set,116.1,2,0.14
F00422,AS-A3,2024-07-31,Sensor fault,1.23,0.88,TECH-002,Lack of preventive maintenance,Recalibration,sensor_package,electrical,electrical,proximity_sensor,53.51,2,0.23
F00423,AS-A3,2024-08-22,Sensor fault,0.66,0.87,TECH-008,Operator error,Design modification,sensor_package,electrical,electrical,proximity_sensor,98.0,5,0.21
F00424,AS-A3,2024-08-23,Pneumatic leak,1.41,1.15,TECH-001,Overloading,Vendor notified,pneumatic_system,hydraulic,hydraulic,pneumatic_fitting,28.26,2,0.14
F00425,AS-A3,2024-09-25,Sensor fault,1.1,1.04,TECH-007,Contamination,PM schedule updated,sensor_package,electrical,electrical,proximity_sensor,121.09,4,0.26
F00426,AS-A3,2024-10-01,Fixture misalignment,1.15,1.33,TECH-002,Component wear,Part replacement,fixture_system,mechanical,mechanical,fixture_pin_set,112.42,3,0.26
F00427,AS-A3,2024-10-02,Electrical short,0.81,0.94,TECH-006,Material defect,Operator retraining,electrical_panel,electrical,electrical,circuit_breaker,88.52,2,0.32
F00428,AS-A3,2024-10-05,Fixture misalignment,1.07,0.99,TECH-005,Lack of preventive maintenance,Recalibration,fixture_system,mechanical,mechanical,fixture_pin_set,60.02,3,0.21
F00429,AS-A3,2024-10-23,Fixture misalignment,1.02,0.97,TECH-006,Overloading,Design modification,fixture_system,mechanical,mechanical,fixture_pin_set,134.13,4,0.21
F00430,AS-A3,2024-10-24,Fixture misalignment,0.93,1.22,TECH-001,Overloading,Operator retraining,fixture_system,mechanical,mechanical,fixture_pin_set,139.43,3,0.34
F00431,AS-A3,2024-11-01,Pneumatic leak,0.97,0.88,TECH-003,Operator error,Part replacement,pneumatic_system,hydraulic,hydraulic,pneumatic_fitting,21.67,2,0.09
F00432,AS-A3,2024-11-02,Fixture misalignment,1.12,0.77,TECH-007,Contamination,Vendor notified,fixture_system,mechanical,mechanical,fixture_pin_set,113.0,3,0.15
F00433,AS-A3,2024-11-11,Sensor fault,0.86,0.71,TECH-002,Lack of preventive maintenance,Part replacement,sensor_package,electrical,electrical,proximity_sensor,62.27,3,0.27
F00434,AS-A3,2024-11-13,Pneumatic leak,0.78,0.64,TECH-006,Operator error,Part replacement,pneumatic_system,hydraulic,hydraulic,pneumatic_fitting,37.3,2,0.09
F00435,AS-A3,2024-12-11,Torque tool calibration,1.66,1.03,TECH-007,Calibration drift,Part replacement,torque_system,software,automation,torque_transducer,354.97,7,0.47
F00436,AS-A3,2024-12-15,Fixture misalignment,0.85,0.97,TECH-005,Design limitation,Operator retraining,fixture_system,mechanical,mechanical,fixture_pin_set,99.81,4,0.21
F00437,AS-A3,2025-01-05,Fixture misalignment,1.45,0.95,TECH-005,Calibration drift,Operator retraining,fixture_system,mechanical,mechanical,fixture_pin_set,78.9,3,0.18
F00438,AS-A3,2025-01-26,Torque tool calibration,0.97,0.91,TECH-003,Overloading,Recalibration,torque_system,software,automation,torque_transducer,230.74,6,0.38
F00439,AS-A3,2025-02-05,Electrical short,1.14,0.77,TECH-001,Overloading,Vendor notified,electrical_panel,electrical,electrical,circuit_breaker,53.42,1,0.28
F00440,AS-A3,2025-02-09,Electrical short,0.78,0.84,TECH-006,Overloading,PM schedule updated,electrical_panel,electrical,electrical,circuit_breaker,81.36,1,0.2
F00441,AS-A3,2025-02-10,Sensor fault,1.0,1.01,TECH-001,Calibration drift,Design modification,sensor_package,electrical,electrical,proximity_sensor,42.62,2,0.36
F00442,AS-A3,2025-02-14,Fixture misalignment,0.91,0.83,TECH-002,Material defect,Vendor notified,fixture_system,mechanical,mechanical,fixture_pin_set,131.01,3,0.14
F00443,AS-A3,2025-02-16,Pneumatic leak,0.61,0.83,TECH-004,Overloading,PM schedule updated,pneumatic_system,hydraulic,hydraulic,pneumatic_fitting,35.23,2,0.07
F00444,AS-A3,2025-03-15,Fixture misalignment,1.25,0.89,TECH-006,Contamination,Design modification,fixture_system,mechanical,mechanical,fixture_pin_set,144.88,2,0.16
F00445,AS-A3,2025-03-16,Electrical short,0.88,0.48,TECH-003,Material defect,Operator retraining,electrical_panel,electrical,electrical,circuit_breaker,37.55,1,0.16
F00446,AS-A3,2025-03-23,Pneumatic leak,1.11,0.94,TECH-004,Material defect,Part replacement,pneumatic_system,hydraulic,hydraulic,pneumatic_fitting,39.99,1,0.14
F00447,AS-A3,2025-03-30,Fixture misalignment,1.68,0.9,TECH-003,Contamination,Vendor notified,fixture_system,mechanical,mechanical,fixture_pin_set,64.06,4,0.24
F00448,AS-A3,2025-03-31,Pneumatic leak,1.26,0.56,TECH-001,Component wear,Design modification,pneumatic_system,hydraulic,hydraulic,pneumatic_fitting,20.12,1,0.08
F00449,AS-A3,2025-04-12,Electrical short,1.16,0.97,TECH-006,Operator error,PM schedule updated,electrical_panel,electrical,electrical,circuit_breaker,69.13,2,0.36
F00450,AS-A3,2025-04-24,Sensor fault,0.89,0.7,TECH-005,Contamination,Recalibration,sensor_package,electrical,electrical,proximity_sensor,56.64,2,0.2
F00451,AS-A4,2024-01-14,Torque tool calibration,0.64,0.89,TECH-006,Component wear,Vendor notified,torque_system,software,automation,torque_transducer,305.81,4,0.39
F00452,AS-A4,2024-02-19,Sensor fault,0.77,0.46,TECH-004,Component wear,Operator retraining,sensor_package,electrical,electrical,proximity_sensor,96.17,4,0.18
F00453,AS-A4,2024-02-22,Pneumatic leak,0.91,0.72,TECH-007,Lack of preventive maintenance,Recalibration,pneumatic_system,hydraulic,hydraulic,pneumatic_fitting,41.98,1,0.04
F00454,AS-A4,2024-03-02,Fixture misalignment,1.51,0.6,TECH-002,Calibration drift,Recalibration,fixture_system,mechanical,mechanical,fixture_pin_set,121.32,3,0.18
F00455,AS-A4,2024-03-06,Sensor fault,1.16,0.87,TECH-003,Operator error,Vendor notified,sensor_package,electrical,electrical,proximity_sensor,68.42,3,0.25
F00456,AS-A4,2024-03-17,Pneumatic leak,0.93,0.66,TECH-005,Material defect,Recalibration,pneumatic_system,hydraulic,hydraulic,pneumatic_fitting,13.54,1,0.08
F00457,AS-A4,2024-03-29,Pneumatic leak,0.71,1.03,TECH-001,Overloading,Operator retraining,pneumatic_system,hydraulic,hydraulic,pneumatic_fitting,22.6,1,0.14
F00458,AS-A4,2024-04-11,Torque tool calibration,1.45,0.74,TECH-007,Contamination,Design modification,torque_system,software,automation,torque_transducer,374.41,6,0.28
F00459,AS-A4,2024-04-15,Electrical short,1.16,0.55,TECH-004,Component wear,Operator retraining,electrical_panel,electrical,electrical,circuit_breaker,47.94,1,0.2
F00460,AS-A4,2024-04-16,Sensor fault,1.07,0.69,TECH-005,Operator error,Part replacement,sensor_package,electrical,electrical,proximity_sensor,82.77,4,0.26
F00461,AS-A4,2024-04-20,Pneumatic leak,1.07,0.74,TECH-002,Contamination,Design modification,pneumatic_system,hydraulic,hydraulic,pneumatic_fitting,16.32,2,0.04
F00462,AS-A4,2024-06-02,Torque tool calibration,1.25,0.64,TECH-003,Overloading,Recalibration,torque_system,software,automation,torque_transducer,204.15,7,0.26
F00463,AS-A4,2024-06-03,Torque tool calibration,0.64,1.18,TECH-005,Design limitation,PM schedule updated,torque_system,software,automation,torque_transducer,182.22,5,0.35
F00464,AS-A4,2024-06-05,Torque tool calibration,1.26,0.86,TECH-003,Lack of preventive maintenance,PM schedule updated,torque_system,software,automation,torque_transducer,276.26,3,0.39
F00465,AS-A4,2024-06-06,Electrical short,1.34,0.96,TECH-008,Material defect,Part replacement,electrical_panel,electrical,electrical,circuit_breaker,30.16,2,0.35
F00466,AS-A4,2024-06-07,Pneumatic leak,1.06,0.92,TECH-008,Operator error,PM schedule updated,pneumatic_system,hydraulic,hydraulic,pneumatic_fitting,17.04,2,0.06
F00467,AS-A4,2024-06-23,Sensor fault,0.5,0.86,TECH-002,Overloading,Recalibration,sensor_package,electrical,electrical,proximity_sensor,113.45,3,0.26
F00468,AS-A4,2024-06-27,Pneumatic leak,0.85,0.87,TECH-005,Calibration drift,Operator retraining,pneumatic_system,hydraulic,hydraulic,pneumatic_fitting,36.58,2,0.05
F00469,AS-A4,2024-06-30,Fixture misalignment,1.12,0.62,TECH-002,Operator error,Vendor notified,fixture_system,mechanical,mechanical,fixture_pin_set,92.32,3,0.12
F00470,AS-A4,2024-07-04,Electrical short,0.5,0.69,TECH-004,Lack of preventive maintenance,Operator retraining,electrical_panel,electrical,electrical,circuit_breaker,74.64,3,0.21
F00471,AS-A4,2024-07-21,Torque tool calibration,0.7,0.9,TECH-004,Calibration drift,PM schedule updated,torque_system,software,automation,torque_transducer,356.32,6,0.34
F00472,AS-A4,2024-07-22,Electrical short,1.27,0.65,TECH-003,Operator error,Operator retraining,electrical_panel,electrical,electrical,circuit_breaker,41.59,2,0.16
F00473,AS-A4,2024-07-23,Fixture misalignment,1.6,0.76,TECH-003,Lack of preventive maintenance,Operator retraining,fixture_system,mechanical,mechanical,fixture_pin_set,123.38,4,0.12
F00474,AS-A4,2024-07-24,Fixture misalignment,0.89,0.7,TECH-005,Contamination,Vendor notified,fixture_system,mechanical,mechanical,fixture_pin_set,73.34,2,0.12
F00475,AS-A4,2024-08-18,Torque tool calibration,1.18,0.86,TECH-006,Design limitation,Design modification,torque_system,software,automation,torque_transducer,374.89,3,0.43
F00476,AS-A4,2024-08-24,Electrical short,1.26,0.6,TECH-007,Operator error,Operator retraining,electrical_panel,electrical,electrical,circuit_breaker,36.51,2,0.2
F00477,AS-A4,2024-08-25,Pneumatic leak,0.67,0.71,TECH-002,Operator error,PM schedule updated,pneumatic_system,hydraulic,hydraulic,pneumatic_fitting,25.46,2,0.1
F00478,AS-A4,2024-09-15,Sensor fault,1.32,0.58,TECH-007,Calibration drift,Design modification,sensor_package,electrical,electrical,proximity_sensor,122.97,3,0.22
F00479,AS-A4,2024-09-24,Fixture misalignment,1.15,0.83,TECH-007,Lack of preventive maintenance,Operator retraining,fixture_system,mechanical,mechanical,fixture_pin_set,74.73,3,0.21
F00480,AS-A4,2024-10-16,Torque tool calibration,0.87,0.9,TECH-005,Contamination,Part replacement,torque_system,software,automation,torque_transducer,238.72,4,0.4
F00481,AS-A4,2024-10-20,Torque tool calibration,1.02,0.67,TECH-002,Material defect,Recalibration,torque_system,software,automation,torque_transducer,309.44,6,0.31
F00482,AS-A4,2024-10-23,Sensor fault,0.94,0.52,TECH-005,Overloading,Design modification,sensor_package,electrical,electrical,proximity_sensor,100.97,4,0.11
F00483,AS-A4,2024-11-02,Torque tool calibration,1.02,0.9,TECH-008,Contamination,Part replacement,torque_system,software,automation,torque_transducer,177.61,7,0.36
F00484,AS-A4,2024-11-09,Electrical short,1.07,0.92,TECH-007,Component wear,Design modification,electrical_panel,electrical,electrical,circuit_breaker,44.13,2,0.26
F00485,AS-A4,2024-12-01,Fixture misalignment,1.11,0.82,TECH-001,Material defect,Part replacement,fixture_system,mechanical,mechanical,fixture_pin_set,123.94,2,0.19
F00486,AS-A4,2024-12-07,Sensor fault,1.29,0.68,TECH-006,Calibration drift,Design modification,sensor_package,electrical,electrical,proximity_sensor,73.99,5,0.17
F00487,AS-A4,2024-12-12,Fixture misalignment,1.28,0.69,TECH-006,Calibration drift,Design modification,fixture_system,mechanical,mechanical,fixture_pin_set,103.41,2,0.16
F00488,AS-A4,2024-12-18,Electrical short,1.22,0.76,TECH-006,Contamination,Recalibration,electrical_panel,electrical,electrical,circuit_breaker,69.95,1,0.16
F00489,AS-A4,2025-01-05,Pneumatic leak,0.94,1.1,TECH-005,Lack of preventive maintenance,Operator retraining,pneumatic_system,hydraulic,hydraulic,pneumatic_fitting,12.03,1,0.15
F00490,AS-A4,2025-01-06,Fixture misalignment,1.21,0.58,TECH-004,Material defect,Vendor notified,fixture_system,mechanical,mechanical,fixture_pin_set,114.23,2,0.1
F00491,AS-A4,2025-01-08,Pneumatic leak,0.79,0.64,TECH-008,Component wear,Vendor notified,pneumatic_system,hydraulic,hydraulic,pneumatic_fitting,38.71,1,0.06
F00492,AS-A4,2025-01-09,Electrical short,1.01,0.69,TECH-005,Design limitation,Operator retraining,electrical_panel,electrical,electrical,circuit_breaker,86.0,2,0.15
F00493,AS-A4,2025-02-01,Fixture misalignment,1.12,0.66,TECH-008,Design limitation,Vendor notified,fixture_system,mechanical,mechanical,fixture_pin_set,76.72,3,0.12
F00494,AS-A4,2025-02-08,Pneumatic leak,0.73,0.65,TECH-006,Design limitation,PM schedule updated,pneumatic_system,hydraulic,hydraulic,pneumatic_fitting,32.39,2,0.05
F00495,AS-A4,2025-02-20,Sensor fault,0.74,0.82,TECH-006,Design limitation,PM schedule updated,sensor_package,electrical,electrical,proximity_sensor,50.23,3,0.23
F00496,AS-A4,2025-03-03,Fixture misalignment,1.29,0.73,TECH-003,Material defect,Part replacement,fixture_system,mechanical,mechanical,fixture_pin_set,73.32,2,0.12
F00497,AS-A4,2025-03-20,Sensor fault,1.06,0.6,TECH-003,Lack of preventive maintenance,Vendor notified,sensor_package,electrical,electrical,proximity_sensor,113.4,2,0.16
F00498,AS-A4,2025-03-27,Torque tool calibration,0.81,1.13,TECH-007,Lack of preventive maintenance,Design modification,torque_system,software,automation,torque_transducer,179.09,4,0.42
F00499,AS-A4,2025-04-08,Fixture misalignment,0.82,0.75,TECH-008,Contamination,Design modification,fixture_system,mechanical,mechanical,fixture_pin_set,81.04,4,0.14
F00500,AS-A4,2025-04-11,Electrical short,1.13,1.01,TECH-003,Design limitation,Part replacement,electrical_panel,electrical,electrical,circuit_breaker,83.08,2,0.39
F00501,AS-A4,2025-04-17,Electrical short,0.94,0.54,TECH-003,Contamination,Vendor notified,electrical_panel,electrical,electrical,circuit_breaker,34.19,3,0.12
F00502,AS-A4,2025-04-18,Sensor fault,0.72,1.01,TECH-007,Contamination,PM schedule updated,sensor_package,electrical,electrical,proximity_sensor,93.42,2,0.23
F00503,AS-A4,2025-04-21,Torque tool calibration,0.83,1.1,TECH-001,Operator error,Operator retraining,torque_system,software,automation,torque_transducer,382.36,7,0.51
F00504,AS-A5,2024-01-07,Sensor fault,1.4,0.85,TECH-007,Lack of preventive maintenance,Recalibration,sensor_package,electrical,electrical,proximity_sensor,85.66,5,0.34
F00505,AS-A5,2024-01-08,Electrical short,1.29,1.2,TECH-008,Component wear,PM schedule updated,electrical_panel,electrical,electrical,circuit_breaker,30.74,1,0.32
F00506,AS-A5,2024-01-25,Sensor fault,1.25,1.07,TECH-003,Contamination,Vendor notified,sensor_package,electrical,electrical,proximity_sensor,120.74,3,0.34
F00507,AS-A5,2024-01-26,Fixture misalignment,1.0,1.04,TECH-003,Calibration drift,Part replacement,fixture_system,mechanical,mechanical,fixture_pin_set,128.14,4,0.31
F00508,AS-A5,2024-01-27,Torque tool calibration,0.91,1.09,TECH-008,Overloading,Part replacement,torque_system,software,automation,torque_transducer,292.15,3,0.43
F00509,AS-A5,2024-01-28,Pneumatic leak,1.29,1.18,TECH-006,Material defect,Part replacement,pneumatic_system,hydraulic,hydraulic,pneumatic_fitting,41.13,2,0.11
F00510,AS-A5,2024-02-06,Sensor fault,1.04,0.89,TECH-005,Component wear,Part replacement,sensor_package,electrical,electrical,proximity_sensor,90.53,3,0.2
F00511,AS-A5,2024-02-10,Pneumatic leak,1.05,0.94,TECH-005,Design limitation,Operator retraining,pneumatic_system,hydraulic,hydraulic,pneumatic_fitting,21.63,1,0.06
F00512,AS-A5,2024-02-21,Fixture misalignment,0.98,0.9,TECH-006,Calibration drift,PM schedule updated,fixture_system,mechanical,mechanical,fixture_pin_set,133.35,2,0.21
F00513,AS-A5,2024-03-04,Torque tool calibration,1.53,1.37,TECH-001,Material defect,Recalibration,torque_system,software,automation,torque_transducer,256.46,6,0.53
F00514,AS-A5,2024-03-15,Electrical short,1.53,1.24,TECH-003,Operator error,PM schedule updated,electrical_panel,electrical,electrical,circuit_breaker,67.26,2,0.48
F00515,AS-A5,2024-03-25,Sensor fault,1.28,0.81,TECH-001,Lack of preventive maintenance,Vendor notified,sensor_package,electrical,electrical,proximity_sensor,119.42,4,0.22
F00516,AS-A5,2024-03-26,Pneumatic leak,1.25,0.95,TECH-007,Calibration drift,Operator retraining,pneumatic_system,hydraulic,hydraulic,pneumatic_fitting,25.53,1,0.1
F00517,AS-A5,2024-03-27,Fixture misalignment,1.19,1.31,TECH-001,Design limitation,Operator retraining,fixture_system,mechanical,mechanical,fixture_pin_set,98.18,2,0.31
F00518,AS-A5,2024-04-05,Electrical short,1.08,0.86,TECH-003,Overloading,Part replacement,electrical_panel,electrical,electrical,circuit_breaker,47.88,2,0.23
F00519,AS-A5,2024-04-11,Pneumatic leak,1.02,0.89,TECH-008,Material defect,Design modification,pneumatic_system,hydraulic,hydraulic,pneumatic_fitting,23.36,2,0.06
F00520,AS-A5,2024-04-12,Fixture misalignment,1.17,1.24,TECH-006,Overloading,PM schedule updated,fixture_system,mechanical,mechanical,fixture_pin_set,120.91,2,0.26
F00521,AS-A5,2024-04-13,Torque tool calibration,0.57,0.87,TECH-006,Material defect,Part replacement,torque_system,software,automation,torque_transducer,219.71,6,0.39
F00522,AS-A5,2024-04-14,Electrical short,1.32,1.05,TECH-008,Component wear,Part replacement,electrical_panel,electrical,electrical,circuit_breaker,43.96,2,0.38
F00523,AS-A5,2024-04-27,Sensor fault,1.63,1.15,TECH-004,Calibration drift,PM schedule updated,sensor_package,electrical,electrical,proximity_sensor,118.98,2,0.38
F00524,AS-A5,2024-04-29,Pneumatic leak,1.72,1.11,TECH-005,Contamination,Vendor notified,pneumatic_system,hydraulic,hydraulic,pneumatic_fitting,13.58,2,0.16
F00525,AS-A5,2024-05-02,Pneumatic leak,1.19,0.91,TECH-001,Component wear,Vendor notified,pneumatic_system,hydraulic,hydraulic,pneumatic_fitting,23.77,1,0.1
F00526,AS-A5,2024-05-11,Electrical short,0.9,1.37,TECH-005,Operator error,PM schedule updated,electrical_panel,electrical,electrical,circuit_breaker,28.29,3,0.28
F00527,AS-A5,2024-05-25,Torque tool calibration,1.32,1.18,TECH-005,Overloading,Vendor notified,torque_system,software,automation,torque_transducer,338.51,7,0.36
F00528,AS-A5,2024-06-10,Fixture misalignment,1.33,0.72,TECH-002,Component wear,Vendor notified,fixture_system,mechanical,mechanical,fixture_pin_set,122.68,3,0.2
F00529,AS-A5,2024-06-21,Pneumatic leak,1.77,0.96,TECH-007,Calibration drift,Design modification,pneumatic_system,hydraulic,hydraulic,pneumatic_fitting,26.89,1,0.05
F00530,AS-A5,2024-06-30,Sensor fault,1.32,1.18,TECH-001,Component wear,Operator retraining,sensor_package,electrical,electrical,proximity_sensor,107.29,3,0.31
F00531,AS-A5,2024-07-22,Pneumatic leak,1.43,1.13,TECH-002,Design limitation,Vendor notified,pneumatic_system,hydraulic,hydraulic,pneumatic_fitting,38.36,2,0.12
F00532,AS-A5,2024-07-25,Electrical short,1.07,0.71,TECH-004,Contamination,Design modification,electrical_panel,electrical,electrical,circuit_breaker,44.76,2,0.16
F00533,AS-A5,2024-07-31,Fixture misalignment,1.16,0.91,TECH-008,Contamination,Vendor notified,fixture_system,mechanical,mechanical,fixture_pin_set,125.42,2,0.21
F00534,AS-A5,2024-08-09,Electrical short,0.77,1.25,TECH-001,Lack of preventive maintenance,Vendor notified,electrical_panel,electrical,electrical,circuit_breaker,87.86,2,0.49
F00535,AS-A5,2024-09-01,Torque tool calibration,0.86,0.99,TECH-003,Operator error,Operator retraining,torque_system,software,automation,torque_transducer,383.19,7,0.41
F00536,AS-A5,2024-09-04,Electrical short,1.08,1.14,TECH-004,Overloading,Operator retraining,electrical_panel,electrical,electrical,circuit_breaker,82.45,1,0.31
F00537,AS-A5,2024-09-18,Electrical short,1.49,1.1,TECH-008,Operator error,Operator retraining,electrical_panel,electrical,electrical,circuit_breaker,34.27,2,0.33
F00538,AS-A5,2024-09-23,Pneumatic leak,1.46,1.16,TECH-002,Overloading,Operator retraining,pneumatic_system,hydraulic,hydraulic,pneumatic_fitting,28.93,2,0.17
F00539,AS-A5,2024-09-24,Electrical short,0.67,0.89,TECH-005,Material defect,Vendor notified,electrical_panel,electrical,electrical,circuit_breaker,65.65,3,0.24
F00540,AS-A5,2024-10-03,Pneumatic leak,1.47,0.94,TECH-004,Calibration drift,PM schedule updated,pneumatic_system,hydraulic,hydraulic,pneumatic_fitting,24.53,1,0.06
F00541,AS-A5,2024-10-10,Sensor fault,0.95,0.85,TECH-008,Operator error,Part replacement,sensor_package,electrical,electrical,proximity_sensor,107.96,2,0.22
F00542,AS-A5,2024-10-22,Sensor fault,1.25,1.18,TECH-006,Operator error,Part replacement,sensor_package,electrical,electrical,proximity_sensor,67.22,5,0.44
F00543,AS-A5,2024-11-10,Torque tool calibration,0.64,1.02,TECH-002,Design limitation,Design modification,torque_system,software,automation,torque_transducer,171.11,7,0.4
F00544,AS-A5,2024-11-11,Fixture misalignment,1.63,1.27,TECH-008,Material defect,Vendor notified,fixture_system,mechanical,mechanical,fixture_pin_set,118.04,3,0.22
F00545,AS-A5,2024-11-14,Electrical short,1.2,0.94,TECH-002,Calibration drift,Operator retraining,electrical_panel,electrical,electrical,circuit_breaker,69.44,1,0.3
F00546,AS-A5,2024-11-23,Torque tool calibration,1.36,0.97,TECH-001,Lack of preventive maintenance,Design modification,torque_system,software,automation,torque_transducer,175.22,4,0.38
F00547,AS-A5,2024-12-16,Electrical short,1.38,0.81,TECH-003,Component wear,Vendor notified,electrical_panel,electrical,electrical,circuit_breaker,60.38,3,0.18
F00548,AS-A5,2024-12-30,Electrical short,1.55,1.18,TECH-006,Overloading,Operator retraining,electrical_panel,electrical,electrical,circuit_breaker,39.69,1,0.32
F00549,AS-A5,2025-02-02,Sensor fault,1.64,0.83,TECH-007,Contamination,PM schedule updated,sensor_package,electrical,electrical,proximity_sensor,50.04,4,0.23
F00550,AS-A5,2025-02-07,Electrical short,1.41,1.15,TECH-005,Contamination,Vendor notified,electrical_panel,electrical,electrical,circuit_breaker,78.16,3,0.45
F00551,AS-A5,2025-02-18,Fixture misalignment,1.0,0.95,TECH-005,Contamination,Vendor notified,fixture_system,mechanical,mechanical,fixture_pin_set,65.02,3,0.27
F00552,AS-A5,2025-02-19,Fixture misalignment,1.0,0.47,TECH-006,Operator error,PM schedule updated,fixture_system,mechanical,mechanical,fixture_pin_set,113.18,3,0.1
F00553,AS-A5,2025-02-26,Torque tool calibration,0.58,0.76,TECH-005,Overloading,Part replacement,torque_system,software,automation,torque_transducer,274.92,4,0.31
F00554,AS-A5,2025-03-04,Pneumatic leak,1.37,1.02,TECH-004,Design limitation,Recalibration,pneumatic_system,hydraulic,hydraulic,pneumatic_fitting,41.81,1,0.15
F00555,AS-A5,2025-04-08,Pneumatic leak,1.13,0.9,TECH-005,Material defect,Design modification,pneumatic_system,hydraulic,hydraulic,pneumatic_fitting,13.21,1,0.07
F00556,AS-A5,2025-04-09,Electrical short,1.25,0.91,TECH-004,Overloading,Recalibration,electrical_panel,electrical,electrical,circuit_breaker,83.99,3,0.19
F00557,AS-A5,2025-04-15,Pneumatic leak,1.33,0.7,TECH-007,Overloading,Operator retraining,pneumatic_system,hydraulic,hydraulic,pneumatic_fitting,40.08,2,0.04
F00558,AS-A6,2024-02-10,Pneumatic leak,0.74,0.86,TECH-005,Material defect,Design modification,pneumatic_system,hydraulic,hydraulic,pneumatic_fitting,13.79,2,0.11
F00559,AS-A6,2024-03-03,Fixture misalignment,0.99,0.58,TECH-006,Material defect,Vendor notified,fixture_system,mechanical,mechanical,fixture_pin_set,71.55,4,0.17
F00560,AS-A6,2024-04-08,Pneumatic leak,0.8,0.78,TECH-003,Component wear,Vendor notified,pneumatic_system,hydraulic,hydraulic,pneumatic_fitting,29.02,2,0.07
F00561,AS-A6,2024-04-15,Electrical short,0.68,0.8,TECH-005,Component wear,Recalibration,electrical_panel,electrical,electrical,circuit_breaker,55.59,3,0.32
F00562,AS-A6,2024-04-24,Fixture misalignment,0.83,0.83,TECH-001,Component wear,PM schedule updated,fixture_system,mechanical,mechanical,fixture_pin_set,85.03,2,0.15
F00563,AS-A6,2024-05-03,Sensor fault,0.88,0.51,TECH-008,Contamination,Part replacement,sensor_package,electrical,electrical,proximity_sensor,65.74,2,0.11
F00564,AS-A6,2024-05-19,Fixture misalignment,0.78,0.79,TECH-002,Component wear,Operator retraining,fixture_system,mechanical,mechanical,fixture_pin_set,133.46,4,0.2
F00565,AS-A6,2024-05-27,Fixture misalignment,0.68,0.77,TECH-006,Contamination,PM schedule updated,fixture_system,mechanical,mechanical,fixture_pin_set,130.21,2,0.21
F00566,AS-A6,2024-05-30,Torque tool calibration,1.12,0.64,TECH-001,Operator error,Vendor notified,torque_system,software,automation,torque_transducer,405.56,7,0.21
F00567,AS-A6,2024-06-03,Electrical short,0.86,0.9,TECH-004,Lack of preventive maintenance,Vendor notified,electrical_panel,electrical,electrical,circuit_breaker,77.34,1,0.28
F00568,AS-A6,2024-06-26,Pneumatic leak,0.56,0.87,TECH-007,Design limitation,Design modification,pneumatic_system,hydraulic,hydraulic,pneumatic_fitting,38.97,2,0.13
F00569,AS-A6,2024-07-09,Sensor fault,1.09,0.73,TECH-008,Calibration drift,Part replacement,sensor_package,electrical,electrical,proximity_sensor,100.5,5,0.21
F00570,AS-A6,2024-07-12,Pneumatic leak,0.73,0.6,TECH-002,Component wear,Design modification,pneumatic_system,hydraulic,hydraulic,pneumatic_fitting,23.59,1,0.05
F00571,AS-A6,2024-07-20,Fixture misalignment,0.74,0.63,TECH-007,Operator error,Recalibration,fixture_system,mechanical,mechanical,fixture_pin_set,92.06,2,0.1
F00572,AS-A6,2024-07-28,Torque tool calibration,0.67,0.33,TECH-002,Component wear,Part replacement,torque_system,software,automation,torque_transducer,363.87,3,0.13
F00573,AS-A6,2024-08-03,Pneumatic leak,0.8,0.75,TECH-003,Design limitation,Design modification,pneumatic_system,hydraulic,hydraulic,pneumatic_fitting,39.92,2,0.04
F00574,AS-A6,2024-08-04,Torque tool calibration,1.04,0.42,TECH-007,Calibration drift,Vendor notified,torque_system,software,automation,torque_transducer,205.17,6,0.14
F00575,AS-A6,2024-08-09,Pneumatic leak,0.76,0.83,TECH-001,Operator error,Vendor notified,pneumatic_system,hydraulic,hydraulic,pneumatic_fitting,41.27,2,0.08
F00576,AS-A6,2024-08-18,Electrical short,0.82,0.65,TECH-002,Design limitation,Vendor notified,electrical_panel,electrical,electrical,circuit_breaker,86.04,1,0.26
F00577,AS-A6,2024-08-21,Torque tool calibration,1.15,0.82,TECH-007,Overloading,Vendor notified,torque_system,software,automation,torque_transducer,225.27,5,0.27
F00578,AS-A6,2024-08-22,Torque tool calibration,0.92,0.78,TECH-005,Component wear,PM schedule updated,torque_system,software,automation,torque_transducer,181.15,3,0.26
F00579,AS-A6,2024-09-03,Sensor fault,1.16,0.57,TECH-001,Component wear,Part replacement,sensor_package,electrical,electrical,proximity_sensor,89.19,3,0.18
F00580,AS-A6,2024-09-04,Electrical short,0.65,0.64,TECH-002,Design limitation,Recalibration,electrical_panel,electrical,electrical,circuit_breaker,66.81,3,0.15
F00581,AS-A6,2024-09-18,Torque tool calibration,1.0,0.63,TECH-003,Component wear,Recalibration,torque_system,software,automation,torque_transducer,369.15,7,0.3
F00582,AS-A6,2024-09-20,Fixture misalignment,0.91,0.62,TECH-001,Calibration drift,Vendor notified,fixture_system,mechanical,mechanical,fixture_pin_set,140.55,3,0.13
F00583,AS-A6,2024-09-28,Pneumatic leak,0.82,0.75,TECH-004,Calibration drift,PM schedule updated,pneumatic_system,hydraulic,hydraulic,pneumatic_fitting,14.72,1,0.07
F00584,AS-A6,2024-10-02,Sensor fault,0.77,0.61,TECH-002,Material defect,PM schedule updated,sensor_package,electrical,electrical,proximity_sensor,120.49,2,0.17
F00585,AS-A6,2024-10-09,Electrical short,0.69,0.88,TECH-003,Contamination,PM schedule updated,electrical_panel,electrical,electrical,circuit_breaker,75.79,1,0.21
F00586,AS-A6,2024-11-12,Fixture misalignment,0.93,0.81,TECH-007,Design limitation,PM schedule updated,fixture_system,mechanical,mechanical,fixture_pin_set,85.9,3,0.2
F00587,AS-A6,2024-11-13,Torque tool calibration,0.79,0.41,TECH-008,Contamination,PM schedule updated,torque_system,software,automation,torque_transducer,336.58,3,0.14
F00588,AS-A6,2024-11-20,Pneumatic leak,1.07,0.83,TECH-005,Component wear,Design modification,pneumatic_system,hydraulic,hydraulic,pneumatic_fitting,33.66,1,0.06
F00589,AS-A6,2024-11-22,Pneumatic leak,0.81,0.5,TECH-001,Lack of preventive maintenance,Design modification,pneumatic_system,hydraulic,hydraulic,pneumatic_fitting,40.1,2,0.03
F00590,AS-A6,2024-12-01,Pneumatic leak,0.86,0.6,TECH-005,Calibration drift,Vendor notified,pneumatic_system,hydraulic,hydraulic,pneumatic_fitting,26.93,1,0.06
F00591,AS-A6,2024-12-17,Electrical short,0.74,0.77,TECH-005,Component wear,Operator retraining,electrical_panel,electrical,electrical,circuit_breaker,59.51,3,0.31
F00592,AS-A6,2024-12-24,Pneumatic leak,1.01,0.77,TECH-004,Component wear,Design modification,pneumatic_system,hydraulic,hydraulic,pneumatic_fitting,26.59,1,0.08
F00593,AS-A6,2024-12-25,Electrical short,0.99,0.85,TECH-003,Calibration drift,PM schedule updated,electrical_panel,electrical,electrical,circuit_breaker,54.15,3,0.27
F00594,AS-A6,2024-12-26,Sensor fault,0.85,0.6,TECH-006,Material defect,Part replacement,sensor_package,electrical,electrical,proximity_sensor,60.92,2,0.2
F00595,AS-A6,2025-01-06,Torque tool calibration,0.5,0.67,TECH-008,Calibration drift,Part replacement,torque_system,software,automation,torque_transducer,177.96,5,0.26
F00596,AS-A6,2025-01-07,Electrical short,0.78,0.65,TECH-005,Design limitation,Design modification,electrical_panel,electrical,electrical,circuit_breaker,83.6,3,0.19
F00597,AS-A6,2025-01-15,Sensor fault,0.98,0.88,TECH-002,Design limitation,Operator retraining,sensor_package,electrical,electrical,proximity_sensor,47.01,5,0.29
F00598,AS-A6,2025-02-22,Sensor fault,0.88,0.84,TECH-008,Calibration drift,Design modification,sensor_package,electrical,electrical,proximity_sensor,106.89,5,0.24
F00599,AS-A6,2025-02-23,Fixture misalignment,1.01,0.6,TECH-002,Design limitation,Recalibration,fixture_system,mechanical,mechanical,fixture_pin_set,113.5,2,0.15
F00600,AS-A6,2025-02-24,Pneumatic leak,1.0,0.86,TECH-004,Overloading,PM schedule updated,pneumatic_system,hydraulic,hydraulic,pneumatic_fitting,22.43,2,0.1
F00601,AS-A6,2025-03-09,Fixture misalignment,0.6,0.72,TECH-003,Overloading,Part replacement,fixture_system,mechanical,mechanical,fixture_pin_set,116.45,4,0.15
F00602,AS-A6,2025-03-12,Fixture misalignment,1.04,0.84,TECH-001,Component wear,Part replacement,fixture_system,mechanical,mechanical,fixture_pin_set,94.98,4,0.23
F00603,AS-A6,2025-03-13,Torque tool calibration,1.06,0.62,TECH-001,Design limitation,Part replacement,torque_system,software,automation,torque_transducer,293.97,3,0.24
F00604,AS-A6,2025-03-15,Torque tool calibration,0.65,0.6,TECH-003,Material defect,Operator retraining,torque_system,software,automation,torque_transducer,219.95,6,0.27
F00605,AS-A6,2025-03-24,Fixture misalignment,0.95,0.45,TECH-005,Component wear,Vendor notified,fixture_system,mechanical,mechanical,fixture_pin_set,69.41,3,0.11
F00606,AS-A6,2025-04-05,Pneumatic leak,1.09,0.61,TECH-004,Overloading,Operator retraining,pneumatic_system,hydraulic,hydraulic,pneumatic_fitting,34.42,1,0.09
F00607,AS-A6,2025-04-06,Electrical short,1.09,0.72,TECH-007,Component wear,Design modification,electrical_panel,electrical,electrical,circuit_breaker,44.9,2,0.28
F00608,AS-A6,2025-04-07,Pneumatic leak,0.55,0.73,TECH-002,Operator error,Operator retraining,pneumatic_system,hydraulic,hydraulic,pneumatic_fitting,16.63,1,0.05
F00609,AS-A6,2025-04-18,Pneumatic leak,1.05,0.6,TECH-007,Overloading,PM schedule updated,pneumatic_system,hydraulic,hydraulic,pneumatic_fitting,20.74,1,0.08
F00610,AS-A7,2024-01-13,Torque tool calibration,0.5,1.08,TECH-007,Contamination,Design modification,torque_system,software,automation,torque_transducer,358.94,5,0.48
F00611,AS-A7,2024-01-29,Electrical short,1.51,0.71,TECH-002,Overloading,Recalibration,electrical_panel,electrical,electrical,circuit_breaker,38.86,3,0.21
F00612,AS-A7,2024-01-31,Pneumatic leak,1.14,0.51,TECH-005,Overloading,PM schedule updated,pneumatic_system,hydraulic,hydraulic,pneumatic_fitting,16.42,1,0.04
F00613,AS-A7,2024-02-02,Electrical short,0.96,0.59,TECH-002,Lack of preventive maintenance,Operator retraining,electrical_panel,electrical,electrical,circuit_breaker,47.12,2,0.18
F00614,AS-A7,2024-02-12,Sensor fault,0.99,0.75,TECH-002,Component wear,Operator retraining,sensor_package,electrical,electrical,proximity_sensor,100.52,2,0.16
F00615,AS-A7,2024-02-22,Torque tool calibration,1.07,1.25,TECH-006,Design limitation,Vendor notified,torque_system,software,automation,torque_transducer,287.69,4,0.56
F00616,AS-A7,2024-02-27,Electrical short,1.18,1.12,TECH-008,Component wear,PM schedule updated,electrical_panel,electrical,electrical,circuit_breaker,78.53,3,0.32
F00617,AS-A7,2024-03-06,Electrical short,0.5,0.95,TECH-006,Overloading,Vendor notified,electrical_panel,electrical,electrical,circuit_breaker,78.87,1,0.26
F00618,AS-A7,2024-03-07,Fixture misalignment,1.17,0.83,TECH-008,Component wear,Part replacement,fixture_system,mechanical,mechanical,fixture_pin_set,73.34,2,0.18
F00619,AS-A7,2024-03-09,Electrical short,0.88,1.0,TECH-001,Component wear,Operator retraining,electrical_panel,electrical,electrical,circuit_breaker,52.31,3,0.35
F00620,AS-A7,2024-04-12,Fixture misalignment,1.2,0.9,TECH-008,Overloading,Part replacement,fixture_system,mechanical,mechanical,fixture_pin_set,85.3,2,0.17
F00621,AS-A7,2024-04-13,Pneumatic leak,1.1,0.97,TECH-007,Overloading,Design modification,pneumatic_system,hydraulic,hydraulic,pneumatic_fitting,15.93,1,0.08
F00622,AS-A7,2024-04-23,Pneumatic leak,0.92,1.35,TECH-003,Calibration drift,Operator retraining,pneumatic_system,hydraulic,hydraulic,pneumatic_fitting,23.08,1,0.1
F00623,AS-A7,2024-04-24,Electrical short,1.45,0.56,TECH-005,Material defect,Part replacement,electrical_panel,electrical,electrical,circuit_breaker,75.32,1,0.17
F00624,AS-A7,2024-05-09,Electrical short,0.66,0.88,TECH-003,Lack of preventive maintenance,PM schedule updated,electrical_panel,electrical,electrical,circuit_breaker,67.87,3,0.33
F00625,AS-A7,2024-05-11,Sensor fault,1.24,0.9,TECH-007,Contamination,Vendor notified,sensor_package,electrical,electrical,proximity_sensor,124.9,3,0.34
F00626,AS-A7,2024-05-16,Pneumatic leak,0.8,0.79,TECH-002,Design limitation,Vendor notified,pneumatic_system,hydraulic,hydraulic,pneumatic_fitting,39.26,2,0.1
F00627,AS-A7,2024-06-03,Sensor fault,1.29,0.82,TECH-004,Material defect,Operator retraining,sensor_package,electrical,electrical,proximity_sensor,80.26,5,0.17
F00628,AS-A7,2024-06-30,Torque tool calibration,0.89,0.84,TECH-002,Operator error,Design modification,torque_system,software,automation,torque_transducer,286.69,3,0.34
F00629,AS-A7,2024-07-03,Sensor fault,1.54,0.79,TECH-005,Calibration drift,Operator retraining,sensor_package,electrical,electrical,proximity_sensor,75.81,3,0.25
F00630,AS-A7,2024-07-11,Torque tool calibration,1.14,0.6,TECH-008,Lack of preventive maintenance,Operator retraining,torque_system,software,automation,torque_transducer,378.34,5,0.19
F00631,AS-A7,2024-07-12,Fixture misalignment,1.43,1.01,TECH-004,Contamination,Operator retraining,fixture_system,mechanical,mechanical,fixture_pin_set,77.59,2,0.28
F00632,AS-A7,2024-08-12,Sensor fault,1.04,0.9,TECH-004,Design limitation,Part replacement,sensor_package,electrical,electrical,proximity_sensor,124.57,5,0.34
F00633,AS-A7,2024-08-17,Electrical short,1.08,0.74,TECH-003,Calibration drift,PM schedule updated,electrical_panel,electrical,electrical,circuit_breaker,83.17,1,0.21
F00634,AS-A7,2024-08-21,Fixture misalignment,1.25,0.81,TECH-008,Material defect,Recalibration,fixture_system,mechanical,mechanical,fixture_pin_set,81.32,2,0.2
F00635,AS-A7,2024-09-03,Fixture misalignment,1.21,0.81,TECH-004,Contamination,Recalibration,fixture_system,mechanical,mechanical,fixture_pin_set,139.68,3,0.19
F00636,AS-A7,2024-09-18,Torque tool calibration,1.16,0.95,TECH-001,Lack of preventive maintenance,Operator retraining,torque_system,software,automation,torque_transducer,240.56,4,0.32
F00637,AS-A7,2024-09-22,Electrical short,0.85,1.25,TECH-005,Calibration drift,Recalibration,electrical_panel,electrical,electrical,circuit_breaker,40.1,3,0.49
F00638,AS-A7,2024-11-03,Fixture misalignment,1.27,0.83,TECH-003,Lack of preventive maintenance,Design modification,fixture_system,mechanical,mechanical,fixture_pin_set,93.05,2,0.23
F00639,AS-A7,2024-11-19,Electrical short,0.75,0.93,TECH-006,Overloading,Vendor notified,electrical_panel,electrical,electrical,circuit_breaker,70.24,3,0.22
F00640,AS-A7,2024-12-04,Electrical short,0.95,0.92,TECH-008,Contamination,Vendor notified,electrical_panel,electrical,electrical,circuit_breaker,78.34,1,0.23
F00641,AS-A7,2024-12-05,Pneumatic leak,0.96,0.74,TECH-006,Contamination,Design modification,pneumatic_system,hydraulic,hydraulic,pneumatic_fitting,39.4,2,0.09
F00642,AS-A7,2024-12-25,Sensor fault,1.16,1.03,TECH-008,Contamination,PM schedule updated,sensor_package,electrical,electrical,proximity_sensor,109.6,2,0.25
F00643,AS-A7,2024-12-27,Sensor fault,0.83,0.99,TECH-006,Overloading,PM schedule updated,sensor_package,electrical,electrical,proximity_sensor,64.93,3,0.25
F00644,AS-A7,2025-01-02,Fixture misalignment,0.5,0.68,TECH-002,Design limitation,Recalibration,fixture_system,mechanical,mechanical,fixture_pin_set,95.41,4,0.15
F00645,AS-A7,2025-01-10,Fixture misalignment,1.19,0.81,TECH-008,Lack of preventive maintenance,Recalibration,fixture_system,mechanical,mechanical,fixture_pin_set,80.01,4,0.22
F00646,AS-A7,2025-01-15,Electrical short,1.46,1.18,TECH-006,Calibration drift,PM schedule updated,electrical_panel,electrical,electrical,circuit_breaker,51.46,3,0.43
F00647,AS-A7,2025-01-17,Pneumatic leak,1.13,0.86,TECH-003,Lack of preventive maintenance,Recalibration,pneumatic_system,hydraulic,hydraulic,pneumatic_fitting,18.39,2,0.09
F00648,AS-A7,2025-02-03,Torque tool calibration,0.7,0.94,TECH-006,Design limitation,PM schedule updated,torque_system,software,automation,torque_transducer,418.49,3,0.29
F00649,AS-A7,2025-02-07,Sensor fault,0.62,0.78,TECH-001,Overloading,Part replacement,sensor_package,electrical,electrical,proximity_sensor,59.26,5,0.28
F00650,AS-A7,2025-02-11,Electrical short,0.92,0.68,TECH-003,Design limitation,PM schedule updated,electrical_panel,electrical,electrical,circuit_breaker,33.52,2,0.19
F00651,AS-A7,2025-02-15,Torque tool calibration,0.61,0.88,TECH-002,Overloading,Design modification,torque_system,software,automation,torque_transducer,355.5,3,0.3
F00652,AS-A7,2025-02-18,Fixture misalignment,0.98,0.83,TECH-006,Overloading,Vendor notified,fixture_system,mechanical,mechanical,fixture_pin_set,75.01,3,0.18
F00653,AS-A7,2025-02-27,Pneumatic leak,0.59,1.12,TECH-003,Contamination,Recalibration,pneumatic_system,hydraulic,hydraulic,pneumatic_fitting,26.38,2,0.13
F00654,AS-A7,2025-03-02,Electrical short,0.84,0.67,TECH-007,Design limitation,Operator retraining,electrical_panel,electrical,electrical,circuit_breaker,70.8,3,0.27
F00655,AS-A7,2025-03-17,Electrical short,1.5,0.79,TECH-008,Overloading,Recalibration,electrical_panel,electrical,electrical,circuit_breaker,53.53,2,0.3
F00656,AS-A7,2025-03-19,Sensor fault,1.51,0.94,TECH-002,Material defect,Recalibration,sensor_package,electrical,electrical,proximity_sensor,62.41,3,0.33
F00657,AS-A7,2025-03-24,Torque tool calibration,1.6,1.14,TECH-001,Lack of preventive maintenance,Operator retraining,torque_system,software,automation,torque_transducer,357.42,7,0.45
F00658,AS-A7,2025-03-31,Electrical short,1.21,0.9,TECH-003,Operator error,Vendor notified,electrical_panel,electrical,electrical,circuit_breaker,40.43,1,0.21
F00659,AS-A7,2025-04-27,Sensor fault,0.93,0.98,TECH-008,Component wear,Recalibration,sensor_package,electrical,electrical,proximity_sensor,80.5,2,0.35
F00660,AS-A8,2024-01-02,Sensor fault,1.18,0.83,TECH-008,Calibration drift,Design modification,sensor_package,electrical,electrical,proximity_sensor,117.33,3,0.3
F00661,AS-A8,2024-01-31,Electrical short,0.84,0.77,TECH-003,Calibration drift,Vendor notified,electrical_panel,electrical,electrical,circuit_breaker,44.49,2,0.19
F00662,AS-A8,2024-02-14,Electrical short,1.14,0.68,TECH-005,Contamination,Operator retraining,electrical_panel,electrical,electrical,circuit_breaker,36.37,1,0.26
F00663,AS-A8,2024-02-22,Sensor fault,1.05,0.64,TECH-007,Design limitation,Recalibration,sensor_package,electrical,electrical,proximity_sensor,75.37,5,0.24
F00664,AS-A8,2024-02-25,Fixture misalignment,1.4,0.8,TECH-006,Design limitation,Operator retraining,fixture_system,mechanical,mechanical,fixture_pin_set,92.73,2,0.12
F00665,AS-A8,2024-03-04,Torque tool calibration,0.85,0.63,TECH-005,Lack of preventive maintenance,Operator retraining,torque_system,software,automation,torque_transducer,206.3,6,0.29
F00666,AS-A8,2024-03-20,Electrical short,0.61,0.64,TECH-006,Material defect,Operator retraining,electrical_panel,electrical,electrical,circuit_breaker,41.08,2,0.25
F00667,AS-A8,2024-04-11,Torque tool calibration,0.79,0.85,TECH-007,Material defect,PM schedule updated,torque_system,software,automation,torque_transducer,382.0,4,0.29
F00668,AS-A8,2024-04-12,Electrical short,0.76,0.66,TECH-005,Design limitation,Vendor notified,electrical_panel,electrical,electrical,circuit_breaker,31.13,3,0.25
F00669,AS-A8,2024-04-26,Pneumatic leak,1.05,0.65,TECH-003,Component wear,PM schedule updated,pneumatic_system,hydraulic,hydraulic,pneumatic_fitting,21.17,1,0.08
F00670,AS-A8,2024-04-27,Electrical short,0.71,0.85,TECH-008,Material defect,PM schedule updated,electrical_panel,electrical,electrical,circuit_breaker,35.95,2,0.3
F00671,AS-A8,2024-04-28,Fixture misalignment,1.24,0.86,TECH-002,Design limitation,PM schedule updated,fixture_system,mechanical,mechanical,fixture_pin_set,139.65,2,0.19
F00672,AS-A8,2024-04-29,Pneumatic leak,0.93,0.81,TECH-003,Lack of preventive maintenance,Operator retraining,pneumatic_system,hydraulic,hydraulic,pneumatic_fitting,38.3,2,0.08
F00673,AS-A8,2024-05-01,Torque tool calibration,0.59,0.93,TECH-006,Calibration drift,Vendor notified,torque_system,software,automation,torque_transducer,354.92,3,0.42
F00674,AS-A8,2024-05-17,Fixture misalignment,0.74,1.07,TECH-001,Design limitation,Operator retraining,fixture_system,mechanical,mechanical,fixture_pin_set,83.04,4,0.18
F00675,AS-A8,2024-05-18,Sensor fault,0.81,0.82,TECH-007,Lack of preventive maintenance,Part replacement,sensor_package,electrical,electrical,proximity_sensor,61.78,3,0.25
F00676,AS-A8,2024-06-26,Torque tool calibration,0.91,0.65,TECH-004,Lack of preventive maintenance,Recalibration,torque_system,software,automation,torque_transducer,313.57,5,0.25
F00677,AS-A8,2024-07-02,Fixture misalignment,1.0,0.61,TECH-008,Overloading,Vendor notified,fixture_system,mechanical,mechanical,fixture_pin_set,126.46,4,0.11
F00678,AS-A8,2024-08-05,Pneumatic leak,1.09,0.76,TECH-002,Design limitation,Operator retraining,pneumatic_system,hydraulic,hydraulic,pneumatic_fitting,34.1,2,0.09
F00679,AS-A8,2024-08-15,Fixture misalignment,1.12,1.12,TECH-002,Material defect,Vendor notified,fixture_system,mechanical,mechanical,fixture_pin_set,103.51,4,0.3
F00680,AS-A8,2024-08-21,Electrical short,1.38,0.83,TECH-002,Overloading,Recalibration,electrical_panel,electrical,electrical,circuit_breaker,87.56,1,0.29
F00681,AS-A8,2024-08-22,Torque tool calibration,1.37,0.87,TECH-003,Contamination,Part replacement,torque_system,software,automation,torque_transducer,399.05,3,0.32
F00682,AS-A8,2024-08-25,Sensor fault,0.59,0.8,TECH-001,Lack of preventive maintenance,PM schedule updated,sensor_package,electrical,electrical,proximity_sensor,94.97,5,0.24
F00683,AS-A8,2024-09-04,Fixture misalignment,0.83,0.53,TECH-008,Material defect,PM schedule updated,fixture_system,mechanical,mechanical,fixture_pin_set,143.84,2,0.11
F00684,AS-A8,2024-10-16,Torque tool calibration,1.06,0.54,TECH-004,Lack of preventive maintenance,Vendor notified,torque_system,software,automation,torque_transducer,388.26,3,0.19
F00685,AS-A8,2024-10-21,Pneumatic leak,0.93,0.68,TECH-008,Calibration drift,Design modification,pneumatic_system,hydraulic,hydraulic,pneumatic_fitting,35.63,2,0.1
F00686,AS-A8,2024-10-24,Fixture misalignment,0.91,0.7,TECH-006,Contamination,Vendor notified,fixture_system,mechanical,mechanical,fixture_pin_set,134.87,3,0.14
F00687,AS-A8,2024-10-30,Electrical short,1.18,0.64,TECH-003,Operator error,Design modification,electrical_panel,electrical,electrical,circuit_breaker,75.75,1,0.21
F00688,AS-A8,2024-10-31,Sensor fault,0.91,0.92,TECH-008,Lack of preventive maintenance,Vendor notified,sensor_package,electrical,electrical,proximity_sensor,96.65,3,0.34
F00689,AS-A8,2024-11-07,Electrical short,0.91,0.47,TECH-006,Material defect,PM schedule updated,electrical_panel,electrical,electrical,circuit_breaker,29.52,2,0.16
F00690,AS-A8,2024-11-20,Torque tool calibration,0.8,0.63,TECH-004,Calibration drift,Design modification,torque_system,software,automation,torque_transducer,308.7,4,0.25
F00691,AS-A8,2024-11-21,Sensor fault,0.91,0.96,TECH-002,Operator error,Design modification,sensor_package,electrical,electrical,proximity_sensor,46.58,3,0.36
F00692,AS-A8,2024-12-02,Fixture misalignment,1.5,0.9,TECH-001,Material defect,Part replacement,fixture_system,mechanical,mechanical,fixture_pin_set,60.69,3,0.19
F00693,AS-A8,2024-12-09,Torque tool calibration,1.21,0.92,TECH-008,Design limitation,Part replacement,torque_system,software,automation,torque_transducer,406.01,7,0.41
F00694,AS-A8,2024-12-13,Fixture misalignment,0.89,0.76,TECH-008,Operator error,Operator retraining,fixture_system,mechanical,mechanical,fixture_pin_set,80.41,2,0.21
F00695,AS-A8,2024-12-30,Torque tool calibration,1.24,0.88,TECH-006,Lack of preventive maintenance,Design modification,torque_system,software,automation,torque_transducer,355.25,6,0.3
F00696,AS-A8,2025-01-02,Sensor fault,1.05,0.82,TECH-002,Material defect,Design modification,sensor_package,electrical,electrical,proximity_sensor,86.1,5,0.29
F00697,AS-A8,2025-01-03,Fixture misalignment,0.91,0.61,TECH-004,Material defect,Design modification,fixture_system,mechanical,mechanical,fixture_pin_set,79.38,4,0.09
F00698,AS-A8,2025-01-13,Torque tool calibration,1.13,1.04,TECH-002,Contamination,Vendor notified,torque_system,software,automation,torque_transducer,409.42,4,0.46
F00699,AS-A8,2025-01-19,Fixture misalignment,0.71,0.51,TECH-003,Overloading,Design modification,fixture_system,mechanical,mechanical,fixture_pin_set,113.29,3,0.12
F00700,AS-A8,2025-01-23,Torque tool calibration,1.43,1.28,TECH-006,Contamination,Design modification,torque_system,software,automation,torque_transducer,286.41,6,0.5
F00701,AS-A8,2025-03-14,Torque tool calibration,0.86,0.94,TECH-006,Material defect,Design modification,torque_system,software,automation,torque_transducer,328.31,4,0.45
F00702,AS-A8,2025-03-22,Sensor fault,0.75,0.94,TECH-006,Calibration drift,Operator retraining,sensor_package,electrical,electrical,proximity_sensor,109.38,2,0.25
F00703,AS-A8,2025-04-25,Sensor fault,1.02,0.8,TECH-001,Component wear,PM schedule updated,sensor_package,electrical,electrical,proximity_sensor,90.02,2,0.32
F00704,AS-A8,2025-04-26,Sensor fault,1.13,0.79,TECH-001,Design limitation,Design modification,sensor_package,electrical,electrical,proximity_sensor,116.94,2,0.3
F00705,CNC-B1,2024-01-07,Axis calibration error,3.02,2.69,TECH-006,Component wear,Recalibration,servo_drive,software,automation,encoder_sensor,129.84,7,0.92
F00706,CNC-B1,2024-01-09,Coolant leak,3.85,2.53,TECH-005,Operator error,Design modification,coolant_system,hydraulic,hydraulic,coolant_pump_seal,33.58,1,0.28
F00707,CNC-B1,2024-01-12,Coolant leak,4.55,2.35,TECH-008,Component wear,Operator retraining,coolant_system,hydraulic,hydraulic,coolant_pump_seal,32.42,1,0.25
F00708,CNC-B1,2024-01-25,Tool breakage,2.95,2.12,TECH-005,Lack of preventive maintenance,Vendor notified,tool_changer,mechanical,mechanical,tool_insert_set,46.27,3,0.28
F00709,CNC-B1,2024-02-06,Coolant leak,2.28,3.46,TECH-006,Overloading,Operator retraining,coolant_system,hydraulic,hydraulic,coolant_pump_seal,63.97,1,0.56
F00710,CNC-B1,2024-02-25,Drive fault,4.41,3.46,TECH-001,Overloading,Part replacement,servo_drive,electrical,electrical,servo_driver_board,1111.63,12,1.31
F00711,CNC-B1,2024-02-27,Spindle fault,4.37,2.98,TECH-006,Material defect,Recalibration,spindle,mechanical,mechanical,spindle_bearing,255.75,8,0.65
F00712,CNC-B1,2024-02-28,Axis calibration error,3.26,2.24,TECH-002,Material defect,Operator retraining,servo_drive,software,automation,encoder_sensor,131.72,6,0.88
F00713,CNC-B1,2024-03-01,Tool breakage,3.01,2.98,TECH-008,Lack of preventive maintenance,Design modification,tool_changer,mechanical,mechanical,tool_insert_set,49.43,2,0.23
F00714,CNC-B1,2024-03-04,Spindle fault,4.21,3.14,TECH-003,Calibration drift,Design modification,spindle,mechanical,mechanical,spindle_bearing,159.92,7,0.59
F00715,CNC-B1,2024-03-05,Drive fault,2.49,3.25,TECH-004,Material defect,Part replacement,servo_drive,electrical,electrical,servo_driver_board,1081.55,11,1.26
F00716,CNC-B1,2024-03-07,Drive fault,2.2,3.16,TECH-002,Operator error,Vendor notified,servo_drive,electrical,electrical,servo_driver_board,1092.31,8,0.84
F00717,CNC-B1,2024-03-11,Coolant leak,3.0,3.07,TECH-001,Design limitation,Recalibration,coolant_system,hydraulic,hydraulic,coolant_pump_seal,75.43,1,0.37
F00718,CNC-B1,2024-04-12,Axis calibration error,1.46,1.66,TECH-003,Calibration drift,Part replacement,servo_drive,software,automation,encoder_sensor,178.0,4,0.8
F00719,CNC-B1,2024-05-01,Spindle fault,3.49,3.65,TECH-002,Operator error,Vendor notified,spindle,mechanical,mechanical,spindle_bearing,196.7,8,0.71
F00720,CNC-B1,2024-05-02,Coolant leak,5.18,2.4,TECH-001,Contamination,Vendor notified,coolant_system,hydraulic,hydraulic,coolant_pump_seal,62.37,2,0.39
F00721,CNC-B1,2024-05-14,Coolant leak,3.04,3.39,TECH-004,Material defect,Recalibration,coolant_system,hydraulic,hydraulic,coolant_pump_seal,65.84,1,0.38
F00722,CNC-B1,2024-05-19,Drive fault,3.36,2.09,TECH-003,Lack of preventive maintenance,Operator retraining,servo_drive,electrical,electrical,servo_driver_board,970.16,11,0.8
F00723,CNC-B1,2024-05-25,Spindle fault,3.23,2.66,TECH-001,Design limitation,Recalibration,spindle,mechanical,mechanical,spindle_bearing,297.47,6,0.58
F00724,CNC-B1,2024-06-05,Tool breakage,3.16,2.68,TECH-002,Overloading,Vendor notified,tool_changer,mechanical,mechanical,tool_insert_set,69.77,1,0.16
F00725,CNC-B1,2024-06-07,Tool breakage,4.1,2.14,TECH-001,Design limitation,Vendor notified,tool_changer,mechanical,mechanical,tool_insert_set,53.9,1,0.27
F00726,CNC-B1,2024-06-10,Tool breakage,4.35,2.72,TECH-006,Calibration drift,Design modification,tool_changer,mechanical,mechanical,tool_insert_set,55.15,2,0.36
F00727,CNC-B1,2024-06-15,Axis calibration error,3.75,3.41,TECH-001,Lack of preventive maintenance,Recalibration,servo_drive,software,automation,encoder_sensor,158.68,3,1.35
F00728,CNC-B1,2024-07-04,Spindle fault,3.03,3.41,TECH-001,Contamination,Vendor notified,spindle,mechanical,mechanical,spindle_bearing,249.79,7,0.83
F00729,CNC-B1,2024-07-07,Drive fault,2.92,2.51,TECH-005,Lack of preventive maintenance,Vendor notified,servo_drive,electrical,electrical,servo_driver_board,1145.98,14,0.89
F00730,CNC-B1,2024-07-09,Tool breakage,0.52,4.43,TECH-005,Material defect,Recalibration,tool_changer,mechanical,mechanical,tool_insert_set,86.17,2,0.55
F00731,CNC-B1,2024-07-12,Axis calibration error,3.0,2.99,TECH-004,Overloading,Recalibration,servo_drive,software,automation,encoder_sensor,94.7,5,1.18
F00732,CNC-B1,2024-07-18,Drive fault,2.71,3.02,TECH-006,Calibration drift,Design modification,servo_drive,electrical,electrical,servo_driver_board,1141.26,10,1.05
F00733,CNC-B1,2024-07-19,Spindle fault,2.72,2.2,TECH-003,Design limitation,Vendor notified,spindle,mechanical,mechanical,spindle_bearing,241.76,8,0.48
F00734,CNC-B1,2024-07-28,Spindle fault,2.91,2.76,TECH-003,Contamination,Part replacement,spindle,mechanical,mechanical,spindle_bearing,167.03,8,0.5
F00735,CNC-B1,2024-08-03,Coolant leak,3.76,2.71,TECH-003,Lack of preventive maintenance,PM schedule updated,coolant_system,hydraulic,hydraulic,coolant_pump_seal,33.9,2,0.39
F00736,CNC-B1,2024-08-18,Axis calibration error,2.62,3.1,TECH-005,Component wear,Recalibration,servo_drive,software,automation,encoder_sensor,188.85,3,1.38
F00737,CNC-B1,2024-08-19,Drive fault,3.93,3.67,TECH-005,Material defect,Design modification,servo_drive,electrical,electrical,servo_driver_board,474.11,7,1.03
F00738,CNC-B1,2024-08-20,Axis calibration error,3.06,2.31,TECH-003,Calibration drift,Vendor notified,servo_drive,software,automation,encoder_sensor,212.05,5,0.77
F00739,CNC-B1,2024-08-27,Axis calibration error,3.7,3.31,TECH-003,Component wear,Recalibration,servo_drive,software,automation,encoder_sensor,169.6,3,1.42
F00740,CNC-B1,2024-08-28,Coolant leak,1.5,3.6,TECH-007,Material defect,Vendor notified,coolant_system,hydraulic,hydraulic,coolant_pump_seal,53.56,1,0.63
F00741,CNC-B1,2024-09-05,Spindle fault,3.53,3.16,TECH-008,Calibration drift,Vendor notified,spindle,mechanical,mechanical,spindle_bearing,179.98,4,0.71
F00742,CNC-B1,2024-09-07,Axis calibration error,2.75,2.91,TECH-001,Overloading,Vendor notified,servo_drive,software,automation,encoder_sensor,187.07,7,1.37
F00743,CNC-B1,2024-09-09,Drive fault,2.3,2.21,TECH-001,Operator error,Operator retraining,servo_drive,electrical,electrical,servo_driver_board,1199.12,13,0.68
F00744,CNC-B1,2024-09-13,Spindle fault,4.6,2.0,TECH-007,Lack of preventive maintenance,Design modification,spindle,mechanical,mechanical,spindle_bearing,185.11,4,0.38
F00745,CNC-B1,2024-09-16,Spindle fault,3.56,1.37,TECH-005,Calibration drift,Operator retraining,spindle,mechanical,mechanical,spindle_bearing,271.44,7,0.41
F00746,CNC-B1,2024-10-02,Spindle fault,3.46,2.35,TECH-007,Design limitation,Design modification,spindle,mechanical,mechanical,spindle_bearing,256.96,8,0.58
F00747,CNC-B1,2024-10-20,Axis calibration error,2.69,1.67,TECH-008,Operator error,Vendor notified,servo_drive,software,automation,encoder_sensor,201.1,5,0.57
F00748,CNC-B1,2024-10-25,Drive fault,3.84,3.47,TECH-003,Overloading,Operator retraining,servo_drive,electrical,electrical,servo_driver_board,846.41,14,1.45
F00749,CNC-B1,2024-10-27,Spindle fault,4.27,2.9,TECH-008,Operator error,PM schedule updated,spindle,mechanical,mechanical,spindle_bearing,198.83,8,0.86
F00750,CNC-B1,2024-10-29,Spindle fault,2.57,2.09,TECH-002,Operator error,Part replacement,spindle,mechanical,mechanical,spindle_bearing,376.11,5,0.6
F00751,CNC-B1,2024-11-07,Axis calibration error,3.12,2.62,TECH-003,Overloading,Design modification,servo_drive,software,automation,encoder_sensor,192.79,7,0.95
F00752,CNC-B1,2024-11-10,Drive fault,3.57,1.57,TECH-003,Component wear,Recalibration,servo_drive,electrical,electrical,servo_driver_board,860.46,7,0.57
F00753,CNC-B1,2024-11-11,Coolant leak,3.15,2.23,TECH-008,Design limitation,Vendor notified,coolant_system,hydraulic,hydraulic,coolant_pump_seal,59.34,2,0.31
F00754,CNC-B1,2024-11-12,Tool breakage,5.08,1.95,TECH-005,Lack of preventive maintenance,Operator retraining,tool_changer,mechanical,mechanical,tool_insert_set,98.68,2,0.16
F00755,CNC-B1,2024-11-17,Drive fault,1.84,2.81,TECH-008,Material defect,Recalibration,servo_drive,electrical,electrical,servo_driver_board,698.01,10,0.81
F00756,CNC-B1,2024-11-23,Tool breakage,2.51,2.89,TECH-001,Material defect,Design modification,tool_changer,mechanical,mechanical,tool_insert_set,107.29,1,0.27
F00757,CNC-B1,2024-11-25,Spindle fault,2.29,2.05,TECH-001,Component wear,Recalibration,spindle,mechanical,mechanical,spindle_bearing,179.25,3,0.48
F00758,CNC-B1,2024-11-26,Tool breakage,3.09,3.06,TECH-005,Contamination,Part replacement,tool_changer,mechanical,mechanical,tool_insert_set,36.8,3,0.25
F00759,CNC-B1,2024-11-27,Coolant leak,2.9,2.97,TECH-003,Calibration drift,Vendor notified,coolant_system,hydraulic,hydraulic,coolant_pump_seal,38.97,1,0.38
F00760,CNC-B1,2024-12-03,Coolant leak,3.7,2.7,TECH-006,Contamination,Operator retraining,coolant_system,hydraulic,hydraulic,coolant_pump_seal,32.03,2,0.28
F00761,CNC-B1,2024-12-15,Tool breakage,3.45,1.72,TECH-005,Calibration drift,Recalibration,tool_changer,mechanical,mechanical,tool_insert_set,84.45,3,0.23
F00762,CNC-B1,2024-12-16,Axis calibration error,3.84,2.41,TECH-004,Material defect,Design modification,servo_drive,software,automation,encoder_sensor,105.98,3,1.02
F00763,CNC-B1,2024-12-17,Drive fault,1.25,2.12,TECH-002,Calibration drift,Vendor notified,servo_drive,electrical,electrical,servo_driver_board,783.52,11,0.56
F00764,CNC-B1,2024-12-25,Coolant leak,5.61,2.14,TECH-007,Contamination,PM schedule updated,coolant_system,hydraulic,hydraulic,coolant_pump_seal,77.77,2,0.41
F00765,CNC-B1,2024-12-30,Spindle fault,4.14,2.78,TECH-008,Calibration drift,Operator retraining,spindle,mechanical,mechanical,spindle_bearing,122.86,6,0.79
F00766,CNC-B1,2025-01-11,Coolant leak,3.82,2.53,TECH-004,Lack of preventive maintenance,Part replacement,coolant_system,hydraulic,hydraulic,coolant_pump_seal,62.07,1,0.29
F00767,CNC-B1,2025-01-12,Spindle fault,3.06,2.6,TECH-007,Overloading,Part replacement,spindle,mechanical,mechanical,spindle_bearing,172.73,7,0.67
F00768,CNC-B1,2025-01-15,Tool breakage,2.25,2.5,TECH-004,Design limitation,PM schedule updated,tool_changer,mechanical,mechanical,tool_insert_set,85.95,2,0.36
F00769,CNC-B1,2025-01-26,Coolant leak,3.01,3.42,TECH-001,Operator error,Vendor notified,coolant_system,hydraulic,hydraulic,coolant_pump_seal,58.63,2,0.51
F00770,CNC-B1,2025-01-29,Tool breakage,2.49,3.24,TECH-003,Material defect,PM schedule updated,tool_changer,mechanical,mechanical,tool_insert_set,65.57,1,0.23
F00771,CNC-B1,2025-02-11,Axis calibration error,4.21,2.5,TECH-001,Component wear,Operator retraining,servo_drive,software,automation,encoder_sensor,91.21,3,1.11
F00772,CNC-B1,2025-02-12,Coolant leak,1.73,3.07,TECH-008,Overloading,Vendor notified,coolant_system,hydraulic,hydraulic,coolant_pump_seal,29.14,2,0.44
F00773,CNC-B1,2025-02-13,Coolant leak,2.29,2.7,TECH-001,Material defect,Design modification,coolant_system,hydraulic,hydraulic,coolant_pump_seal,67.93,1,0.48
F00774,CNC-B1,2025-02-21,Coolant leak,3.9,1.68,TECH-002,Component wear,PM schedule updated,coolant_system,hydraulic,hydraulic,coolant_pump_seal,78.25,2,0.29
F00775,CNC-B1,2025-03-06,Drive fault,2.93,3.26,TECH-003,Overloading,Recalibration,servo_drive,electrical,electrical,servo_driver_board,527.1,13,1.21
F00776,CNC-B1,2025-03-12,Coolant leak,4.28,2.1,TECH-001,Design limitation,Operator retraining,coolant_system,hydraulic,hydraulic,coolant_pump_seal,43.23,2,0.22
F00777,CNC-B1,2025-03-13,Coolant leak,3.94,2.42,TECH-004,Design limitation,Recalibration,coolant_system,hydraulic,hydraulic,coolant_pump_seal,41.86,2,0.34
F00778,CNC-B1,2025-03-14,Tool breakage,3.68,1.85,TECH-008,Lack of preventive maintenance,Operator retraining,tool_changer,mechanical,mechanical,tool_insert_set,50.02,2,0.25
F00779,CNC-B1,2025-03-31,Axis calibration error,3.79,3.22,TECH-005,Contamination,Recalibration,servo_drive,software,automation,encoder_sensor,209.97,5,1.56
F00780,CNC-B1,2025-04-11,Drive fault,5.31,3.72,TECH-003,Material defect,Vendor notified,servo_drive,electrical,electrical,servo_driver_board,463.4,7,1.62
F00781,CNC-B1,2025-04-12,Tool breakage,2.08,3.53,TECH-001,Design limitation,Part replacement,tool_changer,mechanical,mechanical,tool_insert_set,115.91,2,0.45
F00782,CNC-B1,2025-04-20,Axis calibration error,3.06,2.67,TECH-001,Operator error,Design modification,servo_drive,software,automation,encoder_sensor,215.98,3,1.28
F00783,CNC-B2,2024-01-10,Spindle fault,5.44,3.35,TECH-006,Material defect,Recalibration,spindle,mechanical,mechanical,spindle_bearing,372.38,4,0.54
F00784,CNC-B2,2024-01-12,Tool breakage,2.22,2.98,TECH-005,Component wear,Recalibration,tool_changer,mechanical,mechanical,tool_insert_set,107.23,2,0.33
F00785,CNC-B2,2024-01-14,Drive fault,5.17,3.29,TECH-002,Material defect,Design modification,servo_drive,electrical,electrical,servo_driver_board,911.05,9,1.2
F00786,CNC-B2,2024-01-16,Coolant leak,3.62,3.52,TECH-004,Component wear,Part replacement,coolant_system,hydraulic,hydraulic,coolant_pump_seal,37.52,2,0.61
F00787,CNC-B2,2024-01-18,Tool breakage,4.77,2.7,TECH-003,Lack of preventive maintenance,Operator retraining,tool_changer,mechanical,mechanical,tool_insert_set,41.38,3,0.36
F00788,CNC-B2,2024-02-02,Tool breakage,4.74,3.4,TECH-007,Overloading,Recalibration,tool_changer,mechanical,mechanical,tool_insert_set,75.16,3,0.34
F00789,CNC-B2,2024-02-10,Axis calibration error,4.89,2.63,TECH-006,Design limitation,PM schedule updated,servo_drive,software,automation,encoder_sensor,127.15,7,1.17
F00790,CNC-B2,2024-02-21,Drive fault,3.51,2.27,TECH-002,Calibration drift,Design modification,servo_drive,electrical,electrical,servo_driver_board,726.74,14,0.65
F00791,CNC-B2,2024-02-22,Axis calibration error,4.67,1.87,TECH-002,Calibration drift,PM schedule updated,servo_drive,software,automation,encoder_sensor,114.64,6,0.91
F00792,CNC-B2,2024-02-29,Spindle fault,3.57,2.51,TECH-004,Component wear,Design modification,spindle,mechanical,mechanical,spindle_bearing,310.88,5,0.46
F00793,CNC-B2,2024-03-01,Coolant leak,3.44,3.51,TECH-006,Calibration drift,Operator retraining,coolant_system,hydraulic,hydraulic,coolant_pump_seal,81.29,2,0.65
F00794,CNC-B2,2024-03-02,Axis calibration error,2.96,3.29,TECH-003,Design limitation,PM schedule updated,servo_drive,software,automation,encoder_sensor,117.63,4,1.39
F00795,CNC-B2,2024-03-08,Tool breakage,4.15,3.41,TECH-006,Operator error,PM schedule updated,tool_changer,mechanical,mechanical,tool_insert_set,113.77,1,0.41
F00796,CNC-B2,2024-03-13,Drive fault,3.03,3.59,TECH-004,Component wear,Operator retraining,servo_drive,electrical,electrical,servo_driver_board,1190.48,7,1.01
F00797,CNC-B2,2024-03-16,Drive fault,2.89,4.19,TECH-007,Overloading,Design modification,servo_drive,electrical,electrical,servo_driver_board,516.3,11,1.33
F00798,CNC-B2,2024-03-26,Tool breakage,3.16,3.07,TECH-008,Operator error,Design modification,tool_changer,mechanical,mechanical,tool_insert_set,41.06,3,0.3
F00799,CNC-B2,2024-04-01,Axis calibration error,3.64,3.46,TECH-003,Design limitation,Operator retraining,servo_drive,software,automation,encoder_sensor,186.76,3,1.27
F00800,CNC-B2,2024-04-02,Axis calibration error,5.21,3.94,TECH-006,Calibration drift,Vendor notified,servo_drive,software,automation,encoder_sensor,199.17,4,1.59
F00801,CNC-B2,2024-04-09,Drive fault,5.33,3.84,TECH-001,Component wear,Vendor notified,servo_drive,electrical,electrical,servo_driver_board,1082.05,5,1.69
F00802,CNC-B2,2024-04-10,Drive fault,2.9,3.08,TECH-008,Material defect,Recalibration,servo_drive,electrical,electrical,servo_driver_board,938.1,9,0.84
F00803,CNC-B2,2024-04-17,Coolant leak,3.33,3.96,TECH-007,Contamination,Part replacement,coolant_system,hydraulic,hydraulic,coolant_pump_seal,82.88,3,0.45
F00804,CNC-B2,2024-04-22,Spindle fault,2.96,2.71,TECH-005,Lack of preventive maintenance,PM schedule updated,spindle,mechanical,mechanical,spindle_bearing,159.7,5,0.69
F00805,CNC-B2,2024-05-07,Drive fault,3.88,3.19,TECH-006,Operator error,PM schedule updated,servo_drive,electrical,electrical,servo_driver_board,485.53,10,0.89
F00806,CNC-B2,2024-05-20,Axis calibration error,3.98,4.19,TECH-006,Overloading,Operator retraining,servo_drive,software,automation,encoder_sensor,144.55,4,1.6
F00807,CNC-B2,2024-05-23,Axis calibration error,2.48,2.94,TECH-003,Material defect,Design modification,servo_drive,software,automation,encoder_sensor,155.45,4,0.9
F00808,CNC-B2,2024-05-26,Spindle fault,5.47,2.64,TECH-005,Component wear,Recalibration,spindle,mechanical,mechanical,spindle_bearing,279.74,4,0.54
F00809,CNC-B2,2024-05-27,Axis calibration error,3.52,2.91,TECH-007,Component wear,Part replacement,servo_drive,software,automation,encoder_sensor,172.93,6,0.88
F00810,CNC-B2,2024-05-28,Drive fault,4.5,2.01,TECH-007,Component wear,Operator retraining,servo_drive,electrical,electrical,servo_driver_board,636.22,6,0.69
F00811,CNC-B2,2024-06-01,Coolant leak,2.85,2.98,TECH-004,Component wear,Operator retraining,coolant_system,hydraulic,hydraulic,coolant_pump_seal,52.43,3,0.41
F00812,CNC-B2,2024-06-07,Spindle fault,2.2,2.62,TECH-005,Overloading,Design modification,spindle,mechanical,mechanical,spindle_bearing,257.91,7,0.63
F00813,CNC-B2,2024-06-12,Axis calibration error,4.1,3.24,TECH-006,Operator error,Design modification,servo_drive,software,automation,encoder_sensor,87.95,6,1.2
F00814,CNC-B2,2024-06-16,Drive fault,3.65,2.87,TECH-005,Calibration drift,Design modification,servo_drive,electrical,electrical,servo_driver_board,765.96,10,0.78
F00815,CNC-B2,2024-06-17,Axis calibration error,4.16,3.02,TECH-002,Design limitation,Design modification,servo_drive,software,automation,encoder_sensor,190.68,7,0.92
F00816,CNC-B2,2024-06-18,Axis calibration error,2.92,4.12,TECH-008,Calibration drift,Design modification,servo_drive,software,automation,encoder_sensor,166.19,7,1.87
F00817,CNC-B2,2024-06-26,Coolant leak,1.69,3.97,TECH-005,Component wear,Part replacement,coolant_system,hydraulic,hydraulic,coolant_pump_seal,45.66,3,0.65
F00818,CNC-B2,2024-07-03,Drive fault,3.17,2.89,TECH-005,Lack of preventive maintenance,Vendor notified,servo_drive,electrical,electrical,servo_driver_board,1146.87,12,1.29
F00819,CNC-B2,2024-07-07,Coolant leak,3.99,3.38,TECH-001,Design limitation,Operator retraining,coolant_system,hydraulic,hydraulic,coolant_pump_seal,30.63,2,0.52
F00820,CNC-B2,2024-07-08,Coolant leak,1.97,3.16,TECH-005,Component wear,Design modification,coolant_system,hydraulic,hydraulic,coolant_pump_seal,37.1,2,0.42
F00821,CNC-B2,2024-07-10,Tool breakage,3.94,3.12,TECH-003,Component wear,Vendor notified,tool_changer,mechanical,mechanical,tool_insert_set,118.95,1,0.3
F00822,CNC-B2,2024-07-13,Spindle fault,4.11,2.73,TECH-008,Component wear,Design modification,spindle,mechanical,mechanical,spindle_bearing,339.09,3,0.54
F00823,CNC-B2,2024-07-26,Spindle fault,3.62,3.42,TECH-003,Calibration drift,Operator retraining,spindle,mechanical,mechanical,spindle_bearing,244.75,3,0.76
F00824,CNC-B2,2024-08-04,Spindle fault,3.92,3.89,TECH-004,Contamination,Part replacement,spindle,mechanical,mechanical,spindle_bearing,154.04,8,0.61
F00825,CNC-B2,2024-08-10,Spindle fault,3.86,2.88,TECH-008,Overloading,Operator retraining,spindle,mechanical,mechanical,spindle_bearing,365.81,8,0.65
F00826,CNC-B2,2024-08-12,Drive fault,3.8,2.13,TECH-004,Overloading,Vendor notified,servo_drive,electrical,electrical,servo_driver_board,518.03,7,0.71
F00827,CNC-B2,2024-08-20,Axis calibration error,3.31,3.26,TECH-001,Design limitation,Operator retraining,servo_drive,software,automation,encoder_sensor,210.56,6,1.61
F00828,CNC-B2,2024-08-23,Tool breakage,3.37,3.92,TECH-002,Contamination,Operator retraining,tool_changer,mechanical,mechanical,tool_insert_set,57.0,2,0.39
F00829,CNC-B2,2024-08-29,Coolant leak,3.4,2.78,TECH-005,Operator error,PM schedule updated,coolant_system,hydraulic,hydraulic,coolant_pump_seal,81.29,1,0.36
F00830,CNC-B2,2024-09-05,Spindle fault,2.56,3.9,TECH-004,Contamination,Vendor notified,spindle,mechanical,mechanical,spindle_bearing,342.42,5,0.81
F00831,CNC-B2,2024-09-12,Tool breakage,4.36,3.93,TECH-002,Lack of preventive maintenance,Operator retraining,tool_changer,mechanical,mechanical,tool_insert_set,80.11,3,0.27
F00832,CNC-B2,2024-09-13,Spindle fault,4.67,3.62,TECH-005,Design limitation,Recalibration,spindle,mechanical,mechanical,spindle_bearing,198.36,8,0.56
F00833,CNC-B2,2024-09-14,Drive fault,3.6,3.05,TECH-004,Operator error,Vendor notified,servo_drive,electrical,electrical,servo_driver_board,743.88,10,1.18
F00834,CNC-B2,2024-10-05,Axis calibration error,4.96,3.65,TECH-003,Operator error,Vendor notified,servo_drive,software,automation,encoder_sensor,109.48,4,1.59
F00835,CNC-B2,2024-10-06,Tool breakage,3.45,4.1,TECH-008,Design limitation,Operator retraining,tool_changer,mechanical,mechanical,tool_insert_set,57.4,2,0.35
F00836,CNC-B2,2024-10-13,Coolant leak,3.03,2.25,TECH-003,Operator error,PM schedule updated,coolant_system,hydraulic,hydraulic,coolant_pump_seal,72.44,2,0.33
F00837,CNC-B2,2024-10-23,Tool breakage,3.2,3.59,TECH-005,Design limitation,Recalibration,tool_changer,mechanical,mechanical,tool_insert_set,65.71,1,0.38
F00838,CNC-B2,2024-10-26,Drive fault,1.64,3.28,TECH-007,Component wear,Vendor notified,servo_drive,electrical,electrical,servo_driver_board,610.37,13,1.41
F00839,CNC-B2,2024-10-30,Spindle fault,4.86,4.06,TECH-002,Calibration drift,Vendor notified,spindle,mechanical,mechanical,spindle_bearing,209.09,7,0.91
F00840,CNC-B2,2024-10-31,Coolant leak,4.2,3.25,TECH-008,Lack of preventive maintenance,Operator retraining,coolant_system,hydraulic,hydraulic,coolant_pump_seal,35.68,1,0.4
F00841,CNC-B2,2024-11-01,Axis calibration error,2.42,2.05,TECH-005,Component wear,Vendor notified,servo_drive,software,automation,encoder_sensor,185.86,4,0.95
F00842,CNC-B2,2024-11-03,Axis calibration error,3.78,3.23,TECH-008,Overloading,Operator retraining,servo_drive,software,automation,encoder_sensor,211.48,3,1.36
F00843,CNC-B2,2024-11-15,Drive fault,4.17,2.1,TECH-004,Lack of preventive maintenance,Operator retraining,servo_drive,electrical,electrical,servo_driver_board,982.77,9,0.94
F00844,CNC-B2,2024-12-05,Drive fault,4.3,2.53,TECH-006,Contamination,Vendor notified,servo_drive,electrical,electrical,servo_driver_board,706.15,12,0.71
F00845,CNC-B2,2024-12-07,Tool breakage,6.92,3.94,TECH-006,Contamination,Part replacement,tool_changer,mechanical,mechanical,tool_insert_set,79.13,3,0.27
F00846,CNC-B2,2024-12-19,Spindle fault,3.89,2.67,TECH-003,Lack of preventive maintenance,Operator retraining,spindle,mechanical,mechanical,spindle_bearing,279.41,6,0.41
F00847,CNC-B2,2024-12-26,Tool breakage,3.55,3.81,TECH-006,Calibration drift,Part replacement,tool_changer,mechanical,mechanical,tool_insert_set,113.85,2,0.21
F00848,CNC-B2,2025-01-09,Tool breakage,3.26,3.36,TECH-004,Lack of preventive maintenance,Vendor notified,tool_changer,mechanical,mechanical,tool_insert_set,44.2,1,0.25
F00849,CNC-B2,2025-02-15,Drive fault,3.91,3.83,TECH-005,Calibration drift,Design modification,servo_drive,electrical,electrical,servo_driver_board,655.43,13,1.17
F00850,CNC-B2,2025-03-09,Tool breakage,4.79,1.66,TECH-001,Contamination,Part replacement,tool_changer,mechanical,mechanical,tool_insert_set,51.4,1,0.15
F00851,CNC-B2,2025-03-11,Spindle fault,3.66,2.56,TECH-008,Component wear,Vendor notified,spindle,mechanical,mechanical,spindle_bearing,220.14,8,0.51
F00852,CNC-B2,2025-03-16,Spindle fault,4.07,3.12,TECH-008,Lack of preventive maintenance,Operator retraining,spindle,mechanical,mechanical,spindle_bearing,143.33,5,0.48
F00853,CNC-B2,2025-03-31,Spindle fault,3.31,2.88,TECH-001,Component wear,Vendor notified,spindle,mechanical,mechanical,spindle_bearing,172.55,4,0.86
F00854,CNC-B2,2025-04-01,Axis calibration error,3.24,4.26,TECH-003,Operator error,Part replacement,servo_drive,software,automation,encoder_sensor,210.35,6,1.71
F00855,CNC-B2,2025-04-02,Tool breakage,2.74,2.7,TECH-004,Overloading,PM schedule updated,tool_changer,mechanical,mechanical,tool_insert_set,80.21,3,0.34
F00856,CNC-B2,2025-04-13,Coolant leak,5.28,3.09,TECH-002,Component wear,PM schedule updated,coolant_system,hydraulic,hydraulic,coolant_pump_seal,75.41,1,0.57
F00857,CNC-B2,2025-04-25,Drive fault,4.28,2.15,TECH-003,Contamination,Part replacement,servo_drive,electrical,electrical,servo_driver_board,1121.63,6,0.87
F00858,CNC-B2,2025-04-26,Coolant leak,4.47,3.71,TECH-003,Calibration drift,Recalibration,coolant_system,hydraulic,hydraulic,coolant_pump_seal,78.0,2,0.49
F00859,CNC-B3,2024-01-02,Drive fault,6.35,4.67,TECH-007,Component wear,Part replacement,servo_drive,electrical,electrical,servo_driver_board,1146.93,9,2.1
F00860,CNC-B3,2024-01-14,Tool breakage,4.68,3.84,TECH-005,Overloading,Vendor notified,tool_changer,mechanical,mechanical,tool_insert_set,100.46,1,0.23
F00861,CNC-B3,2024-01-23,Spindle fault,4.81,2.64,TECH-003,Design limitation,Design modification,spindle,mechanical,mechanical,spindle_bearing,290.62,3,0.7
F00862,CNC-B3,2024-01-26,Tool breakage,4.61,4.27,TECH-003,Calibration drift,Design modification,tool_changer,mechanical,mechanical,tool_insert_set,102.93,1,0.47
F00863,CNC-B3,2024-02-12,Coolant leak,3.17,2.85,TECH-007,Lack of preventive maintenance,Design modification,coolant_system,hydraulic,hydraulic,coolant_pump_seal,81.13,2,0.36
F00864,CNC-B3,2024-02-13,Tool breakage,5.6,4.43,TECH-006,Material defect,Operator retraining,tool_changer,mechanical,mechanical,tool_insert_set,70.21,1,0.24
F00865,CNC-B3,2024-02-21,Spindle fault,4.07,3.29,TECH-002,Component wear,Vendor notified,spindle,mechanical,mechanical,spindle_bearing,236.54,5,0.69
F00866,CNC-B3,2024-03-02,Spindle fault,5.7,3.33,TECH-001,Lack of preventive maintenance,Vendor notified,spindle,mechanical,mechanical,spindle_bearing,230.53,4,0.94
F00867,CNC-B3,2024-03-04,Drive fault,4.78,4.36,TECH-008,Lack of preventive maintenance,Part replacement,servo_drive,electrical,electrical,servo_driver_board,652.76,13,1.46
F00868,CNC-B3,2024-03-11,Tool breakage,5.19,3.59,TECH-008,Operator error,Part replacement,tool_changer,mechanical,mechanical,tool_insert_set,62.86,3,0.36
F00869,CNC-B3,2024-03-24,Coolant leak,4.29,2.8,TECH-007,Material defect,Vendor notified,coolant_system,hydraulic,hydraulic,coolant_pump_seal,53.9,2,0.42
F00870,CNC-B3,2024-03-30,Coolant leak,3.65,4.97,TECH-004,Operator error,Recalibration,coolant_system,hydraulic,hydraulic,coolant_pump_seal,37.41,1,0.67
F00871,CNC-B3,2024-04-06,Spindle fault,5.32,3.26,TECH-002,Calibration drift,Design modification,spindle,mechanical,mechanical,spindle_bearing,267.11,6,0.89
F00872,CNC-B3,2024-04-09,Drive fault,5.05,3.53,TECH-008,Component wear,Operator retraining,servo_drive,electrical,electrical,servo_driver_board,642.54,9,1.57
F00873,CNC-B3,2024-04-11,Coolant leak,3.84,3.93,TECH-005,Material defect,PM schedule updated,coolant_system,hydraulic,hydraulic,coolant_pump_seal,76.65,2,0.72
F00874,CNC-B3,2024-04-12,Spindle fault,4.42,3.55,TECH-002,Calibration drift,Operator retraining,spindle,mechanical,mechanical,spindle_bearing,156.95,8,0.81
F00875,CNC-B3,2024-04-15,Coolant leak,4.61,3.27,TECH-003,Component wear,Design modification,coolant_system,hydraulic,hydraulic,coolant_pump_seal,38.54,1,0.52
F00876,CNC-B3,2024-05-05,Drive fault,4.86,3.54,TECH-008,Material defect,Design modification,servo_drive,electrical,electrical,servo_driver_board,647.59,13,1.54
F00877,CNC-B3,2024-05-08,Axis calibration error,4.37,3.83,TECH-004,Material defect,PM schedule updated,servo_drive,software,automation,encoder_sensor,100.55,4,1.7
F00878,CNC-B3,2024-05-11,Spindle fault,5.01,5.51,TECH-001,Overloading,Part replacement,spindle,mechanical,mechanical,spindle_bearing,135.3,6,1.32
F00879,CNC-B3,2024-05-12,Tool breakage,2.64,4.04,TECH-007,Overloading,Operator retraining,tool_changer,mechanical,mechanical,tool_insert_set,104.35,1,0.41
F00880,CNC-B3,2024-05-21,Axis calibration error,4.39,3.47,TECH-004,Operator error,Design modification,servo_drive,software,automation,encoder_sensor,119.91,3,1.5
F00881,CNC-B3,2024-05-29,Spindle fault,4.15,3.07,TECH-003,Contamination,PM schedule updated,spindle,mechanical,mechanical,spindle_bearing,150.86,5,0.87
F00882,CNC-B3,2024-05-30,Coolant leak,4.76,3.8,TECH-003,Calibration drift,Design modification,coolant_system,hydraulic,hydraulic,coolant_pump_seal,39.53,3,0.5
F00883,CNC-B3,2024-06-07,Spindle fault,5.8,3.93,TECH-007,Component wear,PM schedule updated,spindle,mechanical,mechanical,spindle_bearing,272.79,5,0.85
F00884,CNC-B3,2024-06-12,Tool breakage,4.54,3.76,TECH-007,Contamination,Design modification,tool_changer,mechanical,mechanical,tool_insert_set,48.28,3,0.23
F00885,CNC-B3,2024-06-13,Drive fault,3.75,4.07,TECH-004,Operator error,Design modification,servo_drive,electrical,electrical,servo_driver_board,1199.82,12,1.73
F00886,CNC-B3,2024-06-25,Coolant leak,4.53,3.55,TECH-001,Operator error,Operator retraining,coolant_system,hydraulic,hydraulic,coolant_pump_seal,57.91,2,0.68
F00887,CNC-B3,2024-06-27,Spindle fault,3.76,3.31,TECH-002,Material defect,Recalibration,spindle,mechanical,mechanical,spindle_bearing,142.82,8,0.96
F00888,CNC-B3,2024-07-20,Axis calibration error,4.6,4.17,TECH-004,Material defect,PM schedule updated,servo_drive,software,automation,encoder_sensor,212.91,3,1.51
F00889,CNC-B3,2024-07-22,Coolant leak,4.37,4.94,TECH-001,Operator error,PM schedule updated,coolant_system,hydraulic,hydraulic,coolant_pump_seal,50.02,3,0.7
F00890,CNC-B3,2024-07-24,Tool breakage,3.17,3.88,TECH-008,Design limitation,Operator retraining,tool_changer,mechanical,mechanical,tool_insert_set,51.15,2,0.54
F00891,CNC-B3,2024-07-29,Tool breakage,5.41,2.06,TECH-004,Calibration drift,Part replacement,tool_changer,mechanical,mechanical,tool_insert_set,56.53,2,0.12
F00892,CNC-B3,2024-07-30,Tool breakage,5.31,3.43,TECH-002,Component wear,PM schedule updated,tool_changer,mechanical,mechanical,tool_insert_set,38.29,3,0.4
F00893,CNC-B3,2024-07-31,Spindle fault,4.95,4.15,TECH-001,Design limitation,Operator retraining,spindle,mechanical,mechanical,spindle_bearing,208.14,6,0.68
F00894,CNC-B3,2024-08-20,Coolant leak,3.97,3.7,TECH-007,Calibration drift,Vendor notified,coolant_system,hydraulic,hydraulic,coolant_pump_seal,86.89,2,0.65
F00895,CNC-B3,2024-08-26,Spindle fault,4.45,4.06,TECH-006,Overloading,Design modification,spindle,mechanical,mechanical,spindle_bearing,347.83,5,0.8
F00896,CNC-B3,2024-08-28,Drive fault,3.94,3.26,TECH-008,Calibration drift,PM schedule updated,servo_drive,electrical,electrical,servo_driver_board,726.26,6,1.17
F00897,CNC-B3,2024-09-01,Coolant leak,5.34,3.41,TECH-004,Calibration drift,PM schedule updated,coolant_system,hydraulic,hydraulic,coolant_pump_seal,46.41,3,0.47
F00898,CNC-B3,2024-09-21,Coolant leak,4.6,3.57,TECH-005,Calibration drift,Recalibration,coolant_system,hydraulic,hydraulic,coolant_pump_seal,43.78,1,0.49
F00899,CNC-B3,2024-09-26,Spindle fault,5.31,4.6,TECH-003,Component wear,Recalibration,spindle,mechanical,mechanical,spindle_bearing,171.21,7,1.12
F00900,CNC-B3,2024-09-27,Spindle fault,5.52,3.97,TECH-008,Design limitation,PM schedule updated,spindle,mechanical,mechanical,spindle_bearing,220.92,4,0.8
F00901,CNC-B3,2024-09-28,Coolant leak,4.28,3.72,TECH-006,Component wear,PM schedule updated,coolant_system,hydraulic,hydraulic,coolant_pump_seal,61.1,3,0.51
F00902,CNC-B3,2024-10-01,Tool breakage,5.95,3.66,TECH-001,Overloading,Operator retraining,tool_changer,mechanical,mechanical,tool_insert_set,84.94,3,0.54
F00903,CNC-B3,2024-10-09,Spindle fault,7.03,3.24,TECH-001,Contamination,Vendor notified,spindle,mechanical,mechanical,spindle_bearing,255.71,3,0.87
F00904,CNC-B3,2024-10-16,Drive fault,3.63,3.9,TECH-003,Calibration drift,PM schedule updated,servo_drive,electrical,electrical,servo_driver_board,494.04,14,1.31
F00905,CNC-B3,2024-10-22,Spindle fault,4.28,2.18,TECH-002,Design limitation,Part replacement,spindle,mechanical,mechanical,spindle_bearing,301.56,6,0.48
F00906,CNC-B3,2024-10-24,Tool breakage,5.23,3.11,TECH-006,Lack of preventive maintenance,Design modification,tool_changer,mechanical,mechanical,tool_insert_set,42.89,3,0.33
F00907,CNC-B3,2024-10-29,Coolant leak,3.86,3.53,TECH-004,Lack of preventive maintenance,Part replacement,coolant_system,hydraulic,hydraulic,coolant_pump_seal,35.85,3,0.53
F00908,CNC-B3,2024-11-02,Tool breakage,2.96,4.18,TECH-007,Material defect,Operator retraining,tool_changer,mechanical,mechanical,tool_insert_set,96.49,3,0.57
F00909,CNC-B3,2024-11-04,Coolant leak,2.4,2.68,TECH-007,Component wear,Vendor notified,coolant_system,hydraulic,hydraulic,coolant_pump_seal,66.99,3,0.47
F00910,CNC-B3,2024-11-15,Coolant leak,3.81,4.34,TECH-006,Contamination,PM schedule updated,coolant_system,hydraulic,hydraulic,coolant_pump_seal,80.23,2,0.81
F00911,CNC-B3,2024-12-07,Axis calibration error,4.9,3.57,TECH-007,Calibration drift,PM schedule updated,servo_drive,software,automation,encoder_sensor,89.92,3,1.23
F00912,CNC-B3,2024-12-08,Axis calibration error,4.22,2.19,TECH-003,Operator error,Recalibration,servo_drive,software,automation,encoder_sensor,201.15,5,0.94
F00913,CNC-B3,2024-12-09,Coolant leak,2.3,4.04,TECH-002,Overloading,Part replacement,coolant_system,hydraulic,hydraulic,coolant_pump_seal,54.05,1,0.54
F00914,CNC-B3,2024-12-10,Spindle fault,3.97,3.33,TECH-008,Component wear,Recalibration,spindle,mechanical,mechanical,spindle_bearing,302.98,4,0.6
F00915,CNC-B3,2024-12-11,Tool breakage,3.49,4.45,TECH-005,Design limitation,Operator retraining,tool_changer,mechanical,mechanical,tool_insert_set,42.95,2,0.56
F00916,CNC-B3,2024-12-15,Tool breakage,4.3,3.84,TECH-003,Design limitation,PM schedule updated,tool_changer,mechanical,mechanical,tool_insert_set,51.98,3,0.3
F00917,CNC-B3,2025-01-02,Coolant leak,5.21,3.06,TECH-007,Component wear,Operator retraining,coolant_system,hydraulic,hydraulic,coolant_pump_seal,88.27,1,0.49
F00918,CNC-B3,2025-01-15,Coolant leak,4.39,3.66,TECH-008,Operator error,Design modification,coolant_system,hydraulic,hydraulic,coolant_pump_seal,47.07,3,0.48
F00919,CNC-B3,2025-01-22,Coolant leak,3.27,3.32,TECH-008,Operator error,PM schedule updated,coolant_system,hydraulic,hydraulic,coolant_pump_seal,30.45,1,0.35
F00920,CNC-B3,2025-01-26,Spindle fault,2.6,3.13,TECH-001,Component wear,PM schedule updated,spindle,mechanical,mechanical,spindle_bearing,121.26,7,0.81
F00921,CNC-B3,2025-01-29,Tool breakage,4.19,3.13,TECH-005,Contamination,Operator retraining,tool_changer,mechanical,mechanical,tool_insert_set,115.65,1,0.3
F00922,CNC-B3,2025-02-03,Coolant leak,4.91,3.73,TECH-002,Material defect,Vendor notified,coolant_system,hydraulic,hydraulic,coolant_pump_seal,58.13,3,0.54
F00923,CNC-B3,2025-02-04,Drive fault,6.14,4.51,TECH-006,Contamination,Vendor notified,servo_drive,electrical,electrical,servo_driver_board,693.48,12,1.52
F00924,CNC-B3,2025-02-13,Coolant leak,4.32,4.97,TECH-002,Contamination,Recalibration,coolant_system,hydraulic,hydraulic,coolant_pump_seal,65.09,2,0.94
F00925,CNC-B3,2025-02-14,Axis calibration error,3.47,3.72,TECH-007,Contamination,Recalibration,servo_drive,software,automation,encoder_sensor,219.33,7,1.4
F00926,CNC-B3,2025-02-15,Spindle fault,5.01,4.24,TECH-002,Overloading,Operator retraining,spindle,mechanical,mechanical,spindle_bearing,166.98,3,0.86
F00927,CNC-B3,2025-03-01,Tool breakage,5.01,4.07,TECH-008,Contamination,PM schedule updated,tool_changer,mechanical,mechanical,tool_insert_set,59.44,1,0.51
F00928,CNC-B3,2025-03-07,Drive fault,5.35,4.43,TECH-006,Component wear,Vendor notified,servo_drive,electrical,electrical,servo_driver_board,822.22,6,1.92
F00929,CNC-B3,2025-03-09,Spindle fault,4.54,3.42,TECH-003,Material defect,PM schedule updated,spindle,mechanical,mechanical,spindle_bearing,128.47,8,0.72
F00930,CNC-B3,2025-03-10,Tool breakage,4.88,4.02,TECH-002,Lack of preventive maintenance,Operator retraining,tool_changer,mechanical,mechanical,tool_insert_set,41.82,1,0.31
F00931,CNC-B3,2025-03-18,Drive fault,5.09,3.9,TECH-001,Calibration drift,Part replacement,servo_drive,electrical,electrical,servo_driver_board,1189.52,8,1.13
F00932,CNC-B3,2025-03-31,Tool breakage,5.49,3.97,TECH-002,Operator error,Design modification,tool_changer,mechanical,mechanical,tool_insert_set,83.76,1,0.4
F00933,CNC-B3,2025-04-01,Coolant leak,5.15,3.52,TECH-001,Operator error,Recalibration,coolant_system,hydraulic,hydraulic,coolant_pump_seal,63.99,1,0.64
F00934,CNC-B3,2025-04-11,Coolant leak,7.16,3.14,TECH-006,Component wear,Design modification,coolant_system,hydraulic,hydraulic,coolant_pump_seal,36.59,2,0.45
F00935,CNC-B3,2025-04-19,Tool breakage,3.53,3.21,TECH-002,Lack of preventive maintenance,Design modification,tool_changer,mechanical,mechanical,tool_insert_set,93.63,1,0.28
F00936,CNC-B3,2025-04-20,Drive fault,4.89,4.38,TECH-001,Operator error,Recalibration,servo_drive,electrical,electrical,servo_driver_board,875.81,13,1.16
F00937,LT-B1,2024-01-05,Spindle wear,4.82,6.82,TECH-008,Operator error,Recalibration,spindle,mechanical,mechanical,spindle_bearing,164.28,7,1.43
F00938,LT-B1,2024-01-09,Electrical fault,9.83,6.34,TECH-004,Overloading,Part replacement,electrical_panel,electrical,electrical,terminal_block,33.56,1,1.87
F00939,LT-B1,2024-01-12,Electrical fault,6.94,7.84,TECH-003,Calibration drift,PM schedule updated,electrical_panel,electrical,electrical,terminal_block,21.59,3,2.49
F00940,LT-B1,2024-01-15,Chuck misalignment,7.27,6.37,TECH-008,Operator error,Operator retraining,chuck_assembly,mechanical,mechanical,chuck_jaw_set,134.23,7,0.98
F00941,LT-B1,2024-01-16,Belt slippage,6.44,5.84,TECH-004,Overloading,PM schedule updated,feed_mechanism,mechanical,mechanical,drive_belt,24.98,2,0.43
F00942,LT-B1,2024-01-26,Belt slippage,4.34,7.62,TECH-006,Component wear,Part replacement,feed_mechanism,mechanical,mechanical,drive_belt,51.06,3,0.71
F00943,LT-B1,2024-02-11,Belt slippage,6.88,6.53,TECH-002,Operator error,Recalibration,feed_mechanism,mechanical,mechanical,drive_belt,64.16,3,0.65
F00944,LT-B1,2024-02-12,Spindle wear,5.98,3.13,TECH-002,Contamination,Recalibration,spindle,mechanical,mechanical,spindle_bearing,377.16,5,0.38
F00945,LT-B1,2024-02-13,Bearing failure,2.87,4.27,TECH-004,Overloading,Vendor notified,spindle,mechanical,mechanical,precision_bearing,158.84,5,0.73
F00946,LT-B1,2024-02-14,Electrical fault,8.11,4.29,TECH-005,Overloading,PM schedule updated,electrical_panel,electrical,electrical,terminal_block,65.86,1,1.21
F00947,LT-B1,2024-02-15,Belt slippage,6.22,5.7,TECH-005,Component wear,Operator retraining,feed_mechanism,mechanical,mechanical,drive_belt,58.32,3,0.52
F00948,LT-B1,2024-02-16,Spindle wear,7.79,8.02,TECH-001,Operator error,Vendor notified,spindle,mechanical,mechanical,spindle_bearing,215.31,4,1.43
F00949,LT-B1,2024-02-17,Spindle wear,10.47,7.31,TECH-007,Contamination,Recalibration,spindle,mechanical,mechanical,spindle_bearing,240.18,5,1.07
F00950,LT-B1,2024-02-18,Electrical fault,5.44,4.96,TECH-008,Calibration drift,Recalibration,electrical_panel,electrical,electrical,terminal_block,31.55,1,1.11
F00951,LT-B1,2024-02-19,Electrical fault,5.49,6.52,TECH-006,Lack of preventive maintenance,Part replacement,electrical_panel,electrical,electrical,terminal_block,26.1,3,1.76
F00952,LT-B1,2024-03-01,Belt slippage,8.52,6.05,TECH-006,Overloading,Operator retraining,feed_mechanism,mechanical,mechanical,drive_belt,29.09,3,0.72
F00953,LT-B1,2024-03-02,Chuck misalignment,10.23,6.84,TECH-003,Calibration drift,Operator retraining,chuck_assembly,mechanical,mechanical,chuck_jaw_set,255.63,3,1.18
F00954,LT-B1,2024-03-03,Bearing failure,7.32,5.03,TECH-008,Calibration drift,Operator retraining,spindle,mechanical,mechanical,precision_bearing,56.08,2,0.54
F00955,LT-B1,2024-03-05,Chuck misalignment,8.17,6.87,TECH-008,Overloading,Design modification,chuck_assembly,mechanical,mechanical,chuck_jaw_set,241.96,3,1.08
F00956,LT-B1,2024-03-07,Bearing failure,7.96,5.44,TECH-001,Lack of preventive maintenance,Recalibration,spindle,mechanical,mechanical,precision_bearing,148.51,5,0.6
F00957,LT-B1,2024-03-11,Bearing failure,5.93,8.24,TECH-006,Overloading,Part replacement,spindle,mechanical,mechanical,precision_bearing,129.02,3,1.27
F00958,LT-B1,2024-03-12,Bearing failure,9.81,6.43,TECH-004,Material defect,Recalibration,spindle,mechanical,mechanical,precision_bearing,56.37,5,1.22
F00959,LT-B1,2024-03-14,Bearing failure,4.22,4.93,TECH-005,Operator error,PM schedule updated,spindle,mechanical,mechanical,precision_bearing,178.91,5,0.63
F00960,LT-B1,2024-03-15,Belt slippage,7.28,6.41,TECH-007,Design limitation,Part replacement,feed_mechanism,mechanical,mechanical,drive_belt,28.57,1,0.68
F00961,LT-B1,2024-03-17,Belt slippage,2.96,4.51,TECH-007,Contamination,Design modification,feed_mechanism,mechanical,mechanical,drive_belt,53.61,1,0.57
F00962,LT-B1,2024-03-18,Spindle wear,4.82,6.65,TECH-006,Calibration drift,Design modification,spindle,mechanical,mechanical,spindle_bearing,352.06,7,1.47
F00963,LT-B1,2024-03-22,Chuck misalignment,7.22,5.82,TECH-006,Overloading,Recalibration,chuck_assembly,mechanical,mechanical,chuck_jaw_set,159.56,5,1.13
F00964,LT-B1,2024-03-23,Electrical fault,9.77,4.63,TECH-004,Design limitation,PM schedule updated,electrical_panel,electrical,electrical,terminal_block,35.81,2,1.56
F00965,LT-B1,2024-03-24,Spindle wear,9.78,6.47,TECH-002,Operator error,Design modification,spindle,mechanical,mechanical,spindle_bearing,297.29,8,1.05
F00966,LT-B1,2024-03-25,Belt slippage,11.0,7.46,TECH-007,Material defect,PM schedule updated,feed_mechanism,mechanical,mechanical,drive_belt,50.48,3,0.74
F00967,LT-B1,2024-03-28,Chuck misalignment,6.84,5.6,TECH-007,Contamination,Recalibration,chuck_assembly,mechanical,mechanical,chuck_jaw_set,137.17,4,1.28
F00968,LT-B1,2024-03-29,Electrical fault,7.78,8.06,TECH-003,Lack of preventive maintenance,Vendor notified,electrical_panel,electrical,electrical,terminal_block,21.64,1,2.71
F00969,LT-B1,2024-04-01,Spindle wear,9.46,5.21,TECH-008,Design limitation,Vendor notified,spindle,mechanical,mechanical,spindle_bearing,152.2,3,1.12
F00970,LT-B1,2024-04-02,Belt slippage,5.29,5.03,TECH-001,Material defect,PM schedule updated,feed_mechanism,mechanical,mechanical,drive_belt,27.14,1,0.7
F00971,LT-B1,2024-04-03,Chuck misalignment,8.0,8.65,TECH-007,Overloading,PM schedule updated,chuck_assembly,mechanical,mechanical,chuck_jaw_set,236.11,3,2.2
F00972,LT-B1,2024-04-07,Belt slippage,10.14,5.52,TECH-005,Design limitation,Vendor notified,feed_mechanism,mechanical,mechanical,drive_belt,55.48,1,0.69
F00973,LT-B1,2024-04-08,Spindle wear,7.25,5.62,TECH-002,Component wear,Recalibration,spindle,mechanical,mechanical,spindle_bearing,335.33,8,1.06
F00974,LT-B1,2024-04-09,Belt slippage,8.29,5.43,TECH-007,Overloading,Vendor notified,feed_mechanism,mechanical,mechanical,drive_belt,39.09,3,0.65
F00975,LT-B1,2024-04-14,Bearing failure,8.26,7.49,TECH-005,Design limitation,Vendor notified,spindle,mechanical,mechanical,precision_bearing,174.62,2,1.5
F00976,LT-B1,2024-04-16,Belt slippage,7.45,6.2,TECH-001,Lack of preventive maintenance,Part replacement,feed_mechanism,mechanical,mechanical,drive_belt,45.17,2,0.78
F00977,LT-B1,2024-04-17,Belt slippage,7.59,6.95,TECH-006,Operator error,Operator retraining,feed_mechanism,mechanical,mechanical,drive_belt,74.88,2,0.49
F00978,LT-B1,2024-04-24,Bearing failure,7.63,5.79,TECH-002,Design limitation,Operator retraining,spindle,mechanical,mechanical,precision_bearing,122.43,2,1.0
F00979,LT-B1,2024-04-29,Chuck misalignment,7.87,7.16,TECH-006,Overloading,Vendor notified,chuck_assembly,mechanical,mechanical,chuck_jaw_set,211.45,3,1.51
F00980,LT-B1,2024-05-02,Bearing failure,9.06,6.14,TECH-003,Material defect,PM schedule updated,spindle,mechanical,mechanical,precision_bearing,127.87,2,1.15
F00981,LT-B1,2024-05-03,Belt slippage,7.73,8.23,TECH-006,Operator error,PM schedule updated,feed_mechanism,mechanical,mechanical,drive_belt,56.84,2,0.94
F00982,LT-B1,2024-05-04,Chuck misalignment,6.35,6.65,TECH-003,Contamination,Operator retraining,chuck_assembly,mechanical,mechanical,chuck_jaw_set,246.44,6,1.62
F00983,LT-B1,2024-05-07,Electrical fault,7.97,6.26,TECH-001,Lack of preventive maintenance,Vendor notified,electrical_panel,electrical,electrical,terminal_block,47.03,1,1.07
F00984,LT-B1,2024-05-13,Belt slippage,7.1,5.63,TECH-005,Contamination,Vendor notified,feed_mechanism,mechanical,mechanical,drive_belt,36.48,2,0.58
F00985,LT-B1,2024-05-14,Belt slippage,10.38,4.6,TECH-001,Overloading,PM schedule updated,feed_mechanism,mechanical,mechanical,drive_belt,68.27,2,0.27
F00986,LT-B1,2024-05-15,Chuck misalignment,10.82,5.65,TECH-004,Component wear,Operator retraining,chuck_assembly,mechanical,mechanical,chuck_jaw_set,214.76,6,1.04
F00987,LT-B1,2024-05-17,Belt slippage,10.22,4.98,TECH-001,Design limitation,Part replacement,feed_mechanism,mechanical,mechanical,drive_belt,60.9,3,0.54
F00988,LT-B1,2024-05-21,Belt slippage,9.85,5.96,TECH-006,Overloading,Part replacement,feed_mechanism,mechanical,mechanical,drive_belt,53.34,3,0.5
F00989,LT-B1,2024-05-25,Chuck misalignment,7.06,5.04,TECH-007,Contamination,Operator retraining,chuck_assembly,mechanical,mechanical,chuck_jaw_set,191.4,7,1.3
F00990,LT-B1,2024-05-27,Spindle wear,8.01,4.64,TECH-008,Component wear,Part replacement,spindle,mechanical,mechanical,spindle_bearing,255.14,8,0.72
F00991,LT-B1,2024-05-28,Bearing failure,6.63,5.69,TECH-002,Component wear,Recalibration,spindle,mechanical,mechanical,precision_bearing,61.3,5,0.73
F00992,LT-B1,2024-05-29,Spindle wear,11.41,6.04,TECH-007,Contamination,Operator retraining,spindle,mechanical,mechanical,spindle_bearing,217.08,3,1.46
F00993,LT-B1,2024-05-30,Electrical fault,7.66,5.49,TECH-006,Design limitation,Recalibration,electrical_panel,electrical,electrical,terminal_block,45.28,3,0.94
F00994,LT-B1,2024-05-31,Belt slippage,6.49,7.46,TECH-004,Lack of preventive maintenance,Part replacement,feed_mechanism,mechanical,mechanical,drive_belt,39.93,1,0.98
F00995,LT-B1,2024-06-06,Bearing failure,6.15,5.04,TECH-008,Material defect,PM schedule updated,spindle,mechanical,mechanical,precision_bearing,102.92,5,1.11
F00996,LT-B1,2024-06-09,Belt slippage,8.76,7.65,TECH-005,Component wear,Part replacement,feed_mechanism,mechanical,mechanical,drive_belt,27.87,3,0.85
F00997,LT-B1,2024-06-16,Bearing failure,9.01,7.98,TECH-007,Calibration drift,Vendor notified,spindle,mechanical,mechanical,precision_bearing,174.89,2,0.86
F00998,LT-B1,2024-06-17,Chuck misalignment,8.01,7.36,TECH-005,Calibration drift,Operator retraining,chuck_assembly,mechanical,mechanical,chuck_jaw_set,267.73,5,2.08
F00999,LT-B1,2024-06-18,Chuck misalignment,9.44,5.12,TECH-004,Overloading,Recalibration,chuck_assembly,mechanical,mechanical,chuck_jaw_set,203.54,7,0.93
F01000,LT-B1,2024-06-19,Chuck misalignment,8.78,7.35,TECH-004,Calibration drift,Recalibration,chuck_assembly,mechanical,mechanical,chuck_jaw_set,251.11,5,1.65
F01001,LT-B1,2024-06-20,Bearing failure,6.93,5.18,TECH-008,Component wear,PM schedule updated,spindle,mechanical,mechanical,precision_bearing,59.23,4,1.26
F01002,LT-B1,2024-06-29,Belt slippage,6.72,7.04,TECH-007,Design limitation,Part replacement,feed_mechanism,mechanical,mechanical,drive_belt,65.94,3,0.55
F01003,LT-B1,2024-06-30,Spindle wear,9.44,6.92,TECH-008,Contamination,Design modification,spindle,mechanical,mechanical,spindle_bearing,133.86,6,1.66
F01004,LT-B1,2024-07-07,Bearing failure,10.38,6.14,TECH-001,Design limitation,Design modification,spindle,mechanical,mechanical,precision_bearing,121.55,5,1.21
F01005,LT-B1,2024-07-09,Chuck misalignment,7.17,7.73,TECH-003,Lack of preventive maintenance,Design modification,chuck_assembly,mechanical,mechanical,chuck_jaw_set,194.02,6,1.3
F01006,LT-B1,2024-07-10,Chuck misalignment,8.9,7.83,TECH-008,Component wear,Part replacement,chuck_assembly,mechanical,mechanical,chuck_jaw_set,135.48,5,1.45
F01007,LT-B1,2024-07-11,Bearing failure,6.74,6.36,TECH-006,Lack of preventive maintenance,Recalibration,spindle,mechanical,mechanical,precision_bearing,159.58,3,0.85
F01008,LT-B1,2024-07-12,Chuck misalignment,9.36,6.32,TECH-007,Design limitation,PM schedule updated,chuck_assembly,mechanical,mechanical,chuck_jaw_set,207.78,3,1.15
F01009,LT-B1,2024-07-14,Chuck misalignment,7.91,5.49,TECH-007,Component wear,PM schedule updated,chuck_assembly,mechanical,mechanical,chuck_jaw_set,146.11,4,1.13
F01010,LT-B1,2024-07-17,Electrical fault,3.03,6.67,TECH-008,Lack of preventive maintenance,Recalibration,electrical_panel,electrical,electrical,terminal_block,51.81,2,2.22
F01011,LT-B1,2024-07-18,Chuck misalignment,7.87,6.85,TECH-003,Calibration drift,Operator retraining,chuck_assembly,mechanical,mechanical,chuck_jaw_set,144.16,7,1.95
F01012,LT-B1,2024-07-19,Belt slippage,9.6,5.57,TECH-006,Calibration drift,Operator retraining,feed_mechanism,mechanical,mechanical,drive_belt,65.94,3,0.63
F01013,LT-B1,2024-07-20,Bearing failure,10.02,4.35,TECH-006,Operator error,Recalibration,spindle,mechanical,mechanical,precision_bearing,132.52,4,0.89
F01014,LT-B1,2024-07-25,Electrical fault,8.3,7.22,TECH-005,Material defect,Design modification,electrical_panel,electrical,electrical,terminal_block,18.89,2,2.47
F01015,LT-B1,2024-08-09,Spindle wear,11.13,6.56,TECH-007,Operator error,Recalibration,spindle,mechanical,mechanical,spindle_bearing,272.26,4,1.03
F01016,LT-B1,2024-08-12,Bearing failure,5.99,4.06,TECH-005,Operator error,Operator retraining,spindle,mechanical,mechanical,precision_bearing,56.55,5,0.72
F01017,LT-B1,2024-08-13,Chuck misalignment,8.63,6.23,TECH-003,Lack of preventive maintenance,Part replacement,chuck_assembly,mechanical,mechanical,chuck_jaw_set,201.15,3,1.25
F01018,LT-B1,2024-08-14,Chuck misalignment,7.21,5.07,TECH-001,Contamination,Part replacement,chuck_assembly,mechanical,mechanical,chuck_jaw_set,159.97,5,1.16
F01019,LT-B1,2024-08-16,Electrical fault,9.45,6.15,TECH-003,Material defect,Part replacement,electrical_panel,electrical,electrical,terminal_block,38.27,1,1.14
F01020,LT-B1,2024-08-20,Bearing failure,7.08,8.78,TECH-007,Operator error,Operator retraining,spindle,mechanical,mechanical,precision_bearing,94.96,5,1.27
F01021,LT-B1,2024-08-21,Belt slippage,8.01,8.73,TECH-002,Lack of preventive maintenance,Recalibration,feed_mechanism,mechanical,mechanical,drive_belt,50.8,1,1.0
F01022,LT-B1,2024-08-22,Spindle wear,8.09,5.45,TECH-002,Design limitation,Operator retraining,spindle,mechanical,mechanical,spindle_bearing,367.0,5,0.78
F01023,LT-B1,2024-08-26,Electrical fault,7.41,3.58,TECH-003,Contamination,Vendor notified,electrical_panel,electrical,electrical,terminal_block,55.41,3,0.72
F01024,LT-B1,2024-08-27,Belt slippage,6.92,7.14,TECH-007,Calibration drift,PM schedule updated,feed_mechanism,mechanical,mechanical,drive_belt,46.58,1,0.38
F01025,LT-B1,2024-08-29,Chuck misalignment,4.9,7.52,TECH-003,Overloading,Vendor notified,chuck_assembly,mechanical,mechanical,chuck_jaw_set,218.83,6,1.97
F01026,LT-B1,2024-08-30,Belt slippage,9.53,6.8,TECH-004,Component wear,Operator retraining,feed_mechanism,mechanical,mechanical,drive_belt,49.38,3,0.75
F01027,LT-B1,2024-08-31,Belt slippage,7.31,6.07,TECH-007,Operator error,Operator retraining,feed_mechanism,mechanical,mechanical,drive_belt,42.99,2,0.36
F01028,LT-B1,2024-09-01,Chuck misalignment,10.75,6.3,TECH-004,Overloading,PM schedule updated,chuck_assembly,mechanical,mechanical,chuck_jaw_set,224.8,3,1.89
F01029,LT-B1,2024-09-03,Electrical fault,3.67,5.59,TECH-002,Overloading,Operator retraining,electrical_panel,electrical,electrical,terminal_block,18.85,2,1.68
F01030,LT-B1,2024-09-04,Chuck misalignment,6.46,5.07,TECH-006,Design limitation,Design modification,chuck_assembly,mechanical,mechanical,chuck_jaw_set,252.28,5,1.18
F01031,LT-B1,2024-09-05,Belt slippage,6.84,6.49,TECH-003,Component wear,Operator retraining,feed_mechanism,mechanical,mechanical,drive_belt,54.86,1,0.88
F01032,LT-B1,2024-09-06,Chuck misalignment,5.17,7.52,TECH-008,Calibration drift,Design modification,chuck_assembly,mechanical,mechanical,chuck_jaw_set,139.57,6,2.17
F01033,LT-B1,2024-09-10,Spindle wear,5.43,8.94,TECH-004,Component wear,Part replacement,spindle,mechanical,mechanical,spindle_bearing,126.76,4,1.0
F01034,LT-B1,2024-09-13,Bearing failure,4.66,4.9,TECH-007,Lack of preventive maintenance,Part replacement,spindle,mechanical,mechanical,precision_bearing,79.33,5,0.49
F01035,LT-B1,2024-09-14,Belt slippage,10.64,6.66,TECH-007,Calibration drift,PM schedule updated,feed_mechanism,mechanical,mechanical,drive_belt,45.6,3,0.44
F01036,LT-B1,2024-09-16,Belt slippage,9.62,6.3,TECH-005,Operator error,Recalibration,feed_mechanism,mechanical,mechanical,drive_belt,45.91,2,0.57
F01037,LT-B1,2024-09-17,Spindle wear,9.1,8.73,TECH-001,Material defect,Operator retraining,spindle,mechanical,mechanical,spindle_bearing,319.59,6,1.73
F01038,LT-B1,2024-09-19,Electrical fault,6.57,5.38,TECH-004,Operator error,PM schedule updated,electrical_panel,electrical,electrical,terminal_block,24.72,3,1.12
F01039,LT-B1,2024-09-22,Bearing failure,9.02,7.59,TECH-003,Component wear,Vendor notified,spindle,mechanical,mechanical,precision_bearing,169.16,3,1.22
F01040,LT-B1,2024-09-25,Belt slippage,9.95,6.17,TECH-004,Material defect,PM schedule updated,feed_mechanism,mechanical,mechanical,drive_belt,71.95,1,0.9
F01041,LT-B1,2024-09-27,Bearing failure,8.12,6.14,TECH-002,Overloading,Operator retraining,spindle,mechanical,mechanical,precision_bearing,106.4,5,1.03
F01042,LT-B1,2024-10-01,Electrical fault,7.59,4.76,TECH-005,Lack of preventive maintenance,Operator retraining,electrical_panel,electrical,electrical,terminal_block,58.69,3,0.74
F01043,LT-B1,2024-10-02,Belt slippage,4.68,6.33,TECH-004,Lack of preventive maintenance,Design modification,feed_mechanism,mechanical,mechanical,drive_belt,29.64,2,0.46
F01044,LT-B1,2024-10-03,Chuck misalignment,5.6,5.74,TECH-007,Calibration drift,Part replacement,chuck_assembly,mechanical,mechanical,chuck_jaw_set,226.57,6,1.16
F01045,LT-B1,2024-10-04,Belt slippage,9.47,6.05,TECH-001,Component wear,PM schedule updated,feed_mechanism,mechanical,mechanical,drive_belt,68.99,3,0.6
F01046,LT-B1,2024-10-07,Electrical fault,5.75,6.77,TECH-004,Contamination,Design modification,electrical_panel,electrical,electrical,terminal_block,59.74,3,1.38
F01047,LT-B1,2024-10-11,Chuck misalignment,7.32,5.07,TECH-007,Overloading,Vendor notified,chuck_assembly,mechanical,mechanical,chuck_jaw_set,199.08,4,1.42
F01048,LT-B1,2024-10-13,Spindle wear,6.39,7.63,TECH-004,Design limitation,Vendor notified,spindle,mechanical,mechanical,spindle_bearing,334.0,4,1.8
F01049,LT-B1,2024-10-16,Spindle wear,7.29,5.91,TECH-003,Calibration drift,Part replacement,spindle,mechanical,mechanical,spindle_bearing,348.14,8,0.79
F01050,LT-B1,2024-10-19,Spindle wear,9.93,5.97,TECH-004,Lack of preventive maintenance,Part replacement,spindle,mechanical,mechanical,spindle_bearing,362.27,8,1.11
F01051,LT-B1,2024-10-20,Spindle wear,7.6,8.45,TECH-001,Operator error,PM schedule updated,spindle,mechanical,mechanical,spindle_bearing,229.85,7,1.28
F01052,LT-B1,2024-10-21,Spindle wear,7.07,6.06,TECH-008,Design limitation,PM schedule updated,spindle,mechanical,mechanical,spindle_bearing,195.02,6,0.83
F01053,LT-B1,2024-10-24,Electrical fault,8.21,4.29,TECH-005,Component wear,Vendor notified,electrical_panel,electrical,electrical,terminal_block,22.45,2,1.41
F01054,LT-B1,2024-10-29,Bearing failure,7.07,6.13,TECH-008,Calibration drift,Part replacement,spindle,mechanical,mechanical,precision_bearing,133.77,3,1.09
F01055,LT-B1,2024-11-07,Bearing failure,8.33,4.75,TECH-001,Operator error,Recalibration,spindle,mechanical,mechanical,precision_bearing,108.57,2,0.62
F01056,LT-B1,2024-11-09,Spindle wear,10.75,4.43,TECH-005,Calibration drift,Design modification,spindle,mechanical,mechanical,spindle_bearing,333.96,5,0.57
F01057,LT-B1,2024-11-10,Chuck misalignment,8.58,5.95,TECH-006,Component wear,Part replacement,chuck_assembly,mechanical,mechanical,chuck_jaw_set,234.66,7,1.41
F01058,LT-B1,2024-11-14,Bearing failure,5.92,7.0,TECH-004,Calibration drift,PM schedule updated,spindle,mechanical,mechanical,precision_bearing,162.87,5,1.01
F01059,LT-B1,2024-11-15,Belt slippage,8.53,7.4,TECH-006,Material defect,Recalibration,feed_mechanism,mechanical,mechanical,drive_belt,68.73,2,0.96
F01060,LT-B1,2024-11-18,Spindle wear,4.43,6.08,TECH-007,Overloading,Operator retraining,spindle,mechanical,mechanical,spindle_bearing,292.79,7,1.38
F01061,LT-B1,2024-11-23,Chuck misalignment,10.04,6.03,TECH-001,Calibration drift,Recalibration,chuck_assembly,mechanical,mechanical,chuck_jaw_set,278.9,3,1.64
F01062,LT-B1,2024-11-26,Bearing failure,7.32,4.96,TECH-002,Contamination,PM schedule updated,spindle,mechanical,mechanical,precision_bearing,148.07,3,0.83
F01063,LT-B1,2024-11-27,Belt slippage,8.09,5.13,TECH-001,Component wear,Design modification,feed_mechanism,mechanical,mechanical,drive_belt,71.13,1,0.55
F01064,LT-B1,2024-11-28,Electrical fault,5.71,4.99,TECH-005,Overloading,Operator retraining,electrical_panel,electrical,electrical,terminal_block,23.72,2,0.97
F01065,LT-B1,2024-12-03,Chuck misalignment,6.59,3.98,TECH-006,Lack of preventive maintenance,PM schedule updated,chuck_assembly,mechanical,mechanical,chuck_jaw_set,254.51,6,0.83
F01066,LT-B1,2024-12-08,Belt slippage,6.95,6.03,TECH-008,Material defect,Design modification,feed_mechanism,mechanical,mechanical,drive_belt,35.04,2,0.6
F01067,LT-B1,2024-12-10,Chuck misalignment,6.25,5.55,TECH-007,Material defect,PM schedule updated,chuck_assembly,mechanical,mechanical,chuck_jaw_set,248.93,4,0.89
F01068,LT-B1,2024-12-11,Spindle wear,5.91,6.2,TECH-005,Material defect,Part replacement,spindle,mechanical,mechanical,spindle_bearing,269.45,8,1.05
F01069,LT-B1,2024-12-12,Spindle wear,7.12,7.6,TECH-001,Lack of preventive maintenance,Design modification,spindle,mechanical,mechanical,spindle_bearing,279.71,6,1.21
F01070,LT-B1,2024-12-14,Belt slippage,7.98,8.74,TECH-002,Lack of preventive maintenance,PM schedule updated,feed_mechanism,mechanical,mechanical,drive_belt,47.01,2,0.95
F01071,LT-B1,2024-12-15,Bearing failure,6.8,6.47,TECH-008,Design limitation,Design modification,spindle,mechanical,mechanical,precision_bearing,117.62,2,1.44
F01072,LT-B1,2024-12-18,Electrical fault,2.47,7.58,TECH-004,Contamination,PM schedule updated,electrical_panel,electrical,electrical,terminal_block,58.26,2,1.65
F01073,LT-B1,2024-12-19,Spindle wear,8.47,4.49,TECH-007,Material defect,Part replacement,spindle,mechanical,mechanical,spindle_bearing,328.15,6,0.55
F01074,LT-B1,2024-12-20,Chuck misalignment,4.65,5.3,TECH-008,Operator error,Recalibration,chuck_assembly,mechanical,mechanical,chuck_jaw_set,213.23,7,1.02
F01075,LT-B1,2024-12-23,Bearing failure,8.18,6.03,TECH-007,Component wear,Operator retraining,spindle,mechanical,mechanical,precision_bearing,147.4,3,1.21
F01076,LT-B1,2024-12-24,Belt slippage,10.39,7.42,TECH-007,Design limitation,Design modification,feed_mechanism,mechanical,mechanical,drive_belt,35.52,1,0.75
F01077,LT-B1,2024-12-25,Belt slippage,5.94,7.15,TECH-007,Component wear,Recalibration,feed_mechanism,mechanical,mechanical,drive_belt,72.28,2,0.98
F01078,LT-B1,2024-12-26,Electrical fault,5.65,6.64,TECH-002,Material defect,Operator retraining,electrical_panel,electrical,electrical,terminal_block,71.3,2,2.16
F01079,LT-B1,2024-12-27,Chuck misalignment,7.7,3.38,TECH-002,Overloading,Part replacement,chuck_assembly,mechanical,mechanical,chuck_jaw_set,146.54,7,0.52
F01080,LT-B1,2024-12-28,Spindle wear,7.3,6.34,TECH-002,Contamination,PM schedule updated,spindle,mechanical,mechanical,spindle_bearing,222.26,7,1.46
F01081,LT-B1,2025-01-08,Spindle wear,7.06,7.92,TECH-003,Overloading,Part replacement,spindle,mechanical,mechanical,spindle_bearing,299.08,7,1.25
F01082,LT-B1,2025-01-14,Spindle wear,7.26,7.5,TECH-008,Lack of preventive maintenance,Part replacement,spindle,mechanical,mechanical,spindle_bearing,331.2,6,1.55
F01083,LT-B1,2025-01-15,Belt slippage,8.34,6.66,TECH-005,Calibration drift,PM schedule updated,feed_mechanism,mechanical,mechanical,drive_belt,46.83,2,0.49
F01084,LT-B1,2025-01-18,Electrical fault,4.73,6.82,TECH-003,Component wear,Design modification,electrical_panel,electrical,electrical,terminal_block,27.2,3,1.9
F01085,LT-B1,2025-01-20,Spindle wear,8.01,4.58,TECH-006,Operator error,Design modification,spindle,mechanical,mechanical,spindle_bearing,372.72,3,0.63
F01086,LT-B1,2025-01-22,Belt slippage,6.6,7.01,TECH-006,Lack of preventive maintenance,Vendor notified,feed_mechanism,mechanical,mechanical,drive_belt,29.39,1,0.95
F01087,LT-B1,2025-01-27,Spindle wear,7.55,4.63,TECH-001,Design limitation,Design modification,spindle,mechanical,mechanical,spindle_bearing,178.86,4,1.15
F01088,LT-B1,2025-01-29,Electrical fault,7.29,6.07,TECH-001,Material defect,Operator retraining,electrical_panel,electrical,electrical,terminal_block,18.66,2,1.59
F01089,LT-B1,2025-01-30,Electrical fault,10.64,6.72,TECH-003,Lack of preventive maintenance,PM schedule updated,electrical_panel,electrical,electrical,terminal_block,45.66,3,1.49
F01090,LT-B1,2025-02-02,Electrical fault,7.89,8.53,TECH-008,Operator error,Design modification,electrical_panel,electrical,electrical,terminal_block,40.16,3,1.57
F01091,LT-B1,2025-02-04,Bearing failure,7.32,6.73,TECH-006,Overloading,Recalibration,spindle,mechanical,mechanical,precision_bearing,147.6,5,0.81
F01092,LT-B1,2025-02-05,Chuck misalignment,8.88,5.62,TECH-002,Operator error,Part replacement,chuck_assembly,mechanical,mechanical,chuck_jaw_set,182.95,6,1.6
F01093,LT-B1,2025-02-06,Bearing failure,7.53,7.31,TECH-003,Design limitation,Operator retraining,spindle,mechanical,mechanical,precision_bearing,55.34,4,1.34
F01094,LT-B1,2025-02-08,Spindle wear,12.43,7.7,TECH-001,Lack of preventive maintenance,PM schedule updated,spindle,mechanical,mechanical,spindle_bearing,206.86,4,1.08
F01095,LT-B1,2025-02-09,Chuck misalignment,6.94,7.71,TECH-005,Overloading,Part replacement,chuck_assembly,mechanical,mechanical,chuck_jaw_set,193.61,6,1.77
F01096,LT-B1,2025-02-10,Spindle wear,7.97,8.25,TECH-008,Overloading,Part replacement,spindle,mechanical,mechanical,spindle_bearing,303.74,4,1.54
F01097,LT-B1,2025-02-11,Bearing failure,6.77,8.0,TECH-008,Lack of preventive maintenance,Operator retraining,spindle,mechanical,mechanical,precision_bearing,66.64,3,1.01
F01098,LT-B1,2025-02-13,Electrical fault,8.12,6.37,TECH-002,Material defect,Design modification,electrical_panel,electrical,electrical,terminal_block,59.3,3,1.41
F01099,LT-B1,2025-02-15,Belt slippage,9.58,7.7,TECH-002,Material defect,Recalibration,feed_mechanism,mechanical,mechanical,drive_belt,63.49,1,0.53
F01100,LT-B1,2025-02-16,Electrical fault,11.19,6.29,TECH-007,Calibration drift,Part replacement,electrical_panel,electrical,electrical,terminal_block,44.84,1,0.98
F01101,LT-B1,2025-02-17,Chuck misalignment,4.22,7.04,TECH-003,Lack of preventive maintenance,Part replacement,chuck_assembly,mechanical,mechanical,chuck_jaw_set,156.05,3,1.94
F01102,LT-B1,2025-02-23,Belt slippage,5.18,6.7,TECH-006,Material defect,Design modification,feed_mechanism,mechanical,mechanical,drive_belt,26.28,3,0.93
F01103,LT-B1,2025-02-27,Electrical fault,7.57,7.26,TECH-002,Design limitation,Part replacement,electrical_panel,electrical,electrical,terminal_block,61.07,3,2.1
F01104,LT-B1,2025-02-28,Electrical fault,8.57,7.0,TECH-005,Overloading,Recalibration,electrical_panel,electrical,electrical,terminal_block,54.4,3,1.79
F01105,LT-B1,2025-03-02,Chuck misalignment,9.45,6.2,TECH-005,Calibration drift,PM schedule updated,chuck_assembly,mechanical,mechanical,chuck_jaw_set,224.45,6,1.02
F01106,LT-B1,2025-03-03,Belt slippage,9.57,6.37,TECH-006,Lack of preventive maintenance,Vendor notified,feed_mechanism,mechanical,mechanical,drive_belt,38.74,3,0.36
F01107,LT-B1,2025-03-04,Bearing failure,10.16,5.66,TECH-001,Component wear,Operator retraining,spindle,mechanical,mechanical,precision_bearing,173.1,4,1.14
F01108,LT-B1,2025-03-06,Belt slippage,7.05,5.08,TECH-002,Operator error,Design modification,feed_mechanism,mechanical,mechanical,drive_belt,66.58,2,0.76
F01109,LT-B1,2025-03-07,Bearing failure,9.24,4.81,TECH-006,Overloading,Design modification,spindle,mechanical,mechanical,precision_bearing,75.22,3,1.12
F01110,LT-B1,2025-03-08,Bearing failure,9.27,8.49,TECH-002,Calibration drift,PM schedule updated,spindle,mechanical,mechanical,precision_bearing,61.11,5,1.81
F01111,LT-B1,2025-03-14,Bearing failure,6.5,6.81,TECH-005,Contamination,Recalibration,spindle,mechanical,mechanical,precision_bearing,99.34,4,1.21
F01112,LT-B1,2025-03-15,Spindle wear,6.55,5.78,TECH-004,Calibration drift,PM schedule updated,spindle,mechanical,mechanical,spindle_bearing,187.53,6,0.7
F01113,LT-B1,2025-03-16,Electrical fault,4.76,6.59,TECH-004,Lack of preventive maintenance,Recalibration,electrical_panel,electrical,electrical,terminal_block,24.32,3,1.83
F01114,LT-B1,2025-03-26,Chuck misalignment,7.19,6.02,TECH-008,Component wear,Design modification,chuck_assembly,mechanical,mechanical,chuck_jaw_set,176.23,3,1.1
F01115,LT-B1,2025-03-27,Electrical fault,7.6,4.56,TECH-003,Operator error,Design modification,electrical_panel,electrical,electrical,terminal_block,55.36,1,1.18
F01116,LT-B1,2025-03-28,Electrical fault,9.19,6.9,TECH-004,Design limitation,Recalibration,electrical_panel,electrical,electrical,terminal_block,68.49,3,1.57
F01117,LT-B1,2025-04-01,Electrical fault,12.91,7.0,TECH-005,Calibration drift,Part replacement,electrical_panel,electrical,electrical,terminal_block,63.14,3,2.09
F01118,LT-B1,2025-04-07,Bearing failure,4.85,4.09,TECH-006,Overloading,Operator retraining,spindle,mechanical,mechanical,precision_bearing,178.56,2,0.93
F01119,LT-B1,2025-04-08,Chuck misalignment,6.87,5.18,TECH-001,Material defect,Part replacement,chuck_assembly,mechanical,mechanical,chuck_jaw_set,212.75,5,1.05
F01120,LT-B1,2025-04-09,Bearing failure,5.93,7.18,TECH-007,Material defect,PM schedule updated,spindle,mechanical,mechanical,precision_bearing,139.94,4,1.55
F01121,LT-B1,2025-04-10,Spindle wear,7.4,6.37,TECH-007,Operator error,Recalibration,spindle,mechanical,mechanical,spindle_bearing,379.54,3,0.7
F01122,LT-B1,2025-04-11,Bearing failure,7.46,6.91,TECH-001,Calibration drift,Operator retraining,spindle,mechanical,mechanical,precision_bearing,129.48,3,0.81
F01123,LT-B1,2025-04-15,Chuck misalignment,5.51,5.5,TECH-005,Material defect,Part replacement,chuck_assembly,mechanical,mechanical,chuck_jaw_set,159.16,6,1.43
F01124,LT-B1,2025-04-16,Chuck misalignment,11.36,5.87,TECH-004,Operator error,Design modification,chuck_assembly,mechanical,mechanical,chuck_jaw_set,149.41,4,1.03
F01125,LT-B1,2025-04-18,Electrical fault,8.04,4.69,TECH-002,Operator error,Part replacement,electrical_panel,electrical,electrical,terminal_block,20.43,1,1.35
F01126,LT-B1,2025-04-24,Bearing failure,4.86,8.4,TECH-003,Lack of preventive maintenance,Operator retraining,spindle,mechanical,mechanical,precision_bearing,59.99,5,0.88
F01127,LT-B1,2025-04-25,Bearing failure,6.21,5.61,TECH-001,Lack of preventive maintenance,PM schedule updated,spindle,mechanical,mechanical,precision_bearing,124.83,4,1.06
F01128,LT-B1,2025-04-29,Belt slippage,5.6,7.54,TECH-004,Lack of preventive maintenance,Operator retraining,feed_mechanism,mechanical,mechanical,drive_belt,45.03,1,1.07
F01129,PB-B1,2024-01-10,Conveyor jam,4.51,2.43,TECH-001,Calibration drift,Design modification,conveyor_system,mechanical,mechanical,conveyor_chain,174.0,6,0.26
F01130,PB-B1,2024-01-12,Control panel fault,3.75,3.26,TECH-002,Material defect,Design modification,control_panel,electrical,electrical,hmi_board,633.67,12,1.62
F01131,PB-B1,2024-01-13,Atomizer wear,2.76,2.97,TECH-008,Component wear,Recalibration,spray_system,mechanical,mechanical,atomizer_nozzle,182.17,2,0.4
F01132,PB-B1,2024-01-14,Control panel fault,4.05,3.09,TECH-007,Contamination,PM schedule updated,control_panel,electrical,electrical,hmi_board,580.63,10,1.38
F01133,PB-B1,2024-01-19,Atomizer wear,3.11,2.91,TECH-005,Contamination,PM schedule updated,spray_system,mechanical,mechanical,atomizer_nozzle,107.18,5,0.49
F01134,PB-B1,2024-01-21,Filter saturation,4.79,3.04,TECH-001,Material defect,Design modification,filtration_system,mechanical,mechanical,paint_filter_set,70.97,1,0.26
F01135,PB-B1,2024-01-31,Conveyor jam,3.32,2.93,TECH-004,Material defect,Vendor notified,conveyor_system,mechanical,mechanical,conveyor_chain,246.85,7,0.41
F01136,PB-B1,2024-02-14,Atomizer wear,3.78,2.46,TECH-008,Contamination,Design modification,spray_system,mechanical,mechanical,atomizer_nozzle,128.9,4,0.26
F01137,PB-B1,2024-02-19,Conveyor jam,3.21,3.43,TECH-003,Operator error,Operator retraining,conveyor_system,mechanical,mechanical,conveyor_chain,276.32,4,0.57
F01138,PB-B1,2024-03-03,Pump clog,4.49,2.63,TECH-004,Material defect,Operator retraining,coolant_system,hydraulic,hydraulic,coolant_filter,27.08,1,0.19
F01139,PB-B1,2024-03-09,Conveyor jam,3.7,3.97,TECH-007,Material defect,Operator retraining,conveyor_system,mechanical,mechanical,conveyor_chain,235.5,7,0.44
F01140,PB-B1,2024-03-10,Pump clog,4.45,2.96,TECH-006,Lack of preventive maintenance,Design modification,coolant_system,hydraulic,hydraulic,coolant_filter,46.4,1,0.26
F01141,PB-B1,2024-03-11,Control panel fault,3.45,3.38,TECH-006,Lack of preventive maintenance,Part replacement,control_panel,electrical,electrical,hmi_board,420.69,9,1.56
F01142,PB-B1,2024-03-12,Conveyor jam,3.47,3.41,TECH-003,Contamination,Design modification,conveyor_system,mechanical,mechanical,conveyor_chain,180.77,5,0.73
F01143,PB-B1,2024-03-13,Conveyor jam,3.79,3.35,TECH-002,Lack of preventive maintenance,Vendor notified,conveyor_system,mechanical,mechanical,conveyor_chain,307.61,5,0.55
F01144,PB-B1,2024-03-14,Conveyor jam,2.55,1.97,TECH-004,Design limitation,Operator retraining,conveyor_system,mechanical,mechanical,conveyor_chain,268.3,6,0.33
F01145,PB-B1,2024-03-15,Control panel fault,4.08,2.18,TECH-007,Operator error,Part replacement,control_panel,electrical,electrical,hmi_board,433.34,12,0.79
F01146,PB-B1,2024-03-16,Filter saturation,5.02,2.51,TECH-007,Contamination,PM schedule updated,filtration_system,mechanical,mechanical,paint_filter_set,33.42,2,0.18
F01147,PB-B1,2024-03-21,Pump clog,4.27,2.94,TECH-004,Design limitation,Recalibration,coolant_system,hydraulic,hydraulic,coolant_filter,22.58,2,0.31
F01148,PB-B1,2024-03-23,Filter saturation,5.11,3.35,TECH-008,Material defect,Vendor notified,filtration_system,mechanical,mechanical,paint_filter_set,76.4,1,0.17
F01149,PB-B1,2024-03-24,Pump clog,2.29,3.16,TECH-003,Overloading,Vendor notified,coolant_system,hydraulic,hydraulic,coolant_filter,40.99,2,0.16
F01150,PB-B1,2024-04-01,Filter saturation,2.83,3.52,TECH-006,Contamination,Design modification,filtration_system,mechanical,mechanical,paint_filter_set,40.98,1,0.2
F01151,PB-B1,2024-04-08,Conveyor jam,3.37,2.32,TECH-007,Lack of preventive maintenance,Recalibration,conveyor_system,mechanical,mechanical,conveyor_chain,159.44,3,0.37
F01152,PB-B1,2024-04-09,Atomizer wear,4.12,4.14,TECH-004,Design limitation,Operator retraining,spray_system,mechanical,mechanical,atomizer_nozzle,151.71,3,0.41
F01153,PB-B1,2024-04-22,Conveyor jam,1.7,2.39,TECH-005,Operator error,Recalibration,conveyor_system,mechanical,mechanical,conveyor_chain,148.18,3,0.44
F01154,PB-B1,2024-04-30,Filter saturation,3.3,3.7,TECH-001,Calibration drift,Design modification,filtration_system,mechanical,mechanical,paint_filter_set,45.11,1,0.29
F01155,PB-B1,2024-05-06,Atomizer wear,2.7,3.3,TECH-006,Calibration drift,PM schedule updated,spray_system,mechanical,mechanical,atomizer_nozzle,107.16,3,0.8
F01156,PB-B1,2024-05-07,Conveyor jam,4.56,3.1,TECH-002,Contamination,Part replacement,conveyor_system,mechanical,mechanical,conveyor_chain,137.2,3,0.37
F01157,PB-B1,2024-05-09,Pump clog,2.47,2.99,TECH-005,Material defect,Part replacement,coolant_system,hydraulic,hydraulic,coolant_filter,23.42,2,0.33
F01158,PB-B1,2024-05-10,Conveyor jam,2.88,3.58,TECH-004,Contamination,PM schedule updated,conveyor_system,mechanical,mechanical,conveyor_chain,240.11,7,0.89
F01159,PB-B1,2024-05-12,Conveyor jam,4.15,2.17,TECH-004,Component wear,Vendor notified,conveyor_system,mechanical,mechanical,conveyor_chain,133.13,4,0.28
F01160,PB-B1,2024-05-20,Conveyor jam,3.7,2.96,TECH-005,Contamination,Operator retraining,conveyor_system,mechanical,mechanical,conveyor_chain,242.73,7,0.48
F01161,PB-B1,2024-06-07,Pump clog,4.26,2.09,TECH-008,Component wear,Operator retraining,coolant_system,hydraulic,hydraulic,coolant_filter,32.21,1,0.14
F01162,PB-B1,2024-06-08,Filter saturation,3.5,2.59,TECH-008,Calibration drift,PM schedule updated,filtration_system,mechanical,mechanical,paint_filter_set,79.85,2,0.18
F01163,PB-B1,2024-06-17,Atomizer wear,3.38,3.36,TECH-004,Calibration drift,Operator retraining,spray_system,mechanical,mechanical,atomizer_nozzle,169.07,3,0.37
F01164,PB-B1,2024-06-28,Filter saturation,4.08,3.06,TECH-005,Lack of preventive maintenance,Operator retraining,filtration_system,mechanical,mechanical,paint_filter_set,75.99,2,0.24
F01165,PB-B1,2024-07-08,Atomizer wear,4.01,2.53,TECH-007,Overloading,Vendor notified,spray_system,mechanical,mechanical,atomizer_nozzle,177.14,5,0.46
F01166,PB-B1,2024-07-12,Pump clog,3.51,3.12,TECH-003,Component wear,PM schedule updated,coolant_system,hydraulic,hydraulic,coolant_filter,42.92,1,0.3
F01167,PB-B1,2024-07-17,Control panel fault,4.21,1.73,TECH-007,Overloading,Recalibration,control_panel,electrical,electrical,hmi_board,337.34,13,0.81
F01168,PB-B1,2024-08-04,Atomizer wear,4.42,3.23,TECH-002,Contamination,Design modification,spray_system,mechanical,mechanical,atomizer_nozzle,80.0,2,0.67
F01169,PB-B1,2024-08-24,Filter saturation,3.11,2.61,TECH-002,Component wear,Part replacement,filtration_system,mechanical,mechanical,paint_filter_set,79.97,2,0.15
F01170,PB-B1,2024-09-03,Filter saturation,3.43,2.92,TECH-002,Overloading,PM schedule updated,filtration_system,mechanical,mechanical,paint_filter_set,63.06,1,0.15
F01171,PB-B1,2024-09-04,Atomizer wear,3.32,3.71,TECH-001,Contamination,Design modification,spray_system,mechanical,mechanical,atomizer_nozzle,160.52,3,0.7
F01172,PB-B1,2024-09-05,Atomizer wear,2.68,4.17,TECH-003,Operator error,Recalibration,spray_system,mechanical,mechanical,atomizer_nozzle,127.95,4,0.85
F01173,PB-B1,2024-09-09,Filter saturation,3.26,3.03,TECH-003,Material defect,PM schedule updated,filtration_system,mechanical,mechanical,paint_filter_set,58.9,2,0.24
F01174,PB-B1,2024-09-12,Control panel fault,3.34,2.34,TECH-005,Material defect,Design modification,control_panel,electrical,electrical,hmi_board,606.31,8,1.01
F01175,PB-B1,2024-09-19,Filter saturation,3.02,3.1,TECH-008,Operator error,Operator retraining,filtration_system,mechanical,mechanical,paint_filter_set,52.53,2,0.17
F01176,PB-B1,2024-09-24,Control panel fault,3.62,3.54,TECH-008,Calibration drift,Operator retraining,control_panel,electrical,electrical,hmi_board,370.51,9,1.07
F01177,PB-B1,2024-09-29,Atomizer wear,3.54,2.51,TECH-006,Design limitation,Operator retraining,spray_system,mechanical,mechanical,atomizer_nozzle,218.06,5,0.56
F01178,PB-B1,2024-10-04,Filter saturation,3.81,2.65,TECH-003,Overloading,Operator retraining,filtration_system,mechanical,mechanical,paint_filter_set,36.77,1,0.17
F01179,PB-B1,2024-10-07,Pump clog,2.85,2.22,TECH-007,Lack of preventive maintenance,Recalibration,coolant_system,hydraulic,hydraulic,coolant_filter,33.48,1,0.29
F01180,PB-B1,2024-10-20,Control panel fault,4.62,4.04,TECH-005,Operator error,Vendor notified,control_panel,electrical,electrical,hmi_board,634.35,9,1.92
F01181,PB-B1,2024-10-28,Atomizer wear,5.21,2.24,TECH-002,Contamination,Part replacement,spray_system,mechanical,mechanical,atomizer_nozzle,97.27,2,0.27
F01182,PB-B1,2024-11-05,Atomizer wear,2.04,2.97,TECH-008,Component wear,PM schedule updated,spray_system,mechanical,mechanical,atomizer_nozzle,207.44,5,0.53
F01183,PB-B1,2024-11-06,Atomizer wear,3.8,3.04,TECH-007,Contamination,Vendor notified,spray_system,mechanical,mechanical,atomizer_nozzle,123.78,4,0.31
F01184,PB-B1,2024-11-09,Conveyor jam,3.69,3.16,TECH-002,Component wear,PM schedule updated,conveyor_system,mechanical,mechanical,conveyor_chain,165.83,3,0.75
F01185,PB-B1,2024-11-15,Pump clog,2.62,3.15,TECH-004,Calibration drift,Recalibration,coolant_system,hydraulic,hydraulic,coolant_filter,47.5,2,0.19
F01186,PB-B1,2024-11-18,Pump clog,3.5,3.35,TECH-002,Component wear,PM schedule updated,coolant_system,hydraulic,hydraulic,coolant_filter,39.91,2,0.25
F01187,PB-B1,2024-11-19,Pump clog,3.57,2.64,TECH-005,Component wear,Operator retraining,coolant_system,hydraulic,hydraulic,coolant_filter,38.09,1,0.21
F01188,PB-B1,2024-11-21,Control panel fault,3.65,3.16,TECH-004,Calibration drift,Vendor notified,control_panel,electrical,electrical,hmi_board,492.32,9,1.06
F01189,PB-B1,2024-11-22,Pump clog,2.87,2.45,TECH-007,Design limitation,Operator retraining,coolant_system,hydraulic,hydraulic,coolant_filter,35.36,1,0.15
F01190,PB-B1,2024-11-23,Filter saturation,5.15,3.03,TECH-004,Contamination,Recalibration,filtration_system,mechanical,mechanical,paint_filter_set,76.39,2,0.23
F01191,PB-B1,2024-11-24,Pump clog,3.81,3.01,TECH-006,Material defect,Vendor notified,coolant_system,hydraulic,hydraulic,coolant_filter,48.32,1,0.36
F01192,PB-B1,2024-11-30,Filter saturation,3.94,4.22,TECH-003,Lack of preventive maintenance,Operator retraining,filtration_system,mechanical,mechanical,paint_filter_set,65.24,2,0.4
F01193,PB-B1,2024-12-04,Filter saturation,3.92,2.51,TECH-004,Overloading,Operator retraining,filtration_system,mechanical,mechanical,paint_filter_set,59.91,2,0.14
F01194,PB-B1,2024-12-05,Filter saturation,3.79,3.55,TECH-001,Overloading,Vendor notified,filtration_system,mechanical,mechanical,paint_filter_set,59.53,1,0.19
F01195,PB-B1,2024-12-07,Pump clog,2.83,3.43,TECH-005,Contamination,Part replacement,coolant_system,hydraulic,hydraulic,coolant_filter,26.93,1,0.36
F01196,PB-B1,2024-12-08,Control panel fault,3.75,3.5,TECH-008,Operator error,Vendor notified,control_panel,electrical,electrical,hmi_board,339.33,7,1.48
F01197,PB-B1,2024-12-12,Filter saturation,5.35,2.93,TECH-005,Operator error,Design modification,filtration_system,mechanical,mechanical,paint_filter_set,69.12,2,0.19
F01198,PB-B1,2024-12-14,Filter saturation,2.99,2.56,TECH-006,Component wear,Vendor notified,filtration_system,mechanical,mechanical,paint_filter_set,56.55,2,0.2
F01199,PB-B1,2024-12-22,Atomizer wear,2.65,1.47,TECH-002,Contamination,Part replacement,spray_system,mechanical,mechanical,atomizer_nozzle,143.57,5,0.19
F01200,PB-B1,2024-12-27,Filter saturation,2.84,2.7,TECH-001,Material defect,Part replacement,filtration_system,mechanical,mechanical,paint_filter_set,78.92,2,0.15
F01201,PB-B1,2025-01-01,Atomizer wear,4.22,2.69,TECH-004,Operator error,Part replacement,spray_system,mechanical,mechanical,atomizer_nozzle,195.24,4,0.37
F01202,PB-B1,2025-01-02,Atomizer wear,3.0,3.0,TECH-004,Lack of preventive maintenance,Recalibration,spray_system,mechanical,mechanical,atomizer_nozzle,183.12,4,0.34
F01203,PB-B1,2025-01-18,Conveyor jam,1.83,2.16,TECH-003,Design limitation,PM schedule updated,conveyor_system,mechanical,mechanical,conveyor_chain,273.76,6,0.25
F01204,PB-B1,2025-01-24,Atomizer wear,3.67,2.27,TECH-005,Lack of preventive maintenance,Recalibration,spray_system,mechanical,mechanical,atomizer_nozzle,86.53,4,0.48
F01205,PB-B1,2025-02-04,Control panel fault,3.27,3.39,TECH-001,Material defect,Vendor notified,control_panel,electrical,electrical,hmi_board,388.39,9,1.53
F01206,PB-B1,2025-02-11,Control panel fault,3.91,4.2,TECH-006,Component wear,Operator retraining,control_panel,electrical,electrical,hmi_board,538.33,14,1.49
F01207,PB-B1,2025-02-17,Filter saturation,4.56,3.28,TECH-001,Component wear,Recalibration,filtration_system,mechanical,mechanical,paint_filter_set,64.87,2,0.18
F01208,PB-B1,2025-02-18,Filter saturation,4.12,3.67,TECH-004,Operator error,Operator retraining,filtration_system,mechanical,mechanical,paint_filter_set,44.96,2,0.23
F01209,PB-B1,2025-02-26,Filter saturation,3.06,3.89,TECH-007,Component wear,Design modification,filtration_system,mechanical,mechanical,paint_filter_set,48.45,1,0.29
F01210,PB-B1,2025-02-27,Filter saturation,3.38,3.64,TECH-005,Calibration drift,Part replacement,filtration_system,mechanical,mechanical,paint_filter_set,57.68,2,0.24
F01211,PB-B1,2025-03-17,Atomizer wear,3.04,3.45,TECH-008,Overloading,Design modification,spray_system,mechanical,mechanical,atomizer_nozzle,95.49,3,0.79
F01212,PB-B1,2025-03-22,Atomizer wear,3.12,3.14,TECH-001,Overloading,Operator retraining,spray_system,mechanical,mechanical,atomizer_nozzle,162.35,3,0.49
F01213,PB-B1,2025-04-03,Control panel fault,3.71,1.65,TECH-003,Component wear,PM schedule updated,control_panel,electrical,electrical,hmi_board,572.27,10,0.58
F01214,PB-B1,2025-04-05,Control panel fault,3.35,3.46,TECH-008,Operator error,PM schedule updated,control_panel,electrical,electrical,hmi_board,365.14,7,1.72
F01215,PB-B1,2025-04-06,Filter saturation,3.09,3.07,TECH-001,Lack of preventive maintenance,Design modification,filtration_system,mechanical,mechanical,paint_filter_set,64.72,2,0.15
F01216,PB-B1,2025-04-14,Atomizer wear,2.95,3.43,TECH-007,Contamination,Operator retraining,spray_system,mechanical,mechanical,atomizer_nozzle,101.72,4,0.67
F01217,PB-B1,2025-04-18,Atomizer wear,2.84,2.38,TECH-001,Operator error,Operator retraining,spray_system,mechanical,mechanical,atomizer_nozzle,130.06,2,0.51
F01218,CF-B1,2024-01-02,Conveyor motor fault,6.94,2.75,TECH-008,Contamination,Vendor notified,conveyor_system,electrical,electrical,motor_starter,284.61,8,0.96
F01219,CF-B1,2024-01-03,Heating element failure,5.3,6.26,TECH-004,Calibration drift,Part replacement,heating_element,electrical,electrical,resistance_heating_rod,373.97,6,2.06
F01220,CF-B1,2024-01-16,Temperature sensor fault,4.94,6.82,TECH-003,Design limitation,Design modification,temperature_control,electrical,electrical,thermocouple_probe,108.74,3,1.7
F01221,CF-B1,2024-01-19,Heating element failure,6.07,4.74,TECH-001,Operator error,Part replacement,heating_element,electrical,electrical,resistance_heating_rod,352.21,7,1.56
F01222,CF-B1,2024-01-24,Temperature sensor fault,8.04,4.95,TECH-004,Overloading,Recalibration,temperature_control,electrical,electrical,thermocouple_probe,98.28,2,1.6
F01223,CF-B1,2024-02-02,Control board failure,6.57,6.43,TECH-005,Overloading,Vendor notified,control_panel,electrical,electrical,plc_module,986.34,13,2.17
F01224,CF-B1,2024-02-13,Conveyor motor fault,8.26,6.41,TECH-003,Design limitation,Vendor notified,conveyor_system,electrical,electrical,motor_starter,227.81,6,1.63
F01225,CF-B1,2024-02-14,Temperature sensor fault,6.57,3.8,TECH-003,Calibration drift,Part replacement,temperature_control,electrical,electrical,thermocouple_probe,84.03,5,0.95
F01226,CF-B1,2024-02-15,Control board failure,6.86,4.37,TECH-005,Overloading,Recalibration,control_panel,electrical,electrical,plc_module,1303.9,13,1.72
F01227,CF-B1,2024-02-16,Control board failure,6.94,6.04,TECH-003,Operator error,Operator retraining,control_panel,electrical,electrical,plc_module,945.75,20,2.09
F01228,CF-B1,2024-02-20,Heating element failure,6.86,6.22,TECH-004,Design limitation,Operator retraining,heating_element,electrical,electrical,resistance_heating_rod,314.25,7,1.8
F01229,CF-B1,2024-02-23,Heating element failure,7.28,5.22,TECH-002,Design limitation,Part replacement,heating_element,electrical,electrical,resistance_heating_rod,138.98,8,1.9
F01230,CF-B1,2024-02-25,Heating element failure,6.35,6.49,TECH-008,Calibration drift,Vendor notified,heating_element,electrical,electrical,resistance_heating_rod,312.27,10,2.43
F01231,CF-B1,2024-03-03,Temperature sensor fault,7.9,5.55,TECH-001,Operator error,Recalibration,temperature_control,electrical,electrical,thermocouple_probe,107.82,4,1.79
F01232,CF-B1,2024-03-07,Conveyor motor fault,8.84,5.57,TECH-008,Calibration drift,PM schedule updated,conveyor_system,electrical,electrical,motor_starter,324.16,5,1.41
F01233,CF-B1,2024-03-12,Conveyor motor fault,5.31,6.92,TECH-006,Material defect,PM schedule updated,conveyor_system,electrical,electrical,motor_starter,229.38,4,2.3
F01234,CF-B1,2024-03-17,Conveyor motor fault,6.19,5.76,TECH-006,Operator error,Part replacement,conveyor_system,electrical,electrical,motor_starter,366.33,3,2.03
F01235,CF-B1,2024-03-20,Heating element failure,5.75,3.82,TECH-001,Operator error,Design modification,heating_element,electrical,electrical,resistance_heating_rod,212.49,10,1.11
F01236,CF-B1,2024-03-21,Conveyor motor fault,5.65,3.58,TECH-008,Calibration drift,Design modification,conveyor_system,electrical,electrical,motor_starter,308.97,4,1.37
F01237,CF-B1,2024-03-23,Conveyor motor fault,8.44,8.48,TECH-001,Contamination,Part replacement,conveyor_system,electrical,electrical,motor_starter,389.33,4,3.14
F01238,CF-B1,2024-04-10,Heating element failure,6.38,3.85,TECH-008,Overloading,Vendor notified,heating_element,electrical,electrical,resistance_heating_rod,371.32,10,1.13
F01239,CF-B1,2024-04-15,Control board failure,8.12,6.07,TECH-002,Overloading,PM schedule updated,control_panel,electrical,electrical,plc_module,618.93,10,2.41
F01240,CF-B1,2024-04-20,Temperature sensor fault,5.81,3.34,TECH-003,Calibration drift,Part replacement,temperature_control,electrical,electrical,thermocouple_probe,57.84,2,0.78
F01241,CF-B1,2024-04-21,Control board failure,5.63,4.27,TECH-003,Calibration drift,Part replacement,control_panel,electrical,electrical,plc_module,1361.63,10,2.31
F01242,CF-B1,2024-04-24,Heating element failure,5.41,5.29,TECH-002,Operator error,Operator retraining,heating_element,electrical,electrical,resistance_heating_rod,321.41,6,1.74
F01243,CF-B1,2024-05-21,Conveyor motor fault,10.33,5.96,TECH-007,Design limitation,Recalibration,conveyor_system,electrical,electrical,motor_starter,340.62,6,1.96
F01244,CF-B1,2024-05-27,Temperature sensor fault,4.55,3.16,TECH-003,Calibration drift,Part replacement,temperature_control,electrical,electrical,thermocouple_probe,52.38,3,1.22
F01245,CF-B1,2024-06-04,Temperature sensor fault,6.02,6.18,TECH-006,Overloading,Vendor notified,temperature_control,electrical,electrical,thermocouple_probe,61.24,4,2.11
F01246,CF-B1,2024-06-11,Control board failure,6.22,3.92,TECH-004,Material defect,PM schedule updated,control_panel,electrical,electrical,plc_module,1118.29,10,1.62
F01247,CF-B1,2024-06-12,Heating element failure,7.21,5.75,TECH-002,Contamination,Recalibration,heating_element,electrical,electrical,resistance_heating_rod,289.95,5,1.92
F01248,CF-B1,2024-06-22,Temperature sensor fault,8.67,5.09,TECH-005,Lack of preventive maintenance,Design modification,temperature_control,electrical,electrical,thermocouple_probe,58.84,2,1.3
F01249,CF-B1,2024-06-26,Conveyor motor fault,9.24,2.98,TECH-006,Component wear,Design modification,conveyor_system,electrical,electrical,motor_starter,214.73,8,0.79
F01250,CF-B1,2024-07-01,Temperature sensor fault,5.94,5.22,TECH-008,Contamination,Recalibration,temperature_control,electrical,electrical,thermocouple_probe,72.97,3,1.24
F01251,CF-B1,2024-07-10,Control board failure,6.26,6.24,TECH-003,Design limitation,Recalibration,control_panel,electrical,electrical,plc_module,738.27,11,2.07
F01252,CF-B1,2024-07-17,Temperature sensor fault,8.41,3.82,TECH-006,Design limitation,Design modification,temperature_control,electrical,electrical,thermocouple_probe,91.05,4,1.49
F01253,CF-B1,2024-08-11,Control board failure,10.6,8.11,TECH-004,Calibration drift,PM schedule updated,control_panel,electrical,electrical,plc_module,929.97,10,2.63
F01254,CF-B1,2024-08-17,Conveyor motor fault,3.28,7.67,TECH-003,Material defect,Vendor notified,conveyor_system,electrical,electrical,motor_starter,185.52,8,2.64
F01255,CF-B1,2024-08-31,Heating element failure,7.02,7.27,TECH-008,Overloading,PM schedule updated,heating_element,electrical,electrical,resistance_heating_rod,321.45,8,1.54
F01256,CF-B1,2024-09-22,Temperature sensor fault,4.87,3.7,TECH-007,Contamination,Operator retraining,temperature_control,electrical,electrical,thermocouple_probe,97.82,5,1.02
F01257,CF-B1,2024-09-28,Control board failure,9.37,5.39,TECH-002,Design limitation,PM schedule updated,control_panel,electrical,electrical,plc_module,828.74,15,2.96
F01258,CF-B1,2024-10-04,Control board failure,7.7,7.54,TECH-002,Component wear,PM schedule updated,control_panel,electrical,electrical,plc_module,632.2,9,3.82
F01259,CF-B1,2024-10-11,Conveyor motor fault,3.99,4.54,TECH-008,Component wear,Design modification,conveyor_system,electrical,electrical,motor_starter,331.68,3,1.55
F01260,CF-B1,2024-10-12,Heating element failure,6.14,4.64,TECH-004,Material defect,Vendor notified,heating_element,electrical,electrical,resistance_heating_rod,345.32,9,1.1
F01261,CF-B1,2024-10-13,Temperature sensor fault,5.69,4.65,TECH-003,Overloading,Operator retraining,temperature_control,electrical,electrical,thermocouple_probe,38.06,2,1.26
F01262,CF-B1,2024-10-19,Conveyor motor fault,6.88,5.83,TECH-008,Component wear,Part replacement,conveyor_system,electrical,electrical,motor_starter,205.33,6,1.38
F01263,CF-B1,2024-10-20,Control board failure,5.11,5.4,TECH-003,Overloading,Recalibration,control_panel,electrical,electrical,plc_module,852.03,7,1.7
F01264,CF-B1,2024-10-21,Heating element failure,6.71,6.77,TECH-007,Operator error,Operator retraining,heating_element,electrical,electrical,resistance_heating_rod,359.43,5,1.78
F01265,CF-B1,2024-10-31,Control board failure,5.82,4.78,TECH-006,Lack of preventive maintenance,Part replacement,control_panel,electrical,electrical,plc_module,1385.43,8,1.6
F01266,CF-B1,2024-11-01,Heating element failure,8.3,6.59,TECH-001,Calibration drift,PM schedule updated,heating_element,electrical,electrical,resistance_heating_rod,310.16,10,2.11
F01267,CF-B1,2024-11-07,Control board failure,8.43,6.33,TECH-008,Overloading,PM schedule updated,control_panel,electrical,electrical,plc_module,1146.33,10,2.2
F01268,CF-B1,2024-11-11,Heating element failure,7.08,5.73,TECH-007,Lack of preventive maintenance,Operator retraining,heating_element,electrical,electrical,resistance_heating_rod,153.78,5,1.84
F01269,CF-B1,2024-11-15,Control board failure,3.66,5.04,TECH-002,Operator error,Recalibration,control_panel,electrical,electrical,plc_module,1389.0,16,2.41
F01270,CF-B1,2024-12-03,Heating element failure,7.43,5.08,TECH-001,Calibration drift,PM schedule updated,heating_element,electrical,electrical,resistance_heating_rod,376.22,9,1.7
F01271,CF-B1,2024-12-04,Heating element failure,7.37,6.04,TECH-002,Design limitation,Part replacement,heating_element,electrical,electrical,resistance_heating_rod,144.84,5,1.65
F01272,CF-B1,2024-12-05,Heating element failure,7.58,6.15,TECH-007,Lack of preventive maintenance,Recalibration,heating_element,electrical,electrical,resistance_heating_rod,136.07,10,1.85
F01273,CF-B1,2024-12-06,Conveyor motor fault,8.48,5.06,TECH-008,Component wear,Design modification,conveyor_system,electrical,electrical,motor_starter,404.57,7,1.51
F01274,CF-B1,2024-12-09,Conveyor motor fault,5.2,7.73,TECH-004,Operator error,Vendor notified,conveyor_system,electrical,electrical,motor_starter,217.58,4,1.64
F01275,CF-B1,2024-12-18,Conveyor motor fault,6.69,6.21,TECH-004,Component wear,Design modification,conveyor_system,electrical,electrical,motor_starter,194.73,8,2.32
F01276,CF-B1,2024-12-22,Control board failure,5.49,5.02,TECH-002,Design limitation,PM schedule updated,control_panel,electrical,electrical,plc_module,697.51,17,1.87
F01277,CF-B1,2024-12-24,Temperature sensor fault,7.97,4.87,TECH-005,Overloading,Vendor notified,temperature_control,electrical,electrical,thermocouple_probe,53.02,4,1.51
F01278,CF-B1,2024-12-25,Conveyor motor fault,7.27,6.99,TECH-004,Contamination,Design modification,conveyor_system,electrical,electrical,motor_starter,346.48,3,2.3
F01279,CF-B1,2024-12-30,Control board failure,7.56,4.15,TECH-003,Contamination,Operator retraining,control_panel,electrical,electrical,plc_module,898.2,10,1.34
F01280,CF-B1,2025-01-01,Conveyor motor fault,7.81,5.31,TECH-002,Operator error,Vendor notified,conveyor_system,electrical,electrical,motor_starter,212.8,6,2.05
F01281,CF-B1,2025-01-05,Conveyor motor fault,8.76,6.13,TECH-006,Design limitation,Recalibration,conveyor_system,electrical,electrical,motor_starter,361.57,4,2.35
F01282,CF-B1,2025-01-16,Control board failure,6.64,5.65,TECH-004,Overloading,Part replacement,control_panel,electrical,electrical,plc_module,1112.5,20,3.01
F01283,CF-B1,2025-01-24,Conveyor motor fault,8.04,6.44,TECH-008,Operator error,Design modification,conveyor_system,electrical,electrical,motor_starter,277.09,3,1.37
F01284,CF-B1,2025-01-26,Conveyor motor fault,5.39,5.11,TECH-002,Lack of preventive maintenance,Recalibration,conveyor_system,electrical,electrical,motor_starter,201.82,3,1.12
F01285,CF-B1,2025-01-28,Control board failure,6.61,4.81,TECH-008,Component wear,PM schedule updated,control_panel,electrical,electrical,plc_module,868.4,9,2.39
F01286,CF-B1,2025-01-29,Heating element failure,5.64,5.45,TECH-003,Overloading,Design modification,heating_element,electrical,electrical,resistance_heating_rod,279.6,9,1.25
F01287,CF-B1,2025-02-05,Conveyor motor fault,9.11,6.08,TECH-004,Overloading,Vendor notified,conveyor_system,electrical,electrical,motor_starter,358.24,4,1.23
F01288,CF-B1,2025-02-08,Control board failure,5.17,5.88,TECH-005,Design limitation,Operator retraining,control_panel,electrical,electrical,plc_module,810.08,12,2.25
F01289,CF-B1,2025-02-11,Heating element failure,5.86,3.05,TECH-005,Operator error,PM schedule updated,heating_element,electrical,electrical,resistance_heating_rod,202.19,8,1.07
F01290,CF-B1,2025-02-13,Temperature sensor fault,6.32,5.94,TECH-002,Material defect,Part replacement,temperature_control,electrical,electrical,thermocouple_probe,91.56,5,1.35
F01291,CF-B1,2025-02-14,Control board failure,9.15,6.14,TECH-001,Overloading,Vendor notified,control_panel,electrical,electrical,plc_module,1242.42,21,2.14
F01292,CF-B1,2025-02-17,Temperature sensor fault,6.37,4.25,TECH-007,Lack of preventive maintenance,Design modification,temperature_control,electrical,electrical,thermocouple_probe,87.9,4,1.26
F01293,CF-B1,2025-02-18,Control board failure,6.7,5.38,TECH-006,Material defect,Vendor notified,control_panel,electrical,electrical,plc_module,940.27,10,2.31
F01294,CF-B1,2025-02-23,Temperature sensor fault,12.05,3.51,TECH-008,Component wear,Vendor notified,temperature_control,electrical,electrical,thermocouple_probe,45.69,2,0.82
F01295,CF-B1,2025-03-09,Heating element failure,6.91,3.13,TECH-002,Contamination,Recalibration,heating_element,electrical,electrical,resistance_heating_rod,167.47,7,0.8
F01296,CF-B1,2025-03-12,Control board failure,8.25,5.16,TECH-003,Contamination,Part replacement,control_panel,electrical,electrical,plc_module,871.27,21,1.96
F01297,CF-B1,2025-03-14,Temperature sensor fault,5.26,3.63,TECH-005,Design limitation,Operator retraining,temperature_control,electrical,electrical,thermocouple_probe,107.17,5,1.39
F01298,CF-B1,2025-03-15,Control board failure,7.22,7.25,TECH-004,Design limitation,Vendor notified,control_panel,electrical,electrical,plc_module,825.94,15,2.38
F01299,CF-B1,2025-03-18,Control board failure,9.63,3.9,TECH-001,Contamination,Part replacement,control_panel,electrical,electrical,plc_module,1036.1,11,1.95
F01300,CF-B1,2025-03-23,Temperature sensor fault,5.87,6.41,TECH-006,Component wear,Operator retraining,temperature_control,electrical,electrical,thermocouple_probe,105.72,3,1.89
F01301,CF-B1,2025-03-25,Temperature sensor fault,8.14,6.26,TECH-003,Overloading,Part replacement,temperature_control,electrical,electrical,thermocouple_probe,112.79,4,1.59
F01302,CF-B1,2025-04-07,Conveyor motor fault,9.42,5.58,TECH-004,Calibration drift,Operator retraining,conveyor_system,electrical,electrical,motor_starter,294.8,6,1.16
F01303,CF-B1,2025-04-09,Conveyor motor fault,4.31,7.25,TECH-002,Calibration drift,Vendor notified,conveyor_system,electrical,electrical,motor_starter,371.98,3,1.9
F01304,CF-B1,2025-04-18,Control board failure,7.41,6.37,TECH-001,Contamination,Vendor notified,control_panel,electrical,electrical,plc_module,1043.56,8,1.98
F01305,CF-B1,2025-04-19,Control board failure,6.78,5.79,TECH-007,Contamination,Part replacement,control_panel,electrical,electrical,plc_module,645.04,9,1.84
F01306,CF-B1,2025-04-20,Conveyor motor fault,7.19,6.69,TECH-002,Overloading,Operator retraining,conveyor_system,electrical,electrical,motor_starter,291.89,7,1.79
F01307,CF-B1,2025-04-24,Conveyor motor fault,7.4,3.84,TECH-007,Overloading,Recalibration,conveyor_system,electrical,electrical,motor_starter,230.88,5,1.35
F01308,CF-B1,2025-04-25,Heating element failure,6.87,5.64,TECH-006,Lack of preventive maintenance,Vendor notified,heating_element,electrical,electrical,resistance_heating_rod,368.13,6,1.29
F01309,CF-B1,2025-04-26,Temperature sensor fault,5.94,4.59,TECH-007,Calibration drift,PM schedule updated,temperature_control,electrical,electrical,thermocouple_probe,111.9,3,1.51
F01310,CF-B1,2025-04-27,Heating element failure,8.12,6.08,TECH-003,Material defect,PM schedule updated,heating_element,electrical,electrical,resistance_heating_rod,308.93,8,2.07
F01311,AS-B1,2024-01-15,Torque tool calibration,1.71,1.19,TECH-004,Calibration drift,Vendor notified,torque_system,software,automation,torque_transducer,374.05,3,0.48
F01312,AS-B1,2024-01-25,Electrical short,1.9,1.43,TECH-003,Material defect,Design modification,electrical_panel,electrical,electrical,circuit_breaker,48.08,2,0.32
F01313,AS-B1,2024-02-01,Torque tool calibration,1.55,1.3,TECH-001,Design limitation,Recalibration,torque_system,software,automation,torque_transducer,334.48,5,0.46
F01314,AS-B1,2024-02-19,Pneumatic leak,0.99,1.35,TECH-001,Overloading,Operator retraining,pneumatic_system,hydraulic,hydraulic,pneumatic_fitting,14.83,1,0.09
F01315,AS-B1,2024-02-24,Fixture misalignment,1.13,0.56,TECH-006,Overloading,Operator retraining,fixture_system,mechanical,mechanical,fixture_pin_set,113.57,2,0.12
F01316,AS-B1,2024-02-25,Pneumatic leak,1.33,1.23,TECH-005,Contamination,PM schedule updated,pneumatic_system,hydraulic,hydraulic,pneumatic_fitting,14.71,2,0.11
F01317,AS-B1,2024-03-16,Pneumatic leak,1.38,1.02,TECH-003,Lack of preventive maintenance,Part replacement,pneumatic_system,hydraulic,hydraulic,pneumatic_fitting,22.58,2,0.11
F01318,AS-B1,2024-03-17,Torque tool calibration,1.43,1.03,TECH-005,Operator error,Operator retraining,torque_system,software,automation,torque_transducer,290.35,6,0.41
F01319,AS-B1,2024-03-18,Sensor fault,1.76,1.13,TECH-002,Operator error,Vendor notified,sensor_package,electrical,electrical,proximity_sensor,122.2,3,0.34
F01320,AS-B1,2024-03-19,Sensor fault,0.76,1.05,TECH-006,Contamination,Vendor notified,sensor_package,electrical,electrical,proximity_sensor,81.78,5,0.22
F01321,AS-B1,2024-03-29,Sensor fault,1.1,1.16,TECH-004,Overloading,Part replacement,sensor_package,electrical,electrical,proximity_sensor,120.23,3,0.29
F01322,AS-B1,2024-04-13,Pneumatic leak,1.84,1.49,TECH-001,Material defect,Recalibration,pneumatic_system,hydraulic,hydraulic,pneumatic_fitting,41.98,1,0.18
F01323,AS-B1,2024-04-21,Electrical short,1.57,1.16,TECH-006,Design limitation,Vendor notified,electrical_panel,electrical,electrical,circuit_breaker,30.94,3,0.24
F01324,AS-B1,2024-04-25,Fixture misalignment,1.47,0.9,TECH-001,Component wear,Recalibration,fixture_system,mechanical,mechanical,fixture_pin_set,110.17,2,0.14
F01325,AS-B1,2024-04-28,Electrical short,1.26,0.71,TECH-006,Contamination,Operator retraining,electrical_panel,electrical,electrical,circuit_breaker,85.87,3,0.22
F01326,AS-B1,2024-05-05,Torque tool calibration,1.73,1.37,TECH-007,Lack of preventive maintenance,Recalibration,torque_system,software,automation,torque_transducer,322.24,7,0.49
F01327,AS-B1,2024-05-11,Pneumatic leak,1.38,1.08,TECH-001,Material defect,Vendor notified,pneumatic_system,hydraulic,hydraulic,pneumatic_fitting,13.92,1,0.06
F01328,AS-B1,2024-05-22,Electrical short,1.0,1.21,TECH-002,Component wear,Operator retraining,electrical_panel,electrical,electrical,circuit_breaker,33.3,3,0.32
F01329,AS-B1,2024-05-31,Torque tool calibration,0.97,1.48,TECH-005,Material defect,Recalibration,torque_system,software,automation,torque_transducer,168.18,7,0.65
F01330,AS-B1,2024-06-01,Pneumatic leak,1.01,1.06,TECH-008,Design limitation,PM schedule updated,pneumatic_system,hydraulic,hydraulic,pneumatic_fitting,36.04,1,0.12
F01331,AS-B1,2024-06-14,Pneumatic leak,1.36,1.38,TECH-003,Material defect,Part replacement,pneumatic_system,hydraulic,hydraulic,pneumatic_fitting,37.41,2,0.19
F01332,AS-B1,2024-06-19,Sensor fault,1.31,1.53,TECH-003,Design limitation,Part replacement,sensor_package,electrical,electrical,proximity_sensor,84.04,3,0.37
F01333,AS-B1,2024-06-26,Electrical short,1.44,1.65,TECH-002,Lack of preventive maintenance,Vendor notified,electrical_panel,electrical,electrical,circuit_breaker,86.54,2,0.34
F01334,AS-B1,2024-06-29,Pneumatic leak,1.17,1.06,TECH-005,Component wear,Operator retraining,pneumatic_system,hydraulic,hydraulic,pneumatic_fitting,19.28,1,0.09
F01335,AS-B1,2024-07-15,Pneumatic leak,1.15,1.87,TECH-006,Material defect,Vendor notified,pneumatic_system,hydraulic,hydraulic,pneumatic_fitting,22.54,1,0.26
F01336,AS-B1,2024-08-07,Electrical short,1.87,1.77,TECH-002,Overloading,Vendor notified,electrical_panel,electrical,electrical,circuit_breaker,46.12,2,0.54
F01337,AS-B1,2024-08-09,Fixture misalignment,1.1,0.97,TECH-008,Material defect,PM schedule updated,fixture_system,mechanical,mechanical,fixture_pin_set,87.59,4,0.17
F01338,AS-B1,2024-08-11,Torque tool calibration,0.87,0.99,TECH-003,Calibration drift,Recalibration,torque_system,software,automation,torque_transducer,191.4,7,0.4
F01339,AS-B1,2024-08-20,Torque tool calibration,1.25,1.25,TECH-002,Calibration drift,Recalibration,torque_system,software,automation,torque_transducer,336.33,7,0.52
F01340,AS-B1,2024-08-24,Electrical short,1.53,1.06,TECH-008,Component wear,Vendor notified,electrical_panel,electrical,electrical,circuit_breaker,75.98,3,0.3
F01341,AS-B1,2024-08-26,Torque tool calibration,1.16,1.66,TECH-004,Operator error,Recalibration,torque_system,software,automation,torque_transducer,173.38,5,0.51
F01342,AS-B1,2024-08-27,Torque tool calibration,1.46,1.73,TECH-002,Component wear,Vendor notified,torque_system,software,automation,torque_transducer,248.88,3,0.69
F01343,AS-B1,2024-09-05,Torque tool calibration,1.6,1.21,TECH-001,Operator error,Part replacement,torque_system,software,automation,torque_transducer,255.86,5,0.48
F01344,AS-B1,2024-09-15,Fixture misalignment,1.37,1.14,TECH-002,Design limitation,Recalibration,fixture_system,mechanical,mechanical,fixture_pin_set,116.98,3,0.29
F01345,AS-B1,2024-10-04,Pneumatic leak,0.92,0.95,TECH-002,Contamination,Vendor notified,pneumatic_system,hydraulic,hydraulic,pneumatic_fitting,21.54,1,0.1
F01346,AS-B1,2024-10-05,Torque tool calibration,1.83,1.51,TECH-003,Design limitation,PM schedule updated,torque_system,software,automation,torque_transducer,317.09,4,0.55
F01347,AS-B1,2024-10-09,Sensor fault,1.46,1.5,TECH-002,Lack of preventive maintenance,Part replacement,sensor_package,electrical,electrical,proximity_sensor,69.42,4,0.49
F01348,AS-B1,2024-10-10,Torque tool calibration,1.32,1.48,TECH-003,Lack of preventive maintenance,Recalibration,torque_system,software,automation,torque_transducer,199.44,6,0.57
F01349,AS-B1,2024-10-11,Sensor fault,1.26,1.26,TECH-004,Overloading,Vendor notified,sensor_package,electrical,electrical,proximity_sensor,116.09,4,0.47
F01350,AS-B1,2024-10-26,Fixture misalignment,1.52,1.09,TECH-002,Material defect,Part replacement,fixture_system,mechanical,mechanical,fixture_pin_set,72.2,2,0.25
F01351,AS-B1,2024-11-17,Sensor fault,1.41,1.29,TECH-002,Contamination,Part replacement,sensor_package,electrical,electrical,proximity_sensor,77.22,4,0.49
F01352,AS-B1,2024-12-03,Electrical short,1.26,1.11,TECH-006,Component wear,Vendor notified,electrical_panel,electrical,electrical,circuit_breaker,56.21,1,0.43
F01353,AS-B1,2024-12-06,Electrical short,1.87,0.97,TECH-005,Contamination,Part replacement,electrical_panel,electrical,electrical,circuit_breaker,45.78,1,0.37
F01354,AS-B1,2024-12-08,Sensor fault,1.09,1.2,TECH-002,Lack of preventive maintenance,Recalibration,sensor_package,electrical,electrical,proximity_sensor,88.22,5,0.29
F01355,AS-B1,2024-12-18,Torque tool calibration,1.56,1.31,TECH-008,Operator error,Part replacement,torque_system,software,automation,torque_transducer,339.74,7,0.64
F01356,AS-B1,2024-12-24,Pneumatic leak,1.72,1.15,TECH-006,Component wear,Recalibration,pneumatic_system,hydraulic,hydraulic,pneumatic_fitting,25.18,2,0.09
F01357,AS-B1,2025-01-03,Torque tool calibration,1.19,1.42,TECH-007,Contamination,Recalibration,torque_system,software,automation,torque_transducer,200.26,4,0.7
F01358,AS-B1,2025-01-14,Torque tool calibration,1.29,1.05,TECH-008,Calibration drift,Design modification,torque_system,software,automation,torque_transducer,172.23,6,0.47
F01359,AS-B1,2025-01-19,Torque tool calibration,1.46,1.3,TECH-004,Operator error,Recalibration,torque_system,software,automation,torque_transducer,401.37,7,0.42
F01360,AS-B1,2025-01-22,Sensor fault,1.64,1.65,TECH-008,Component wear,Part replacement,sensor_package,electrical,electrical,proximity_sensor,99.43,2,0.54
F01361,AS-B1,2025-01-23,Fixture misalignment,1.03,1.58,TECH-005,Calibration drift,Recalibration,fixture_system,mechanical,mechanical,fixture_pin_set,63.99,3,0.36
F01362,AS-B1,2025-02-04,Torque tool calibration,0.65,1.02,TECH-004,Material defect,Recalibration,torque_system,software,automation,torque_transducer,396.34,7,0.49
F01363,AS-B1,2025-02-05,Fixture misalignment,2.04,1.67,TECH-007,Lack of preventive maintenance,Vendor notified,fixture_system,mechanical,mechanical,fixture_pin_set,128.69,3,0.31
F01364,AS-B1,2025-02-28,Electrical short,1.05,1.47,TECH-002,Calibration drift,Design modification,electrical_panel,electrical,electrical,circuit_breaker,59.37,2,0.32
F01365,AS-B1,2025-03-14,Pneumatic leak,1.78,1.24,TECH-004,Operator error,Part replacement,pneumatic_system,hydraulic,hydraulic,pneumatic_fitting,31.77,2,0.13
F01366,AS-B1,2025-03-19,Fixture misalignment,1.52,1.07,TECH-008,Component wear,Vendor notified,fixture_system,mechanical,mechanical,fixture_pin_set,62.73,2,0.21
F01367,AS-B1,2025-03-24,Sensor fault,1.82,1.11,TECH-008,Lack of preventive maintenance,PM schedule updated,sensor_package,electrical,electrical,proximity_sensor,61.26,3,0.4
F01368,AS-B1,2025-03-25,Electrical short,1.92,1.33,TECH-003,Component wear,Part replacement,electrical_panel,electrical,electrical,circuit_breaker,31.55,2,0.49
F01369,AS-B1,2025-03-28,Torque tool calibration,0.66,1.47,TECH-005,Design limitation,Vendor notified,torque_system,software,automation,torque_transducer,384.5,5,0.63
F01370,AS-B1,2025-03-29,Pneumatic leak,1.7,1.12,TECH-007,Component wear,Vendor notified,pneumatic_system,hydraulic,hydraulic,pneumatic_fitting,24.08,1,0.07
F01371,AS-B1,2025-03-30,Fixture misalignment,1.25,1.09,TECH-002,Calibration drift,Operator retraining,fixture_system,mechanical,mechanical,fixture_pin_set,103.99,4,0.31
F01372,AS-B1,2025-04-01,Fixture misalignment,1.02,0.85,TECH-001,Contamination,Vendor notified,fixture_system,mechanical,mechanical,fixture_pin_set,138.41,2,0.23
F01373,AS-B1,2025-04-04,Sensor fault,1.42,1.31,TECH-006,Lack of preventive maintenance,Recalibration,sensor_package,electrical,electrical,proximity_sensor,88.69,2,0.52
F01374,AS-B1,2025-04-06,Electrical short,1.31,1.18,TECH-001,Design limitation,Recalibration,electrical_panel,electrical,electrical,circuit_breaker,43.37,2,0.25
F01375,AS-B1,2025-04-11,Sensor fault,1.38,1.15,TECH-002,Lack of preventive maintenance,Design modification,sensor_package,electrical,electrical,proximity_sensor,88.64,5,0.3
F01376,AS-B2,2024-01-05,Sensor fault,1.72,1.33,TECH-001,Contamination,PM schedule updated,sensor_package,electrical,electrical,proximity_sensor,42.59,3,0.42
F01377,AS-B2,2024-01-26,Torque tool calibration,1.22,1.3,TECH-006,Component wear,Vendor notified,torque_system,software,automation,torque_transducer,232.33,6,0.4
F01378,AS-B2,2024-02-02,Electrical short,1.15,1.78,TECH-002,Component wear,Part replacement,electrical_panel,electrical,electrical,circuit_breaker,50.59,1,0.67
F01379,AS-B2,2024-02-07,Pneumatic leak,1.18,1.53,TECH-005,Component wear,Recalibration,pneumatic_system,hydraulic,hydraulic,pneumatic_fitting,22.1,1,0.19
F01380,AS-B2,2024-02-14,Fixture misalignment,2.04,1.47,TECH-004,Component wear,Vendor notified,fixture_system,mechanical,mechanical,fixture_pin_set,86.54,4,0.4
F01381,AS-B2,2024-02-15,Electrical short,2.02,1.23,TECH-006,Calibration drift,Recalibration,electrical_panel,electrical,electrical,circuit_breaker,70.9,3,0.25
F01382,AS-B2,2024-02-17,Torque tool calibration,1.07,1.69,TECH-001,Overloading,Recalibration,torque_system,software,automation,torque_transducer,173.95,5,0.84
F01383,AS-B2,2024-02-18,Fixture misalignment,1.44,1.23,TECH-008,Operator error,Part replacement,fixture_system,mechanical,mechanical,fixture_pin_set,126.06,2,0.35
F01384,AS-B2,2024-02-19,Pneumatic leak,1.9,1.06,TECH-008,Operator error,Operator retraining,pneumatic_system,hydraulic,hydraulic,pneumatic_fitting,12.61,2,0.14
F01385,AS-B2,2024-02-21,Sensor fault,1.77,1.24,TECH-006,Contamination,Part replacement,sensor_package,electrical,electrical,proximity_sensor,79.45,3,0.25
F01386,AS-B2,2024-02-22,Torque tool calibration,1.45,1.02,TECH-005,Calibration drift,Vendor notified,torque_system,software,automation,torque_transducer,238.49,6,0.46
F01387,AS-B2,2024-03-10,Torque tool calibration,2.53,1.04,TECH-001,Contamination,PM schedule updated,torque_system,software,automation,torque_transducer,367.22,3,0.37
F01388,AS-B2,2024-03-13,Fixture misalignment,2.1,0.85,TECH-008,Contamination,Design modification,fixture_system,mechanical,mechanical,fixture_pin_set,85.0,3,0.25
F01389,AS-B2,2024-03-25,Torque tool calibration,1.92,1.23,TECH-008,Design limitation,Vendor notified,torque_system,software,automation,torque_transducer,277.0,5,0.5
F01390,AS-B2,2024-03-26,Fixture misalignment,1.69,1.29,TECH-001,Component wear,Part replacement,fixture_system,mechanical,mechanical,fixture_pin_set,93.63,3,0.3
F01391,AS-B2,2024-03-28,Pneumatic leak,1.77,1.52,TECH-004,Overloading,Operator retraining,pneumatic_system,hydraulic,hydraulic,pneumatic_fitting,24.97,2,0.21
F01392,AS-B2,2024-04-04,Electrical short,1.3,1.54,TECH-008,Operator error,Part replacement,electrical_panel,electrical,electrical,circuit_breaker,85.79,3,0.48
F01393,AS-B2,2024-04-05,Torque tool calibration,2.33,1.71,TECH-007,Material defect,Operator retraining,torque_system,software,automation,torque_transducer,277.75,4,0.8
F01394,AS-B2,2024-04-07,Torque tool calibration,1.02,2.1,TECH-004,Calibration drift,Part replacement,torque_system,software,automation,torque_transducer,308.56,6,0.92
F01395,AS-B2,2024-04-09,Torque tool calibration,1.78,1.34,TECH-003,Material defect,PM schedule updated,torque_system,software,automation,torque_transducer,356.18,4,0.6
F01396,AS-B2,2024-04-14,Pneumatic leak,2.23,1.27,TECH-006,Overloading,Operator retraining,pneumatic_system,hydraulic,hydraulic,pneumatic_fitting,18.26,2,0.13
F01397,AS-B2,2024-04-15,Torque tool calibration,1.58,1.35,TECH-005,Design limitation,Vendor notified,torque_system,software,automation,torque_transducer,315.01,7,0.64
F01398,AS-B2,2024-04-16,Pneumatic leak,1.76,1.46,TECH-005,Calibration drift,Operator retraining,pneumatic_system,hydraulic,hydraulic,pneumatic_fitting,30.3,1,0.09
F01399,AS-B2,2024-04-20,Pneumatic leak,1.41,1.12,TECH-002,Overloading,PM schedule updated,pneumatic_system,hydraulic,hydraulic,pneumatic_fitting,36.49,1,0.14
F01400,AS-B2,2024-05-12,Torque tool calibration,1.48,1.47,TECH-008,Calibration drift,Design modification,torque_system,software,automation,torque_transducer,264.97,6,0.69
F01401,AS-B2,2024-05-19,Sensor fault,1.88,1.64,TECH-007,Lack of preventive maintenance,Design modification,sensor_package,electrical,electrical,proximity_sensor,76.36,5,0.33
F01402,AS-B2,2024-05-29,Electrical short,1.43,1.24,TECH-003,Contamination,Vendor notified,electrical_panel,electrical,electrical,circuit_breaker,67.98,2,0.43
F01403,AS-B2,2024-06-26,Sensor fault,2.16,1.14,TECH-001,Component wear,Operator retraining,sensor_package,electrical,electrical,proximity_sensor,89.07,4,0.41
F01404,AS-B2,2024-07-14,Torque tool calibration,1.22,1.3,TECH-005,Lack of preventive maintenance,Operator retraining,torque_system,software,automation,torque_transducer,338.75,5,0.46
F01405,AS-B2,2024-08-02,Electrical short,1.91,1.01,TECH-002,Lack of preventive maintenance,Recalibration,electrical_panel,electrical,electrical,circuit_breaker,87.46,2,0.4
F01406,AS-B2,2024-08-11,Fixture misalignment,1.79,1.67,TECH-007,Material defect,PM schedule updated,fixture_system,mechanical,mechanical,fixture_pin_set,142.5,4,0.48
F01407,AS-B2,2024-08-12,Pneumatic leak,1.77,1.67,TECH-006,Contamination,Part replacement,pneumatic_system,hydraulic,hydraulic,pneumatic_fitting,34.66,2,0.11
F01408,AS-B2,2024-08-14,Pneumatic leak,1.31,1.75,TECH-008,Calibration drift,Operator retraining,pneumatic_system,hydraulic,hydraulic,pneumatic_fitting,28.3,2,0.22
F01409,AS-B2,2024-08-17,Electrical short,1.27,1.56,TECH-006,Operator error,Recalibration,electrical_panel,electrical,electrical,circuit_breaker,60.29,2,0.35
F01410,AS-B2,2024-08-21,Fixture misalignment,1.21,1.54,TECH-007,Overloading,PM schedule updated,fixture_system,mechanical,mechanical,fixture_pin_set,91.14,4,0.35
F01411,AS-B2,2024-09-02,Sensor fault,1.4,1.04,TECH-002,Operator error,Part replacement,sensor_package,electrical,electrical,proximity_sensor,77.88,4,0.24
F01412,AS-B2,2024-09-03,Pneumatic leak,2.46,1.36,TECH-008,Operator error,Vendor notified,pneumatic_system,hydraulic,hydraulic,pneumatic_fitting,37.13,1,0.13
F01413,AS-B2,2024-09-06,Sensor fault,1.47,1.27,TECH-007,Material defect,Recalibration,sensor_package,electrical,electrical,proximity_sensor,46.04,5,0.37
F01414,AS-B2,2024-09-16,Torque tool calibration,1.38,1.26,TECH-002,Contamination,Operator retraining,torque_system,software,automation,torque_transducer,206.92,3,0.56
F01415,AS-B2,2024-09-19,Torque tool calibration,1.82,0.93,TECH-001,Contamination,Recalibration,torque_system,software,automation,torque_transducer,367.81,6,0.39
F01416,AS-B2,2024-09-23,Sensor fault,1.5,1.68,TECH-007,Material defect,Part replacement,sensor_package,electrical,electrical,proximity_sensor,54.82,2,0.44
F01417,AS-B2,2024-10-08,Fixture misalignment,1.5,1.32,TECH-006,Contamination,PM schedule updated,fixture_system,mechanical,mechanical,fixture_pin_set,135.33,4,0.37
F01418,AS-B2,2024-10-09,Electrical short,1.19,1.18,TECH-007,Material defect,Design modification,electrical_panel,electrical,electrical,circuit_breaker,41.97,2,0.31
F01419,AS-B2,2024-10-15,Electrical short,1.89,0.89,TECH-007,Component wear,Vendor notified,electrical_panel,electrical,electrical,circuit_breaker,57.2,2,0.36
F01420,AS-B2,2024-10-18,Sensor fault,1.51,1.04,TECH-003,Overloading,Recalibration,sensor_package,electrical,electrical,proximity_sensor,51.5,3,0.39
F01421,AS-B2,2024-10-19,Electrical short,1.71,1.01,TECH-007,Design limitation,Design modification,electrical_panel,electrical,electrical,circuit_breaker,81.55,2,0.27
F01422,AS-B2,2024-10-20,Pneumatic leak,1.48,1.4,TECH-007,Lack of preventive maintenance,Vendor notified,pneumatic_system,hydraulic,hydraulic,pneumatic_fitting,27.58,2,0.11
F01423,AS-B2,2024-10-29,Electrical short,1.87,1.6,TECH-002,Overloading,Part replacement,electrical_panel,electrical,electrical,circuit_breaker,77.54,3,0.62
F01424,AS-B2,2024-11-07,Sensor fault,1.85,1.51,TECH-003,Material defect,Vendor notified,sensor_package,electrical,electrical,proximity_sensor,93.68,3,0.46
F01425,AS-B2,2024-11-22,Fixture misalignment,1.42,1.61,TECH-007,Design limitation,Vendor notified,fixture_system,mechanical,mechanical,fixture_pin_set,119.86,3,0.46
F01426,AS-B2,2024-11-23,Pneumatic leak,1.75,1.37,TECH-002,Operator error,Operator retraining,pneumatic_system,hydraulic,hydraulic,pneumatic_fitting,17.53,2,0.2
F01427,AS-B2,2024-12-10,Sensor fault,1.71,1.4,TECH-003,Operator error,Part replacement,sensor_package,electrical,electrical,proximity_sensor,109.41,5,0.42
F01428,AS-B2,2024-12-14,Torque tool calibration,1.08,1.68,TECH-002,Calibration drift,Part replacement,torque_system,software,automation,torque_transducer,378.49,7,0.61
F01429,AS-B2,2024-12-17,Fixture misalignment,1.02,1.33,TECH-007,Overloading,PM schedule updated,fixture_system,mechanical,mechanical,fixture_pin_set,124.29,4,0.26
F01430,AS-B2,2024-12-23,Sensor fault,1.34,1.35,TECH-001,Component wear,Vendor notified,sensor_package,electrical,electrical,proximity_sensor,79.0,2,0.36
F01431,AS-B2,2024-12-28,Sensor fault,1.48,1.26,TECH-006,Calibration drift,Design modification,sensor_package,electrical,electrical,proximity_sensor,74.12,2,0.32
F01432,AS-B2,2025-01-03,Sensor fault,2.03,1.31,TECH-002,Material defect,Design modification,sensor_package,electrical,electrical,proximity_sensor,103.86,5,0.28
F01433,AS-B2,2025-01-04,Fixture misalignment,2.02,1.34,TECH-004,Contamination,Part replacement,fixture_system,mechanical,mechanical,fixture_pin_set,124.62,3,0.28
F01434,AS-B2,2025-01-19,Pneumatic leak,1.77,1.33,TECH-003,Design limitation,PM schedule updated,pneumatic_system,hydraulic,hydraulic,pneumatic_fitting,33.67,2,0.19
F01435,AS-B2,2025-01-23,Electrical short,1.91,1.23,TECH-005,Calibration drift,Vendor notified,electrical_panel,electrical,electrical,circuit_breaker,77.64,3,0.37
F01436,AS-B2,2025-02-03,Fixture misalignment,0.69,1.55,TECH-005,Component wear,Recalibration,fixture_system,mechanical,mechanical,fixture_pin_set,125.8,3,0.3
F01437,AS-B2,2025-02-10,Torque tool calibration,1.8,1.16,TECH-002,Design limitation,Recalibration,torque_system,software,automation,torque_transducer,369.99,3,0.53
F01438,AS-B2,2025-02-20,Torque tool calibration,1.99,1.21,TECH-007,Design limitation,PM schedule updated,torque_system,software,automation,torque_transducer,187.13,4,0.37
F01439,AS-B2,2025-02-26,Electrical short,1.24,1.13,TECH-006,Contamination,Vendor notified,electrical_panel,electrical,electrical,circuit_breaker,89.86,2,0.43
F01440,AS-B2,2025-03-09,Electrical short,0.78,1.47,TECH-005,Overloading,PM schedule updated,electrical_panel,electrical,electrical,circuit_breaker,86.98,3,0.42
F01441,AS-B2,2025-03-15,Electrical short,2.25,0.86,TECH-006,Overloading,Part replacement,electrical_panel,electrical,electrical,circuit_breaker,45.78,1,0.26
F01442,AS-B2,2025-03-16,Fixture misalignment,1.71,1.04,TECH-006,Material defect,Part replacement,fixture_system,mechanical,mechanical,fixture_pin_set,77.14,2,0.3
F01443,AS-B2,2025-03-17,Sensor fault,1.41,1.41,TECH-002,Lack of preventive maintenance,PM schedule updated,sensor_package,electrical,electrical,proximity_sensor,42.33,4,0.35
F01444,AS-B2,2025-03-24,Electrical short,1.5,1.12,TECH-006,Material defect,Design modification,electrical_panel,electrical,electrical,circuit_breaker,40.34,1,0.27
F01445,AS-B2,2025-03-25,Fixture misalignment,1.5,1.48,TECH-002,Design limitation,Vendor notified,fixture_system,mechanical,mechanical,fixture_pin_set,115.08,3,0.36
F01446,AS-B2,2025-03-31,Pneumatic leak,2.13,0.96,TECH-007,Overloading,PM schedule updated,pneumatic_system,hydraulic,hydraulic,pneumatic_fitting,38.71,1,0.11
F01447,AS-B2,2025-04-11,Torque tool calibration,1.6,1.38,TECH-008,Lack of preventive maintenance,PM schedule updated,torque_system,software,automation,torque_transducer,342.11,5,0.46
F01448,AS-B2,2025-04-14,Sensor fault,1.73,1.41,TECH-007,Material defect,Design modification,sensor_package,electrical,electrical,proximity_sensor,68.61,3,0.55
F01449,AS-B2,2025-04-15,Electrical short,2.24,1.35,TECH-001,Calibration drift,PM schedule updated,electrical_panel,electrical,electrical,circuit_breaker,66.55,1,0.39
F01450,AS-B2,2025-04-16,Electrical short,1.66,1.29,TECH-001,Contamination,Vendor notified,electrical_panel,electrical,electrical,circuit_breaker,79.8,1,0.43
F01451,AS-B2,2025-04-17,Torque tool calibration,0.84,1.39,TECH-005,Design limitation,PM schedule updated,torque_system,software,automation,torque_transducer,307.97,6,0.6
F01452,AS-B2,2025-04-26,Sensor fault,1.16,1.49,TECH-008,Lack of preventive maintenance,Operator retraining,sensor_package,electrical,electrical,proximity_sensor,95.35,5,0.35
F01453,AS-B2,2025-04-28,Pneumatic leak,2.01,1.27,TECH-006,Operator error,Part replacement,pneumatic_system,hydraulic,hydraulic,pneumatic_fitting,15.19,2,0.14
F01454,AS-B2,2025-04-29,Sensor fault,1.66,1.17,TECH-007,Material defect,Recalibration,sensor_package,electrical,electrical,proximity_sensor,76.5,5,0.37
F01455,AS-B3,2024-01-08,Electrical short,2.12,0.99,TECH-001,Lack of preventive maintenance,PM schedule updated,electrical_panel,electrical,electrical,circuit_breaker,31.83,2,0.24
F01456,AS-B3,2024-01-20,Sensor fault,1.94,1.53,TECH-002,Design limitation,PM schedule updated,sensor_package,electrical,electrical,proximity_sensor,108.78,5,0.47
F01457,AS-B3,2024-01-27,Fixture misalignment,1.91,1.22,TECH-003,Calibration drift,Part replacement,fixture_system,mechanical,mechanical,fixture_pin_set,82.06,4,0.33
F01458,AS-B3,2024-01-28,Torque tool calibration,2.29,1.12,TECH-008,Operator error,Design modification,torque_system,software,automation,torque_transducer,210.0,3,0.35
F01459,AS-B3,2024-02-01,Sensor fault,1.22,1.29,TECH-006,Calibration drift,Recalibration,sensor_package,electrical,electrical,proximity_sensor,104.74,3,0.36
F01460,AS-B3,2024-02-02,Sensor fault,1.87,1.03,TECH-004,Material defect,Vendor notified,sensor_package,electrical,electrical,proximity_sensor,62.51,3,0.38
F01461,AS-B3,2024-02-03,Pneumatic leak,1.96,1.48,TECH-004,Calibration drift,Operator retraining,pneumatic_system,hydraulic,hydraulic,pneumatic_fitting,20.92,2,0.12
F01462,AS-B3,2024-02-04,Electrical short,2.04,1.63,TECH-006,Design limitation,Vendor notified,electrical_panel,electrical,electrical,circuit_breaker,40.6,1,0.43
F01463,AS-B3,2024-02-07,Fixture misalignment,2.1,1.79,TECH-004,Contamination,Operator retraining,fixture_system,mechanical,mechanical,fixture_pin_set,65.22,3,0.38
F01464,AS-B3,2024-02-29,Torque tool calibration,2.16,1.23,TECH-004,Operator error,PM schedule updated,torque_system,software,automation,torque_transducer,389.26,3,0.38
F01465,AS-B3,2024-03-03,Electrical short,1.37,0.82,TECH-002,Component wear,Operator retraining,electrical_panel,electrical,electrical,circuit_breaker,41.19,3,0.31
F01466,AS-B3,2024-03-15,Torque tool calibration,1.79,1.28,TECH-003,Design limitation,Part replacement,torque_system,software,automation,torque_transducer,338.26,7,0.45
F01467,AS-B3,2024-03-18,Pneumatic leak,1.39,1.45,TECH-002,Contamination,Operator retraining,pneumatic_system,hydraulic,hydraulic,pneumatic_fitting,24.59,1,0.09
F01468,AS-B3,2024-03-19,Sensor fault,1.42,1.69,TECH-001,Calibration drift,PM schedule updated,sensor_package,electrical,electrical,proximity_sensor,73.54,2,0.53
F01469,AS-B3,2024-03-21,Torque tool calibration,2.22,1.59,TECH-004,Design limitation,Recalibration,torque_system,software,automation,torque_transducer,256.78,7,0.57
F01470,AS-B3,2024-03-24,Torque tool calibration,1.34,1.29,TECH-007,Operator error,Vendor notified,torque_system,software,automation,torque_transducer,253.19,6,0.59
F01471,AS-B3,2024-03-25,Pneumatic leak,1.8,1.65,TECH-001,Lack of preventive maintenance,Design modification,pneumatic_system,hydraulic,hydraulic,pneumatic_fitting,38.35,1,0.18
F01472,AS-B3,2024-03-26,Fixture misalignment,1.99,1.56,TECH-007,Overloading,Operator retraining,fixture_system,mechanical,mechanical,fixture_pin_set,82.2,2,0.25
F01473,AS-B3,2024-03-27,Sensor fault,1.71,0.89,TECH-008,Material defect,Recalibration,sensor_package,electrical,electrical,proximity_sensor,103.24,2,0.25
F01474,AS-B3,2024-04-05,Electrical short,1.59,1.7,TECH-005,Lack of preventive maintenance,Part replacement,electrical_panel,electrical,electrical,circuit_breaker,58.2,1,0.4
F01475,AS-B3,2024-04-06,Sensor fault,2.33,1.27,TECH-004,Component wear,PM schedule updated,sensor_package,electrical,electrical,proximity_sensor,49.85,4,0.5
F01476,AS-B3,2024-04-12,Torque tool calibration,2.0,1.73,TECH-003,Lack of preventive maintenance,Vendor notified,torque_system,software,automation,torque_transducer,321.86,4,0.65
F01477,AS-B3,2024-04-15,Sensor fault,1.66,1.66,TECH-002,Component wear,Vendor notified,sensor_package,electrical,electrical,proximity_sensor,45.23,2,0.36
F01478,AS-B3,2024-04-23,Torque tool calibration,2.22,1.52,TECH-001,Calibration drift,Recalibration,torque_system,software,automation,torque_transducer,303.35,6,0.68
F01479,AS-B3,2024-04-26,Sensor fault,1.88,1.52,TECH-004,Component wear,Recalibration,sensor_package,electrical,electrical,proximity_sensor,77.16,3,0.32
F01480,AS-B3,2024-05-05,Sensor fault,2.46,1.82,TECH-008,Calibration drift,Vendor notified,sensor_package,electrical,electrical,proximity_sensor,44.06,3,0.52
F01481,AS-B3,2024-05-07,Sensor fault,1.16,1.37,TECH-006,Calibration drift,Part replacement,sensor_package,electrical,electrical,proximity_sensor,115.32,2,0.43
F01482,AS-B3,2024-05-17,Electrical short,1.67,1.76,TECH-008,Operator error,PM schedule updated,electrical_panel,electrical,electrical,circuit_breaker,70.43,1,0.37
F01483,AS-B3,2024-05-23,Torque tool calibration,1.79,1.44,TECH-004,Component wear,PM schedule updated,torque_system,software,automation,torque_transducer,204.04,6,0.62
F01484,AS-B3,2024-05-27,Torque tool calibration,1.83,1.99,TECH-006,Material defect,Vendor notified,torque_system,software,automation,torque_transducer,276.95,4,0.89
F01485,AS-B3,2024-05-28,Pneumatic leak,2.18,1.36,TECH-005,Calibration drift,Design modification,pneumatic_system,hydraulic,hydraulic,pneumatic_fitting,38.03,1,0.2
F01486,AS-B3,2024-05-29,Sensor fault,2.15,1.35,TECH-007,Overloading,PM schedule updated,sensor_package,electrical,electrical,proximity_sensor,104.61,5,0.5
F01487,AS-B3,2024-05-31,Sensor fault,2.33,1.59,TECH-002,Overloading,Operator retraining,sensor_package,electrical,electrical,proximity_sensor,111.09,3,0.57
F01488,AS-B3,2024-06-05,Pneumatic leak,1.91,1.23,TECH-001,Calibration drift,Vendor notified,pneumatic_system,hydraulic,hydraulic,pneumatic_fitting,40.04,2,0.12
F01489,AS-B3,2024-06-06,Sensor fault,1.57,1.17,TECH-003,Design limitation,Operator retraining,sensor_package,electrical,electrical,proximity_sensor,94.98,4,0.43
F01490,AS-B3,2024-06-08,Pneumatic leak,1.82,1.45,TECH-004,Design limitation,Design modification,pneumatic_system,hydraulic,hydraulic,pneumatic_fitting,24.94,2,0.19
F01491,AS-B3,2024-06-09,Sensor fault,1.75,1.5,TECH-001,Lack of preventive maintenance,PM schedule updated,sensor_package,electrical,electrical,proximity_sensor,108.35,5,0.37
F01492,AS-B3,2024-06-10,Electrical short,2.37,1.14,TECH-003,Operator error,Vendor notified,electrical_panel,electrical,electrical,circuit_breaker,72.0,3,0.4
F01493,AS-B3,2024-06-11,Electrical short,2.1,1.49,TECH-002,Design limitation,Recalibration,electrical_panel,electrical,electrical,circuit_breaker,86.05,1,0.47
F01494,AS-B3,2024-06-12,Torque tool calibration,2.11,1.41,TECH-007,Overloading,Part replacement,torque_system,software,automation,torque_transducer,312.68,7,0.47
F01495,AS-B3,2024-06-25,Fixture misalignment,2.33,1.31,TECH-007,Contamination,Design modification,fixture_system,mechanical,mechanical,fixture_pin_set,142.82,2,0.34
F01496,AS-B3,2024-06-26,Torque tool calibration,1.84,1.27,TECH-004,Design limitation,PM schedule updated,torque_system,software,automation,torque_transducer,367.93,4,0.49
F01497,AS-B3,2024-06-27,Electrical short,1.22,1.33,TECH-003,Overloading,Operator retraining,electrical_panel,electrical,electrical,circuit_breaker,41.09,2,0.49
F01498,AS-B3,2024-06-28,Electrical short,1.12,1.42,TECH-006,Calibration drift,PM schedule updated,electrical_panel,electrical,electrical,circuit_breaker,59.67,1,0.31
F01499,AS-B3,2024-07-01,Pneumatic leak,1.39,1.65,TECH-001,Overloading,Part replacement,pneumatic_system,hydraulic,hydraulic,pneumatic_fitting,33.51,1,0.23
F01500,AS-B3,2024-07-09,Fixture misalignment,1.51,1.33,TECH-006,Component wear,Design modification,fixture_system,mechanical,mechanical,fixture_pin_set,84.93,2,0.24
F01501,AS-B3,2024-07-13,Torque tool calibration,1.46,1.4,TECH-003,Overloading,Vendor notified,torque_system,software,automation,torque_transducer,186.64,6,0.55
F01502,AS-B3,2024-07-14,Torque tool calibration,2.12,0.93,TECH-001,Operator error,Part replacement,torque_system,software,automation,torque_transducer,356.58,5,0.37
F01503,AS-B3,2024-07-15,Electrical short,2.01,1.49,TECH-002,Design limitation,Design modification,electrical_panel,electrical,electrical,circuit_breaker,49.32,2,0.38
F01504,AS-B3,2024-07-18,Electrical short,1.72,1.59,TECH-001,Material defect,Design modification,electrical_panel,electrical,electrical,circuit_breaker,85.53,1,0.37
F01505,AS-B3,2024-07-19,Fixture misalignment,1.77,1.15,TECH-003,Design limitation,Vendor notified,fixture_system,mechanical,mechanical,fixture_pin_set,143.97,3,0.19
F01506,AS-B3,2024-07-21,Torque tool calibration,1.85,1.5,TECH-004,Operator error,Part replacement,torque_system,software,automation,torque_transducer,228.42,4,0.47
F01507,AS-B3,2024-07-22,Pneumatic leak,1.62,1.41,TECH-004,Material defect,Part replacement,pneumatic_system,hydraulic,hydraulic,pneumatic_fitting,35.7,2,0.12
F01508,AS-B3,2024-07-25,Pneumatic leak,2.04,1.22,TECH-002,Design limitation,Operator retraining,pneumatic_system,hydraulic,hydraulic,pneumatic_fitting,31.86,2,0.14
F01509,AS-B3,2024-07-28,Electrical short,1.93,1.7,TECH-005,Calibration drift,Vendor notified,electrical_panel,electrical,electrical,circuit_breaker,86.27,2,0.57
F01510,AS-B3,2024-08-02,Fixture misalignment,1.22,1.68,TECH-003,Material defect,Recalibration,fixture_system,mechanical,mechanical,fixture_pin_set,129.15,4,0.45
F01511,AS-B3,2024-08-06,Torque tool calibration,1.71,1.31,TECH-005,Design limitation,Vendor notified,torque_system,software,automation,torque_transducer,290.28,5,0.41
F01512,AS-B3,2024-08-07,Sensor fault,1.43,1.35,TECH-007,Overloading,Vendor notified,sensor_package,electrical,electrical,proximity_sensor,104.92,4,0.53
F01513,AS-B3,2024-08-16,Fixture misalignment,1.0,1.62,TECH-001,Design limitation,Operator retraining,fixture_system,mechanical,mechanical,fixture_pin_set,65.39,3,0.47
F01514,AS-B3,2024-08-17,Pneumatic leak,1.34,1.75,TECH-008,Lack of preventive maintenance,PM schedule updated,pneumatic_system,hydraulic,hydraulic,pneumatic_fitting,18.79,2,0.18
F01515,AS-B3,2024-09-05,Sensor fault,1.09,1.6,TECH-001,Component wear,PM schedule updated,sensor_package,electrical,electrical,proximity_sensor,119.01,2,0.36
F01516,AS-B3,2024-09-09,Electrical short,2.0,1.34,TECH-007,Operator error,Recalibration,electrical_panel,electrical,electrical,circuit_breaker,49.64,3,0.46
F01517,AS-B3,2024-09-15,Sensor fault,1.37,1.88,TECH-008,Component wear,PM schedule updated,sensor_package,electrical,electrical,proximity_sensor,60.39,4,0.38
F01518,AS-B3,2024-09-24,Pneumatic leak,1.24,0.93,TECH-008,Overloading,Operator retraining,pneumatic_system,hydraulic,hydraulic,pneumatic_fitting,16.61,1,0.1
F01519,AS-B3,2024-09-29,Electrical short,2.1,1.93,TECH-005,Component wear,Vendor notified,electrical_panel,electrical,electrical,circuit_breaker,68.49,2,0.69
F01520,AS-B3,2024-10-01,Electrical short,2.2,1.42,TECH-007,Operator error,Part replacement,electrical_panel,electrical,electrical,circuit_breaker,53.75,2,0.36
F01521,AS-B3,2024-10-02,Pneumatic leak,1.76,1.28,TECH-008,Calibration drift,PM schedule updated,pneumatic_system,hydraulic,hydraulic,pneumatic_fitting,12.47,1,0.1
F01522,AS-B3,2024-10-10,Fixture misalignment,2.61,1.44,TECH-002,Component wear,Vendor notified,fixture_system,mechanical,mechanical,fixture_pin_set,73.5,2,0.22
F01523,AS-B3,2024-10-23,Pneumatic leak,1.82,1.19,TECH-001,Design limitation,Part replacement,pneumatic_system,hydraulic,hydraulic,pneumatic_fitting,16.72,1,0.13
F01524,AS-B3,2024-10-24,Sensor fault,1.8,1.18,TECH-001,Component wear,PM schedule updated,sensor_package,electrical,electrical,proximity_sensor,119.66,4,0.42
F01525,AS-B3,2024-10-25,Electrical short,1.57,1.55,TECH-004,Material defect,PM schedule updated,electrical_panel,electrical,electrical,circuit_breaker,63.2,3,0.48
F01526,AS-B3,2024-10-29,Fixture misalignment,1.66,1.31,TECH-007,Material defect,Part replacement,fixture_system,mechanical,mechanical,fixture_pin_set,63.36,2,0.28
F01527,AS-B3,2024-11-03,Fixture misalignment,1.34,1.18,TECH-001,Component wear,Part replacement,fixture_system,mechanical,mechanical,fixture_pin_set,91.95,4,0.23
F01528,AS-B3,2024-11-05,Pneumatic leak,1.33,1.71,TECH-006,Component wear,Vendor notified,pneumatic_system,hydraulic,hydraulic,pneumatic_fitting,32.57,1,0.23
F01529,AS-B3,2024-11-12,Torque tool calibration,2.35,1.27,TECH-004,Material defect,Design modification,torque_system,software,automation,torque_transducer,360.97,5,0.52
F01530,AS-B3,2024-11-22,Electrical short,1.38,1.5,TECH-003,Operator error,Operator retraining,electrical_panel,electrical,electrical,circuit_breaker,29.93,2,0.52
F01531,AS-B3,2024-11-25,Pneumatic leak,1.68,1.58,TECH-003,Design limitation,Part replacement,pneumatic_system,hydraulic,hydraulic,pneumatic_fitting,28.35,1,0.13
F01532,AS-B3,2024-11-26,Sensor fault,1.87,1.9,TECH-001,Material defect,PM schedule updated,sensor_package,electrical,electrical,proximity_sensor,119.66,3,0.62
F01533,AS-B3,2024-12-11,Pneumatic leak,1.79,1.97,TECH-003,Design limitation,Part replacement,pneumatic_system,hydraulic,hydraulic,pneumatic_fitting,26.28,1,0.18
F01534,AS-B3,2024-12-15,Electrical short,1.83,1.86,TECH-005,Overloading,Design modification,electrical_panel,electrical,electrical,circuit_breaker,57.15,2,0.48
F01535,AS-B3,2024-12-16,Torque tool calibration,1.73,1.36,TECH-005,Lack of preventive maintenance,Part replacement,torque_system,software,automation,torque_transducer,277.16,6,0.42
F01536,AS-B3,2024-12-18,Pneumatic leak,1.77,1.77,TECH-003,Material defect,Design modification,pneumatic_system,hydraulic,hydraulic,pneumatic_fitting,35.85,2,0.14
F01537,AS-B3,2024-12-28,Pneumatic leak,1.44,1.94,TECH-004,Calibration drift,Part replacement,pneumatic_system,hydraulic,hydraulic,pneumatic_fitting,32.48,2,0.22
F01538,AS-B3,2025-01-06,Pneumatic leak,1.23,1.34,TECH-006,Operator error,Operator retraining,pneumatic_system,hydraulic,hydraulic,pneumatic_fitting,30.24,2,0.2
F01539,AS-B3,2025-01-11,Electrical short,1.66,1.42,TECH-008,Component wear,PM schedule updated,electrical_panel,electrical,electrical,circuit_breaker,59.52,2,0.48
F01540,AS-B3,2025-01-18,Fixture misalignment,2.22,1.71,TECH-006,Overloading,Operator retraining,fixture_system,mechanical,mechanical,fixture_pin_set,78.56,4,0.33
F01541,AS-B3,2025-01-20,Pneumatic leak,2.5,0.85,TECH-001,Lack of preventive maintenance,Recalibration,pneumatic_system,hydraulic,hydraulic,pneumatic_fitting,24.72,2,0.07
F01542,AS-B3,2025-01-24,Pneumatic leak,2.24,1.15,TECH-008,Lack of preventive maintenance,Operator retraining,pneumatic_system,hydraulic,hydraulic,pneumatic_fitting,23.73,1,0.13
F01543,AS-B3,2025-02-01,Torque tool calibration,1.64,1.2,TECH-003,Operator error,Operator retraining,torque_system,software,automation,torque_transducer,221.07,4,0.47
F01544,AS-B3,2025-02-02,Sensor fault,1.07,1.07,TECH-004,Contamination,Operator retraining,sensor_package,electrical,electrical,proximity_sensor,100.62,5,0.23
F01545,AS-B3,2025-02-17,Pneumatic leak,1.81,1.63,TECH-004,Overloading,Vendor notified,pneumatic_system,hydraulic,hydraulic,pneumatic_fitting,26.1,2,0.19
F01546,AS-B3,2025-02-25,Pneumatic leak,2.0,1.15,TECH-001,Material defect,Part replacement,pneumatic_system,hydraulic,hydraulic,pneumatic_fitting,22.31,1,0.17
F01547,AS-B3,2025-02-26,Pneumatic leak,2.0,1.64,TECH-006,Contamination,Design modification,pneumatic_system,hydraulic,hydraulic,pneumatic_fitting,21.72,1,0.12
F01548,AS-B3,2025-03-04,Electrical short,1.81,1.75,TECH-007,Calibration drift,Vendor notified,electrical_panel,electrical,electrical,circuit_breaker,66.45,2,0.51
F01549,AS-B3,2025-03-05,Electrical short,2.1,1.61,TECH-004,Calibration drift,Vendor notified,electrical_panel,electrical,electrical,circuit_breaker,50.98,3,0.36
F01550,AS-B3,2025-03-13,Fixture misalignment,1.18,2.02,TECH-008,Design limitation,PM schedule updated,fixture_system,mechanical,mechanical,fixture_pin_set,68.43,2,0.61
F01551,AS-B3,2025-03-22,Electrical short,1.63,1.92,TECH-005,Contamination,Vendor notified,electrical_panel,electrical,electrical,circuit_breaker,53.56,1,0.75
F01552,AS-B3,2025-03-26,Torque tool calibration,2.13,1.67,TECH-008,Design limitation,Part replacement,torque_system,software,automation,torque_transducer,170.09,3,0.64
F01553,AS-B3,2025-03-27,Fixture misalignment,2.6,2.12,TECH-005,Material defect,Part replacement,fixture_system,mechanical,mechanical,fixture_pin_set,120.42,3,0.54
F01554,AS-B3,2025-03-29,Fixture misalignment,1.9,1.35,TECH-008,Calibration drift,Part replacement,fixture_system,mechanical,mechanical,fixture_pin_set,98.34,4,0.4
F01555,AS-B3,2025-03-30,Electrical short,1.98,1.3,TECH-007,Design limitation,Part replacement,electrical_panel,electrical,electrical,circuit_breaker,30.44,2,0.48
F01556,AS-B3,2025-03-31,Pneumatic leak,2.07,1.27,TECH-007,Overloading,Operator retraining,pneumatic_system,hydraulic,hydraulic,pneumatic_fitting,39.87,2,0.1
F01557,AS-B3,2025-04-01,Torque tool calibration,1.88,1.68,TECH-001,Design limitation,Part replacement,torque_system,software,automation,torque_transducer,201.33,7,0.68
F01558,AS-B3,2025-04-05,Electrical short,1.74,1.56,TECH-006,Design limitation,Design modification,electrical_panel,electrical,electrical,circuit_breaker,60.44,2,0.6
F01559,AS-B3,2025-04-06,Electrical short,2.51,1.58,TECH-007,Overloading,Vendor notified,electrical_panel,electrical,electrical,circuit_breaker,66.45,3,0.44
F01560,AS-B3,2025-04-21,Electrical short,1.81,0.96,TECH-007,Design limitation,Design modification,electrical_panel,electrical,electrical,circuit_breaker,36.28,1,0.23
F01561,AS-B3,2025-04-24,Electrical short,1.28,1.33,TECH-005,Component wear,Operator retraining,electrical_panel,electrical,electrical,circuit_breaker,36.89,3,0.45
F01562,AS-B3,2025-04-27,Pneumatic leak,2.13,1.49,TECH-005,Design limitation,Part replacement,pneumatic_system,hydraulic,hydraulic,pneumatic_fitting,27.91,2,0.13
F01563,AS-B4,2024-01-10,Pneumatic leak,1.52,1.75,TECH-005,Contamination,PM schedule updated,pneumatic_system,hydraulic,hydraulic,pneumatic_fitting,32.05,1,0.24
F01564,AS-B4,2024-01-16,Electrical short,1.83,0.9,TECH-001,Operator error,PM schedule updated,electrical_panel,electrical,electrical,circuit_breaker,61.92,3,0.33
F01565,AS-B4,2024-01-21,Fixture misalignment,1.54,1.6,TECH-008,Calibration drift,Part replacement,fixture_system,mechanical,mechanical,fixture_pin_set,102.48,2,0.45
F01566,AS-B4,2024-01-24,Torque tool calibration,0.61,1.55,TECH-004,Overloading,Part replacement,torque_system,software,automation,torque_transducer,263.53,5,0.59
F01567,AS-B4,2024-01-29,Electrical short,2.47,1.69,TECH-006,Operator error,Operator retraining,electrical_panel,electrical,electrical,circuit_breaker,46.9,2,0.52
F01568,AS-B4,2024-01-30,Torque tool calibration,1.71,1.18,TECH-003,Material defect,Vendor notified,torque_system,software,automation,torque_transducer,333.42,5,0.46
F01569,AS-B4,2024-01-31,Fixture misalignment,2.1,1.1,TECH-002,Lack of preventive maintenance,Recalibration,fixture_system,mechanical,mechanical,fixture_pin_set,76.95,4,0.22
F01570,AS-B4,2024-02-07,Pneumatic leak,2.03,1.12,TECH-004,Lack of preventive maintenance,Vendor notified,pneumatic_system,hydraulic,hydraulic,pneumatic_fitting,39.69,2,0.08
F01571,AS-B4,2024-03-09,Sensor fault,1.75,1.39,TECH-001,Material defect,PM schedule updated,sensor_package,electrical,electrical,proximity_sensor,88.48,2,0.51
F01572,AS-B4,2024-03-10,Pneumatic leak,1.47,1.39,TECH-004,Material defect,PM schedule updated,pneumatic_system,hydraulic,hydraulic,pneumatic_fitting,16.17,2,0.2
F01573,AS-B4,2024-03-15,Pneumatic leak,1.98,1.03,TECH-007,Design limitation,Recalibration,pneumatic_system,hydraulic,hydraulic,pneumatic_fitting,27.94,2,0.1
F01574,AS-B4,2024-03-16,Torque tool calibration,1.37,1.24,TECH-006,Calibration drift,PM schedule updated,torque_system,software,automation,torque_transducer,174.19,5,0.5
F01575,AS-B4,2024-03-22,Fixture misalignment,1.75,1.47,TECH-001,Operator error,Design modification,fixture_system,mechanical,mechanical,fixture_pin_set,80.93,3,0.36
F01576,AS-B4,2024-03-23,Electrical short,1.42,1.81,TECH-006,Material defect,Operator retraining,electrical_panel,electrical,electrical,circuit_breaker,58.86,2,0.4
F01577,AS-B4,2024-04-03,Torque tool calibration,2.34,1.49,TECH-002,Operator error,Recalibration,torque_system,software,automation,torque_transducer,183.63,7,0.5
F01578,AS-B4,2024-04-08,Torque tool calibration,2.27,1.39,TECH-002,Lack of preventive maintenance,Design modification,torque_system,software,automation,torque_transducer,320.12,3,0.47
F01579,AS-B4,2024-04-12,Sensor fault,1.23,1.35,TECH-004,Design limitation,Recalibration,sensor_package,electrical,electrical,proximity_sensor,115.18,3,0.29
F01580,AS-B4,2024-04-14,Fixture misalignment,2.03,0.67,TECH-008,Contamination,Vendor notified,fixture_system,mechanical,mechanical,fixture_pin_set,134.19,2,0.13
F01581,AS-B4,2024-05-07,Torque tool calibration,1.52,1.12,TECH-006,Operator error,PM schedule updated,torque_system,software,automation,torque_transducer,273.48,4,0.55
F01582,AS-B4,2024-05-12,Torque tool calibration,2.03,1.52,TECH-004,Calibration drift,Operator retraining,torque_system,software,automation,torque_transducer,347.3,7,0.48
F01583,AS-B4,2024-05-13,Electrical short,2.26,0.67,TECH-004,Overloading,Vendor notified,electrical_panel,electrical,electrical,circuit_breaker,64.79,1,0.26
F01584,AS-B4,2024-05-18,Sensor fault,1.89,1.57,TECH-006,Contamination,Part replacement,sensor_package,electrical,electrical,proximity_sensor,50.8,5,0.44
F01585,AS-B4,2024-05-19,Electrical short,0.62,1.78,TECH-008,Material defect,Recalibration,electrical_panel,electrical,electrical,circuit_breaker,47.56,2,0.6
F01586,AS-B4,2024-06-01,Sensor fault,1.89,1.41,TECH-008,Operator error,Recalibration,sensor_package,electrical,electrical,proximity_sensor,64.73,2,0.38
F01587,AS-B4,2024-06-14,Fixture misalignment,1.73,1.35,TECH-002,Component wear,Design modification,fixture_system,mechanical,mechanical,fixture_pin_set,65.86,3,0.23
F01588,AS-B4,2024-06-27,Sensor fault,2.47,1.1,TECH-003,Overloading,Vendor notified,sensor_package,electrical,electrical,proximity_sensor,77.86,3,0.25
F01589,AS-B4,2024-07-02,Sensor fault,1.63,1.26,TECH-002,Lack of preventive maintenance,Part replacement,sensor_package,electrical,electrical,proximity_sensor,121.17,4,0.38
F01590,AS-B4,2024-07-10,Torque tool calibration,1.4,1.64,TECH-008,Overloading,PM schedule updated,torque_system,software,automation,torque_transducer,215.23,3,0.52
F01591,AS-B4,2024-07-19,Electrical short,1.47,0.97,TECH-002,Component wear,Part replacement,electrical_panel,electrical,electrical,circuit_breaker,40.54,3,0.22
F01592,AS-B4,2024-07-24,Torque tool calibration,1.26,1.7,TECH-006,Calibration drift,Recalibration,torque_system,software,automation,torque_transducer,290.84,3,0.73
F01593,AS-B4,2024-07-28,Pneumatic leak,0.82,1.05,TECH-004,Design limitation,Operator retraining,pneumatic_system,hydraulic,hydraulic,pneumatic_fitting,14.62,2,0.11
F01594,AS-B4,2024-07-30,Electrical short,0.86,1.17,TECH-007,Design limitation,PM schedule updated,electrical_panel,electrical,electrical,circuit_breaker,42.52,2,0.32
F01595,AS-B4,2024-08-02,Pneumatic leak,1.73,0.71,TECH-004,Overloading,Design modification,pneumatic_system,hydraulic,hydraulic,pneumatic_fitting,14.16,1,0.07
F01596,AS-B4,2024-08-04,Sensor fault,1.95,1.23,TECH-005,Component wear,Part replacement,sensor_package,electrical,electrical,proximity_sensor,124.21,2,0.49
F01597,AS-B4,2024-08-06,Fixture misalignment,1.38,1.42,TECH-005,Design limitation,Design modification,fixture_system,mechanical,mechanical,fixture_pin_set,143.23,3,0.23
F01598,AS-B4,2024-08-15,Fixture misalignment,2.23,1.21,TECH-002,Material defect,Design modification,fixture_system,mechanical,mechanical,fixture_pin_set,86.15,3,0.22
F01599,AS-B4,2024-08-26,Pneumatic leak,1.68,1.33,TECH-004,Lack of preventive maintenance,Operator retraining,pneumatic_system,hydraulic,hydraulic,pneumatic_fitting,12.42,2,0.13
F01600,AS-B4,2024-09-06,Electrical short,1.96,1.43,TECH-007,Calibration drift,Design modification,electrical_panel,electrical,electrical,circuit_breaker,49.06,1,0.34
F01601,AS-B4,2024-09-07,Pneumatic leak,0.78,1.58,TECH-008,Overloading,Operator retraining,pneumatic_system,hydraulic,hydraulic,pneumatic_fitting,33.48,1,0.21
F01602,AS-B4,2024-09-08,Pneumatic leak,2.55,0.74,TECH-006,Operator error,Vendor notified,pneumatic_system,hydraulic,hydraulic,pneumatic_fitting,19.23,1,0.08
F01603,AS-B4,2024-09-18,Electrical short,1.63,1.15,TECH-006,Design limitation,Operator retraining,electrical_panel,electrical,electrical,circuit_breaker,39.42,1,0.27
F01604,AS-B4,2024-09-24,Sensor fault,0.95,1.36,TECH-001,Overloading,Part replacement,sensor_package,electrical,electrical,proximity_sensor,55.41,3,0.44
F01605,AS-B4,2024-10-11,Electrical short,1.78,1.16,TECH-001,Lack of preventive maintenance,Recalibration,electrical_panel,electrical,electrical,circuit_breaker,44.35,3,0.45
F01606,AS-B4,2024-10-12,Fixture misalignment,0.96,1.87,TECH-005,Calibration drift,Recalibration,fixture_system,mechanical,mechanical,fixture_pin_set,61.74,2,0.44
F01607,AS-B4,2024-10-16,Fixture misalignment,1.87,1.7,TECH-004,Operator error,Design modification,fixture_system,mechanical,mechanical,fixture_pin_set,105.7,3,0.37
F01608,AS-B4,2024-10-28,Pneumatic leak,1.68,1.38,TECH-008,Material defect,Vendor notified,pneumatic_system,hydraulic,hydraulic,pneumatic_fitting,14.63,1,0.17
F01609,AS-B4,2024-10-29,Torque tool calibration,1.39,1.51,TECH-004,Contamination,Operator retraining,torque_system,software,automation,torque_transducer,221.53,7,0.55
F01610,AS-B4,2024-11-02,Fixture misalignment,2.51,1.24,TECH-005,Calibration drift,Operator retraining,fixture_system,mechanical,mechanical,fixture_pin_set,136.51,2,0.33
F01611,AS-B4,2024-11-12,Torque tool calibration,1.37,1.56,TECH-005,Operator error,Recalibration,torque_system,software,automation,torque_transducer,406.46,5,0.67
F01612,AS-B4,2024-11-13,Sensor fault,2.2,1.08,TECH-007,Calibration drift,PM schedule updated,sensor_package,electrical,electrical,proximity_sensor,81.84,4,0.41
F01613,AS-B4,2024-11-14,Sensor fault,1.45,1.48,TECH-002,Contamination,Vendor notified,sensor_package,electrical,electrical,proximity_sensor,84.4,2,0.49
F01614,AS-B4,2024-11-17,Torque tool calibration,2.28,1.82,TECH-007,Material defect,Part replacement,torque_system,software,automation,torque_transducer,304.27,4,0.59
F01615,AS-B4,2024-11-19,Torque tool calibration,0.8,1.37,TECH-001,Contamination,PM schedule updated,torque_system,software,automation,torque_transducer,265.14,6,0.64
F01616,AS-B4,2024-11-26,Torque tool calibration,1.03,1.67,TECH-007,Design limitation,Part replacement,torque_system,software,automation,torque_transducer,261.6,4,0.78
F01617,AS-B4,2024-11-28,Pneumatic leak,1.63,1.15,TECH-005,Calibration drift,Operator retraining,pneumatic_system,hydraulic,hydraulic,pneumatic_fitting,25.27,2,0.07
F01618,AS-B4,2024-11-29,Pneumatic leak,2.05,1.16,TECH-006,Component wear,Design modification,pneumatic_system,hydraulic,hydraulic,pneumatic_fitting,39.74,2,0.11
F01619,AS-B4,2024-12-04,Torque tool calibration,1.76,1.38,TECH-002,Contamination,PM schedule updated,torque_system,software,automation,torque_transducer,231.25,6,0.49
F01620,AS-B4,2024-12-13,Electrical short,1.1,1.27,TECH-004,Contamination,Design modification,electrical_panel,electrical,electrical,circuit_breaker,50.74,1,0.44
F01621,AS-B4,2024-12-14,Fixture misalignment,1.97,1.69,TECH-005,Component wear,PM schedule updated,fixture_system,mechanical,mechanical,fixture_pin_set,140.62,2,0.39
F01622,AS-B4,2024-12-16,Pneumatic leak,1.83,1.84,TECH-001,Lack of preventive maintenance,Design modification,pneumatic_system,hydraulic,hydraulic,pneumatic_fitting,25.46,2,0.24
F01623,AS-B4,2024-12-17,Fixture misalignment,1.29,1.59,TECH-005,Design limitation,Part replacement,fixture_system,mechanical,mechanical,fixture_pin_set,131.92,2,0.47
F01624,AS-B4,2024-12-18,Sensor fault,1.72,1.19,TECH-002,Overloading,Vendor notified,sensor_package,electrical,electrical,proximity_sensor,74.79,3,0.43
F01625,AS-B4,2024-12-21,Pneumatic leak,2.04,0.88,TECH-002,Operator error,Design modification,pneumatic_system,hydraulic,hydraulic,pneumatic_fitting,41.0,2,0.06
F01626,AS-B4,2024-12-29,Pneumatic leak,1.71,1.11,TECH-003,Operator error,Vendor notified,pneumatic_system,hydraulic,hydraulic,pneumatic_fitting,29.58,2,0.07
F01627,AS-B4,2025-01-03,Sensor fault,1.07,1.73,TECH-006,Overloading,Design modification,sensor_package,electrical,electrical,proximity_sensor,107.5,4,0.59
F01628,AS-B4,2025-01-11,Pneumatic leak,1.53,1.69,TECH-005,Calibration drift,Operator retraining,pneumatic_system,hydraulic,hydraulic,pneumatic_fitting,39.3,1,0.12
F01629,AS-B4,2025-01-13,Electrical short,2.59,1.8,TECH-005,Calibration drift,PM schedule updated,electrical_panel,electrical,electrical,circuit_breaker,52.36,2,0.51
F01630,AS-B4,2025-01-28,Pneumatic leak,1.37,1.36,TECH-008,Overloading,PM schedule updated,pneumatic_system,hydraulic,hydraulic,pneumatic_fitting,17.24,2,0.07
F01631,AS-B4,2025-02-06,Electrical short,1.58,1.1,TECH-001,Overloading,Recalibration,electrical_panel,electrical,electrical,circuit_breaker,53.21,2,0.35
F01632,AS-B4,2025-02-09,Sensor fault,1.48,1.42,TECH-006,Component wear,Vendor notified,sensor_package,electrical,electrical,proximity_sensor,54.97,4,0.41
F01633,AS-B4,2025-03-05,Torque tool calibration,1.89,1.5,TECH-004,Operator error,Recalibration,torque_system,software,automation,torque_transducer,259.22,4,0.67
F01634,AS-B4,2025-03-08,Electrical short,1.95,1.11,TECH-004,Lack of preventive maintenance,Operator retraining,electrical_panel,electrical,electrical,circuit_breaker,47.2,1,0.34
F01635,AS-B4,2025-03-09,Fixture misalignment,1.54,1.64,TECH-001,Contamination,Vendor notified,fixture_system,mechanical,mechanical,fixture_pin_set,138.32,2,0.4
F01636,AS-B4,2025-03-14,Fixture misalignment,1.64,1.42,TECH-008,Calibration drift,PM schedule updated,fixture_system,mechanical,mechanical,fixture_pin_set,64.37,3,0.25
F01637,AS-B4,2025-04-03,Torque tool calibration,1.72,1.71,TECH-002,Operator error,Operator retraining,torque_system,software,automation,torque_transducer,190.74,6,0.8
F01638,AS-B4,2025-04-10,Fixture misalignment,1.18,1.73,TECH-002,Component wear,Recalibration,fixture_system,mechanical,mechanical,fixture_pin_set,74.22,4,0.32
F01639,AS-B4,2025-04-13,Torque tool calibration,1.8,1.39,TECH-008,Component wear,Vendor notified,torque_system,software,automation,torque_transducer,247.42,4,0.59
F01640,AS-B4,2025-04-23,Electrical short,0.98,1.44,TECH-007,Overloading,Part replacement,electrical_panel,electrical,electrical,circuit_breaker,70.58,2,0.55
F01641,AS-B4,2025-04-25,Sensor fault,1.36,1.49,TECH-006,Contamination,Design modification,sensor_package,electrical,electrical,proximity_sensor,66.49,4,0.46
F01642,AS-B5,2024-01-02,Electrical short,1.1,1.08,TECH-006,Design limitation,Operator retraining,electrical_panel,electrical,electrical,circuit_breaker,46.96,2,0.41
F01643,AS-B5,2024-01-06,Fixture misalignment,2.02,0.9,TECH-003,Calibration drift,Part replacement,fixture_system,mechanical,mechanical,fixture_pin_set,66.31,4,0.23
F01644,AS-B5,2024-01-08,Pneumatic leak,1.48,1.32,TECH-005,Material defect,Recalibration,pneumatic_system,hydraulic,hydraulic,pneumatic_fitting,39.46,2,0.13
F01645,AS-B5,2024-01-16,Pneumatic leak,1.03,1.05,TECH-008,Component wear,Part replacement,pneumatic_system,hydraulic,hydraulic,pneumatic_fitting,21.65,2,0.13
F01646,AS-B5,2024-01-18,Pneumatic leak,1.1,1.04,TECH-004,Design limitation,PM schedule updated,pneumatic_system,hydraulic,hydraulic,pneumatic_fitting,27.01,2,0.13
F01647,AS-B5,2024-01-29,Sensor fault,1.62,0.89,TECH-006,Overloading,PM schedule updated,sensor_package,electrical,electrical,proximity_sensor,64.23,5,0.33
F01648,AS-B5,2024-02-03,Electrical short,1.18,0.98,TECH-003,Operator error,Vendor notified,electrical_panel,electrical,electrical,circuit_breaker,47.72,2,0.29
F01649,AS-B5,2024-02-04,Fixture misalignment,1.5,1.36,TECH-007,Contamination,Design modification,fixture_system,mechanical,mechanical,fixture_pin_set,140.74,3,0.38
F01650,AS-B5,2024-02-14,Electrical short,1.1,1.0,TECH-008,Material defect,Recalibration,electrical_panel,electrical,electrical,circuit_breaker,51.89,3,0.4
F01651,AS-B5,2024-02-15,Electrical short,1.35,1.25,TECH-003,Component wear,Recalibration,electrical_panel,electrical,electrical,circuit_breaker,37.46,1,0.37
F01652,AS-B5,2024-02-19,Pneumatic leak,1.45,1.1,TECH-003,Calibration drift,Operator retraining,pneumatic_system,hydraulic,hydraulic,pneumatic_fitting,35.95,2,0.15
F01653,AS-B5,2024-02-26,Pneumatic leak,1.14,1.33,TECH-004,Overloading,Operator retraining,pneumatic_system,hydraulic,hydraulic,pneumatic_fitting,33.93,2,0.12
F01654,AS-B5,2024-03-07,Electrical short,1.24,0.9,TECH-006,Operator error,Design modification,electrical_panel,electrical,electrical,circuit_breaker,59.64,2,0.27
F01655,AS-B5,2024-03-19,Sensor fault,2.08,0.95,TECH-003,Overloading,Design modification,sensor_package,electrical,electrical,proximity_sensor,43.69,2,0.35
F01656,AS-B5,2024-03-23,Pneumatic leak,1.24,0.94,TECH-007,Contamination,Recalibration,pneumatic_system,hydraulic,hydraulic,pneumatic_fitting,33.28,2,0.12
F01657,AS-B5,2024-03-24,Sensor fault,1.07,1.28,TECH-007,Material defect,Design modification,sensor_package,electrical,electrical,proximity_sensor,74.41,2,0.26
F01658,AS-B5,2024-03-29,Torque tool calibration,2.1,1.09,TECH-006,Component wear,Vendor notified,torque_system,software,automation,torque_transducer,262.66,5,0.43
F01659,AS-B5,2024-05-05,Fixture misalignment,1.42,1.3,TECH-001,Design limitation,PM schedule updated,fixture_system,mechanical,mechanical,fixture_pin_set,80.2,2,0.33
F01660,AS-B5,2024-05-06,Pneumatic leak,1.15,1.22,TECH-005,Lack of preventive maintenance,Vendor notified,pneumatic_system,hydraulic,hydraulic,pneumatic_fitting,25.05,1,0.11
F01661,AS-B5,2024-05-08,Sensor fault,1.22,1.11,TECH-005,Lack of preventive maintenance,Design modification,sensor_package,electrical,electrical,proximity_sensor,62.75,3,0.32
F01662,AS-B5,2024-05-19,Electrical short,1.81,0.72,TECH-008,Calibration drift,Recalibration,electrical_panel,electrical,electrical,circuit_breaker,57.39,2,0.23
F01663,AS-B5,2024-05-23,Pneumatic leak,1.71,0.84,TECH-001,Contamination,Part replacement,pneumatic_system,hydraulic,hydraulic,pneumatic_fitting,12.19,1,0.05
F01664,AS-B5,2024-05-29,Fixture misalignment,1.2,0.77,TECH-003,Operator error,Operator retraining,fixture_system,mechanical,mechanical,fixture_pin_set,97.23,4,0.14
F01665,AS-B5,2024-06-10,Pneumatic leak,1.58,1.26,TECH-006,Operator error,Design modification,pneumatic_system,hydraulic,hydraulic,pneumatic_fitting,27.71,2,0.17
F01666,AS-B5,2024-06-12,Pneumatic leak,1.61,0.84,TECH-006,Contamination,Vendor notified,pneumatic_system,hydraulic,hydraulic,pneumatic_fitting,23.89,1,0.1
F01667,AS-B5,2024-06-13,Sensor fault,1.85,1.07,TECH-001,Overloading,Operator retraining,sensor_package,electrical,electrical,proximity_sensor,62.66,4,0.3
F01668,AS-B5,2024-06-25,Electrical short,1.26,1.03,TECH-003,Design limitation,Part replacement,electrical_panel,electrical,electrical,circuit_breaker,61.26,1,0.3
F01669,AS-B5,2024-06-26,Electrical short,1.75,1.18,TECH-007,Component wear,Vendor notified,electrical_panel,electrical,electrical,circuit_breaker,87.64,1,0.47
F01670,AS-B5,2024-07-05,Sensor fault,1.33,1.08,TECH-006,Operator error,PM schedule updated,sensor_package,electrical,electrical,proximity_sensor,66.49,4,0.39
F01671,AS-B5,2024-07-09,Torque tool calibration,1.39,1.02,TECH-002,Operator error,Part replacement,torque_system,software,automation,torque_transducer,306.67,4,0.51
F01672,AS-B5,2024-07-10,Pneumatic leak,1.57,1.2,TECH-003,Lack of preventive maintenance,Recalibration,pneumatic_system,hydraulic,hydraulic,pneumatic_fitting,31.62,2,0.17
F01673,AS-B5,2024-07-16,Fixture misalignment,0.67,1.21,TECH-005,Material defect,Vendor notified,fixture_system,mechanical,mechanical,fixture_pin_set,121.14,4,0.31
F01674,AS-B5,2024-07-25,Sensor fault,1.39,1.15,TECH-003,Design limitation,Recalibration,sensor_package,electrical,electrical,proximity_sensor,82.2,2,0.44
F01675,AS-B5,2024-07-30,Sensor fault,0.78,1.31,TECH-004,Component wear,PM schedule updated,sensor_package,electrical,electrical,proximity_sensor,108.97,4,0.3
F01676,AS-B5,2024-08-01,Sensor fault,1.19,1.14,TECH-006,Contamination,Vendor notified,sensor_package,electrical,electrical,proximity_sensor,47.78,2,0.34
F01677,AS-B5,2024-08-06,Fixture misalignment,1.56,0.81,TECH-001,Overloading,Recalibration,fixture_system,mechanical,mechanical,fixture_pin_set,65.03,3,0.19
F01678,AS-B5,2024-08-11,Sensor fault,1.45,1.43,TECH-005,Material defect,PM schedule updated,sensor_package,electrical,electrical,proximity_sensor,111.38,4,0.37
F01679,AS-B5,2024-08-19,Sensor fault,0.7,1.09,TECH-002,Material defect,PM schedule updated,sensor_package,electrical,electrical,proximity_sensor,85.09,5,0.41
F01680,AS-B5,2024-08-20,Electrical short,1.27,1.6,TECH-003,Calibration drift,Recalibration,electrical_panel,electrical,electrical,circuit_breaker,38.85,1,0.35
F01681,AS-B5,2024-08-24,Electrical short,1.13,1.35,TECH-001,Contamination,Vendor notified,electrical_panel,electrical,electrical,circuit_breaker,40.71,1,0.3
F01682,AS-B5,2024-08-25,Fixture misalignment,0.87,1.47,TECH-007,Calibration drift,PM schedule updated,fixture_system,mechanical,mechanical,fixture_pin_set,111.46,4,0.39
F01683,AS-B5,2024-08-27,Sensor fault,1.49,1.02,TECH-005,Component wear,Operator retraining,sensor_package,electrical,electrical,proximity_sensor,104.34,2,0.22
F01684,AS-B5,2024-09-01,Electrical short,1.32,0.86,TECH-008,Overloading,Vendor notified,electrical_panel,electrical,electrical,circuit_breaker,55.83,1,0.21
F01685,AS-B5,2024-09-04,Sensor fault,1.45,0.96,TECH-006,Calibration drift,Vendor notified,sensor_package,electrical,electrical,proximity_sensor,100.04,2,0.28
F01686,AS-B5,2024-09-07,Fixture misalignment,2.05,1.23,TECH-002,Overloading,Operator retraining,fixture_system,mechanical,mechanical,fixture_pin_set,67.87,3,0.29
F01687,AS-B5,2024-09-17,Pneumatic leak,1.64,1.04,TECH-003,Component wear,PM schedule updated,pneumatic_system,hydraulic,hydraulic,pneumatic_fitting,17.57,1,0.06
F01688,AS-B5,2024-10-01,Fixture misalignment,2.09,0.99,TECH-003,Component wear,Vendor notified,fixture_system,mechanical,mechanical,fixture_pin_set,142.9,4,0.25
F01689,AS-B5,2024-10-03,Sensor fault,2.17,0.95,TECH-003,Contamination,Operator retraining,sensor_package,electrical,electrical,proximity_sensor,57.08,3,0.25
F01690,AS-B5,2024-10-06,Fixture misalignment,0.85,1.18,TECH-003,Design limitation,PM schedule updated,fixture_system,mechanical,mechanical,fixture_pin_set,71.29,2,0.22
F01691,AS-B5,2024-10-07,Pneumatic leak,1.34,1.25,TECH-004,Component wear,Vendor notified,pneumatic_system,hydraulic,hydraulic,pneumatic_fitting,38.18,2,0.08
F01692,AS-B5,2024-10-12,Fixture misalignment,1.33,1.08,TECH-006,Operator error,Operator retraining,fixture_system,mechanical,mechanical,fixture_pin_set,106.43,3,0.2
F01693,AS-B5,2024-10-17,Torque tool calibration,1.14,1.19,TECH-007,Calibration drift,Vendor notified,torque_system,software,automation,torque_transducer,413.93,6,0.53
F01694,AS-B5,2024-10-18,Sensor fault,1.6,0.99,TECH-003,Overloading,PM schedule updated,sensor_package,electrical,electrical,proximity_sensor,106.16,2,0.21
F01695,AS-B5,2024-11-02,Torque tool calibration,1.55,0.78,TECH-007,Operator error,PM schedule updated,torque_system,software,automation,torque_transducer,208.83,5,0.37
F01696,AS-B5,2024-11-06,Fixture misalignment,1.29,0.81,TECH-003,Material defect,PM schedule updated,fixture_system,mechanical,mechanical,fixture_pin_set,104.72,3,0.2
F01697,AS-B5,2024-11-09,Electrical short,1.3,1.1,TECH-007,Operator error,Vendor notified,electrical_panel,electrical,electrical,circuit_breaker,76.55,3,0.32
F01698,AS-B5,2024-11-10,Sensor fault,1.22,1.1,TECH-007,Operator error,PM schedule updated,sensor_package,electrical,electrical,proximity_sensor,84.23,5,0.38
F01699,AS-B5,2024-11-13,Sensor fault,1.4,1.21,TECH-007,Calibration drift,Part replacement,sensor_package,electrical,electrical,proximity_sensor,63.86,3,0.25
F01700,AS-B5,2024-11-15,Torque tool calibration,1.52,1.06,TECH-002,Calibration drift,Part replacement,torque_system,software,automation,torque_transducer,214.92,7,0.49
F01701,AS-B5,2024-11-17,Torque tool calibration,1.27,0.78,TECH-001,Component wear,PM schedule updated,torque_system,software,automation,torque_transducer,251.77,4,0.26
F01702,AS-B5,2024-11-18,Pneumatic leak,0.82,1.09,TECH-008,Overloading,Operator retraining,pneumatic_system,hydraulic,hydraulic,pneumatic_fitting,27.92,1,0.15
F01703,AS-B5,2024-11-28,Pneumatic leak,1.24,1.26,TECH-008,Contamination,Operator retraining,pneumatic_system,hydraulic,hydraulic,pneumatic_fitting,14.12,2,0.12
F01704,AS-B5,2024-12-06,Pneumatic leak,1.81,0.61,TECH-003,Overloading,Design modification,pneumatic_system,hydraulic,hydraulic,pneumatic_fitting,40.69,1,0.05
F01705,AS-B5,2024-12-15,Pneumatic leak,1.41,1.03,TECH-006,Design limitation,Recalibration,pneumatic_system,hydraulic,hydraulic,pneumatic_fitting,40.78,2,0.08
F01706,AS-B5,2024-12-19,Torque tool calibration,0.82,0.81,TECH-001,Calibration drift,PM schedule updated,torque_system,software,automation,torque_transducer,373.32,7,0.35
F01707,AS-B5,2024-12-20,Pneumatic leak,1.57,0.92,TECH-006,Design limitation,Operator retraining,pneumatic_system,hydraulic,hydraulic,pneumatic_fitting,27.35,1,0.12
F01708,AS-B5,2024-12-22,Electrical short,1.15,1.49,TECH-005,Component wear,PM schedule updated,electrical_panel,electrical,electrical,circuit_breaker,77.17,2,0.52
F01709,AS-B5,2024-12-25,Pneumatic leak,1.61,1.12,TECH-002,Contamination,Vendor notified,pneumatic_system,hydraulic,hydraulic,pneumatic_fitting,41.95,1,0.15
F01710,AS-B5,2024-12-26,Pneumatic leak,1.3,0.93,TECH-002,Component wear,Vendor notified,pneumatic_system,hydraulic,hydraulic,pneumatic_fitting,37.87,1,0.07
F01711,AS-B5,2024-12-27,Sensor fault,0.62,1.12,TECH-008,Material defect,Vendor notified,sensor_package,electrical,electrical,proximity_sensor,45.49,4,0.42
F01712,AS-B5,2025-01-07,Sensor fault,1.23,1.07,TECH-006,Lack of preventive maintenance,Recalibration,sensor_package,electrical,electrical,proximity_sensor,66.0,3,0.36
F01713,AS-B5,2025-01-13,Pneumatic leak,1.22,0.7,TECH-007,Operator error,PM schedule updated,pneumatic_system,hydraulic,hydraulic,pneumatic_fitting,12.22,2,0.08
F01714,AS-B5,2025-01-31,Pneumatic leak,1.32,0.87,TECH-003,Design limitation,Vendor notified,pneumatic_system,hydraulic,hydraulic,pneumatic_fitting,15.89,1,0.12
F01715,AS-B5,2025-02-07,Torque tool calibration,1.79,0.82,TECH-002,Material defect,Design modification,torque_system,software,automation,torque_transducer,204.85,7,0.28
F01716,AS-B5,2025-02-09,Fixture misalignment,1.19,1.35,TECH-001,Contamination,Design modification,fixture_system,mechanical,mechanical,fixture_pin_set,144.5,4,0.32
F01717,AS-B5,2025-02-13,Fixture misalignment,1.34,0.86,TECH-005,Lack of preventive maintenance,Design modification,fixture_system,mechanical,mechanical,fixture_pin_set,65.34,2,0.14
F01718,AS-B5,2025-02-16,Pneumatic leak,1.43,1.26,TECH-007,Material defect,Part replacement,pneumatic_system,hydraulic,hydraulic,pneumatic_fitting,29.7,1,0.17
F01719,AS-B5,2025-02-26,Torque tool calibration,1.17,0.95,TECH-006,Operator error,Recalibration,torque_system,software,automation,torque_transducer,267.76,4,0.4
F01720,AS-B5,2025-02-27,Electrical short,1.26,0.95,TECH-005,Calibration drift,Design modification,electrical_panel,electrical,electrical,circuit_breaker,61.05,2,0.32
F01721,AS-B5,2025-03-02,Torque tool calibration,0.98,0.95,TECH-001,Contamination,PM schedule updated,torque_system,software,automation,torque_transducer,285.31,4,0.47
F01722,AS-B5,2025-03-04,Torque tool calibration,1.4,0.99,TECH-004,Component wear,Vendor notified,torque_system,software,automation,torque_transducer,254.33,6,0.3
F01723,AS-B5,2025-03-07,Electrical short,0.92,1.29,TECH-002,Calibration drift,Design modification,electrical_panel,electrical,electrical,circuit_breaker,35.79,2,0.35
F01724,AS-B5,2025-04-04,Electrical short,1.79,1.28,TECH-006,Design limitation,PM schedule updated,electrical_panel,electrical,electrical,circuit_breaker,86.28,2,0.42
F01725,AS-B5,2025-04-13,Fixture misalignment,0.97,1.17,TECH-003,Contamination,Design modification,fixture_system,mechanical,mechanical,fixture_pin_set,103.27,4,0.22
F01726,AS-B5,2025-04-16,Sensor fault,1.39,1.1,TECH-008,Material defect,Operator retraining,sensor_package,electrical,electrical,proximity_sensor,110.04,5,0.22
F01727,CNC-G1,2024-01-02,Tool breakage,1.19,1.21,TECH-007,Material defect,Recalibration,tool_changer,mechanical,mechanical,tool_insert_set,87.67,2,0.16
F01728,CNC-G1,2024-02-27,Spindle fault,1.65,1.51,TECH-007,Overloading,PM schedule updated,spindle,mechanical,mechanical,spindle_bearing,341.94,8,0.32
F01729,CNC-G1,2024-03-14,Coolant leak,1.35,1.81,TECH-006,Operator error,Vendor notified,coolant_system,hydraulic,hydraulic,coolant_pump_seal,79.1,3,0.29
F01730,CNC-G1,2024-04-08,Coolant leak,2.71,1.47,TECH-007,Material defect,Operator retraining,coolant_system,hydraulic,hydraulic,coolant_pump_seal,31.65,2,0.18
F01731,CNC-G1,2024-04-15,Axis calibration error,1.05,1.73,TECH-003,Component wear,Operator retraining,servo_drive,software,automation,encoder_sensor,159.38,4,0.78
F01732,CNC-G1,2024-04-18,Axis calibration error,1.5,1.54,TECH-003,Operator error,Operator retraining,servo_drive,software,automation,encoder_sensor,198.41,3,0.75
F01733,CNC-G1,2024-04-28,Spindle fault,1.49,1.76,TECH-001,Material defect,Recalibration,spindle,mechanical,mechanical,spindle_bearing,146.46,6,0.28
F01734,CNC-G1,2024-05-08,Drive fault,1.72,1.6,TECH-007,Lack of preventive maintenance,PM schedule updated,servo_drive,electrical,electrical,servo_driver_board,805.54,14,0.67
F01735,CNC-G1,2024-05-18,Tool breakage,2.26,1.99,TECH-006,Lack of preventive maintenance,Vendor notified,tool_changer,mechanical,mechanical,tool_insert_set,40.98,1,0.1
F01736,CNC-G1,2024-05-28,Drive fault,2.04,1.29,TECH-004,Component wear,Operator retraining,servo_drive,electrical,electrical,servo_driver_board,833.45,5,0.53
F01737,CNC-G1,2024-06-02,Spindle fault,2.13,1.46,TECH-006,Component wear,PM schedule updated,spindle,mechanical,mechanical,spindle_bearing,153.13,3,0.34
F01738,CNC-G1,2024-06-03,Axis calibration error,2.54,1.68,TECH-004,Calibration drift,Recalibration,servo_drive,software,automation,encoder_sensor,116.63,3,0.75
F01739,CNC-G1,2024-06-21,Tool breakage,2.48,1.54,TECH-006,Component wear,Recalibration,tool_changer,mechanical,mechanical,tool_insert_set,115.72,3,0.21
F01740,CNC-G1,2024-06-28,Tool breakage,1.97,1.59,TECH-007,Calibration drift,Operator retraining,tool_changer,mechanical,mechanical,tool_insert_set,79.16,3,0.21
F01741,CNC-G1,2024-06-29,Drive fault,1.6,1.72,TECH-002,Lack of preventive maintenance,Operator retraining,servo_drive,electrical,electrical,servo_driver_board,587.18,14,0.66
F01742,CNC-G1,2024-07-06,Axis calibration error,1.86,1.34,TECH-001,Contamination,Operator retraining,servo_drive,software,automation,encoder_sensor,92.01,3,0.64
F01743,CNC-G1,2024-07-20,Axis calibration error,1.23,1.57,TECH-002,Operator error,Recalibration,servo_drive,software,automation,encoder_sensor,178.36,7,0.57
F01744,CNC-G1,2024-08-10,Tool breakage,1.95,1.18,TECH-003,Contamination,Operator retraining,tool_changer,mechanical,mechanical,tool_insert_set,76.32,3,0.15
F01745,CNC-G1,2024-08-22,Axis calibration error,2.14,1.79,TECH-004,Design limitation,Part replacement,servo_drive,software,automation,encoder_sensor,117.78,6,0.77
F01746,CNC-G1,2024-08-26,Axis calibration error,1.74,1.27,TECH-004,Design limitation,PM schedule updated,servo_drive,software,automation,encoder_sensor,217.14,5,0.57
F01747,CNC-G1,2024-08-30,Coolant leak,1.13,1.79,TECH-005,Lack of preventive maintenance,Recalibration,coolant_system,hydraulic,hydraulic,coolant_pump_seal,35.32,2,0.28
F01748,CNC-G1,2024-08-31,Coolant leak,1.84,1.82,TECH-006,Design limitation,PM schedule updated,coolant_system,hydraulic,hydraulic,coolant_pump_seal,37.09,2,0.26
F01749,CNC-G1,2024-10-03,Axis calibration error,2.29,1.98,TECH-008,Design limitation,Recalibration,servo_drive,software,automation,encoder_sensor,123.34,7,0.8
F01750,CNC-G1,2024-10-18,Coolant leak,1.83,1.43,TECH-007,Design limitation,Vendor notified,coolant_system,hydraulic,hydraulic,coolant_pump_seal,38.27,1,0.23
F01751,CNC-G1,2024-10-21,Spindle fault,2.3,1.26,TECH-001,Design limitation,PM schedule updated,spindle,mechanical,mechanical,spindle_bearing,164.12,5,0.23
F01752,CNC-G1,2024-11-04,Axis calibration error,1.87,0.53,TECH-008,Component wear,PM schedule updated,servo_drive,software,automation,encoder_sensor,206.0,6,0.16
F01753,CNC-G1,2024-11-16,Drive fault,1.44,1.4,TECH-006,Overloading,Operator retraining,servo_drive,electrical,electrical,servo_driver_board,841.5,12,0.41
F01754,CNC-G1,2024-11-28,Axis calibration error,2.3,1.33,TECH-007,Lack of preventive maintenance,Vendor notified,servo_drive,software,automation,encoder_sensor,148.67,4,0.62
F01755,CNC-G1,2025-01-01,Spindle fault,1.69,1.83,TECH-003,Design limitation,Design modification,spindle,mechanical,mechanical,spindle_bearing,357.97,6,0.32
F01756,CNC-G1,2025-01-18,Coolant leak,2.09,1.15,TECH-008,Calibration drift,Design modification,coolant_system,hydraulic,hydraulic,coolant_pump_seal,72.65,1,0.18
F01757,CNC-G1,2025-02-15,Drive fault,2.68,1.26,TECH-004,Material defect,PM schedule updated,servo_drive,electrical,electrical,servo_driver_board,600.76,6,0.45
F01758,CNC-G1,2025-02-27,Coolant leak,1.74,1.69,TECH-002,Design limitation,Design modification,coolant_system,hydraulic,hydraulic,coolant_pump_seal,68.51,3,0.23
F01759,CNC-G1,2025-04-06,Tool breakage,2.26,1.27,TECH-001,Calibration drift,Design modification,tool_changer,mechanical,mechanical,tool_insert_set,72.32,2,0.16
F01760,CNC-G1,2025-04-14,Spindle fault,1.95,2.17,TECH-004,Material defect,Vendor notified,spindle,mechanical,mechanical,spindle_bearing,160.82,4,0.58
F01761,CNC-G1,2025-04-28,Coolant leak,2.51,2.4,TECH-005,Operator error,Vendor notified,coolant_system,hydraulic,hydraulic,coolant_pump_seal,77.48,3,0.24
F01762,CNC-G2,2024-01-20,Drive fault,3.41,2.22,TECH-005,Lack of preventive maintenance,Recalibration,servo_drive,electrical,electrical,servo_driver_board,654.85,12,0.76
F01763,CNC-G2,2024-01-22,Axis calibration error,1.63,1.64,TECH-002,Lack of preventive maintenance,PM schedule updated,servo_drive,software,automation,encoder_sensor,165.4,5,0.62
F01764,CNC-G2,2024-02-07,Axis calibration error,2.86,2.09,TECH-002,Calibration drift,Recalibration,servo_drive,software,automation,encoder_sensor,203.13,7,0.7
F01765,CNC-G2,2024-02-08,Coolant leak,1.63,1.63,TECH-001,Overloading,Part replacement,coolant_system,hydraulic,hydraulic,coolant_pump_seal,51.02,2,0.28
F01766,CNC-G2,2024-02-21,Drive fault,1.51,2.09,TECH-008,Lack of preventive maintenance,PM schedule updated,servo_drive,electrical,electrical,servo_driver_board,562.99,5,0.63
F01767,CNC-G2,2024-03-07,Spindle fault,1.75,1.64,TECH-006,Calibration drift,Design modification,spindle,mechanical,mechanical,spindle_bearing,321.56,8,0.25
F01768,CNC-G2,2024-03-10,Drive fault,2.01,1.66,TECH-004,Contamination,PM schedule updated,servo_drive,electrical,electrical,servo_driver_board,451.68,10,0.58
F01769,CNC-G2,2024-03-22,Tool breakage,1.48,1.89,TECH-003,Calibration drift,Part replacement,tool_changer,mechanical,mechanical,tool_insert_set,60.92,2,0.21
F01770,CNC-G2,2024-03-26,Spindle fault,2.91,1.83,TECH-003,Operator error,Operator retraining,spindle,mechanical,mechanical,spindle_bearing,179.39,4,0.44
F01771,CNC-G2,2024-04-07,Coolant leak,3.22,2.32,TECH-003,Material defect,Part replacement,coolant_system,hydraulic,hydraulic,coolant_pump_seal,51.51,2,0.26
F01772,CNC-G2,2024-04-22,Coolant leak,2.43,2.34,TECH-008,Operator error,Vendor notified,coolant_system,hydraulic,hydraulic,coolant_pump_seal,42.69,1,0.24
F01773,CNC-G2,2024-04-25,Spindle fault,1.71,1.59,TECH-006,Component wear,Recalibration,spindle,mechanical,mechanical,spindle_bearing,200.11,7,0.44
F01774,CNC-G2,2024-05-10,Drive fault,2.53,1.18,TECH-003,Contamination,Design modification,servo_drive,electrical,electrical,servo_driver_board,729.0,14,0.43
F01775,CNC-G2,2024-06-22,Coolant leak,1.71,1.35,TECH-004,Design limitation,Operator retraining,coolant_system,hydraulic,hydraulic,coolant_pump_seal,63.18,3,0.17
F01776,CNC-G2,2024-07-21,Coolant leak,2.56,1.58,TECH-006,Contamination,Vendor notified,coolant_system,hydraulic,hydraulic,coolant_pump_seal,46.38,3,0.21
F01777,CNC-G2,2024-07-25,Axis calibration error,2.02,2.36,TECH-001,Overloading,Part replacement,servo_drive,software,automation,encoder_sensor,90.52,4,1.12
F01778,CNC-G2,2024-08-31,Axis calibration error,1.66,2.45,TECH-005,Lack of preventive maintenance,Vendor notified,servo_drive,software,automation,encoder_sensor,208.12,4,0.79
F01779,CNC-G2,2024-09-02,Coolant leak,2.05,1.65,TECH-001,Contamination,Operator retraining,coolant_system,hydraulic,hydraulic,coolant_pump_seal,56.4,3,0.25
F01780,CNC-G2,2024-09-18,Spindle fault,1.95,2.33,TECH-004,Calibration drift,PM schedule updated,spindle,mechanical,mechanical,spindle_bearing,264.23,5,0.36
F01781,CNC-G2,2024-09-19,Axis calibration error,2.3,2.24,TECH-008,Lack of preventive maintenance,Vendor notified,servo_drive,software,automation,encoder_sensor,198.7,5,0.96
F01782,CNC-G2,2024-09-24,Spindle fault,3.14,1.75,TECH-005,Overloading,Part replacement,spindle,mechanical,mechanical,spindle_bearing,291.72,8,0.4
F01783,CNC-G2,2024-09-25,Coolant leak,1.99,1.67,TECH-008,Design limitation,Part replacement,coolant_system,hydraulic,hydraulic,coolant_pump_seal,48.72,3,0.26
F01784,CNC-G2,2024-10-01,Axis calibration error,2.44,1.8,TECH-003,Component wear,Design modification,servo_drive,software,automation,encoder_sensor,91.07,3,0.84
F01785,CNC-G2,2024-10-04,Spindle fault,2.36,2.06,TECH-006,Design limitation,Design modification,spindle,mechanical,mechanical,spindle_bearing,229.44,6,0.41
F01786,CNC-G2,2024-10-12,Tool breakage,2.25,1.98,TECH-006,Contamination,Operator retraining,tool_changer,mechanical,mechanical,tool_insert_set,117.4,2,0.13
F01787,CNC-G2,2024-10-26,Spindle fault,2.39,2.23,TECH-008,Contamination,PM schedule updated,spindle,mechanical,mechanical,spindle_bearing,159.34,6,0.55
F01788,CNC-G2,2024-10-28,Drive fault,2.71,1.85,TECH-001,Component wear,Part replacement,servo_drive,electrical,electrical,servo_driver_board,1193.92,6,0.55
F01789,CNC-G2,2024-11-08,Tool breakage,1.35,2.2,TECH-001,Contamination,Part replacement,tool_changer,mechanical,mechanical,tool_insert_set,111.98,3,0.25
F01790,CNC-G2,2024-11-17,Coolant leak,3.72,1.87,TECH-008,Design limitation,Design modification,coolant_system,hydraulic,hydraulic,coolant_pump_seal,30.51,1,0.28
F01791,CNC-G2,2024-11-21,Tool breakage,2.49,1.96,TECH-002,Component wear,Design modification,tool_changer,mechanical,mechanical,tool_insert_set,90.64,2,0.14
F01792,CNC-G2,2024-12-11,Drive fault,3.38,2.35,TECH-004,Operator error,Vendor notified,servo_drive,electrical,electrical,servo_driver_board,1071.37,10,1.04
F01793,CNC-G2,2024-12-17,Spindle fault,2.18,2.31,TECH-006,Operator error,Recalibration,spindle,mechanical,mechanical,spindle_bearing,239.39,8,0.62
F01794,CNC-G2,2024-12-28,Axis calibration error,1.91,2.29,TECH-001,Overloading,Design modification,servo_drive,software,automation,encoder_sensor,117.6,6,1.08
F01795,CNC-G2,2024-12-31,Tool breakage,1.88,1.64,TECH-004,Contamination,Operator retraining,tool_changer,mechanical,mechanical,tool_insert_set,58.82,1,0.1
F01796,CNC-G2,2025-01-01,Coolant leak,2.75,1.5,TECH-008,Material defect,Design modification,coolant_system,hydraulic,hydraulic,coolant_pump_seal,45.88,3,0.23
F01797,CNC-G2,2025-01-29,Drive fault,2.99,1.53,TECH-003,Material defect,Recalibration,servo_drive,electrical,electrical,servo_driver_board,843.69,13,0.69
F01798,CNC-G2,2025-01-31,Drive fault,2.33,1.98,TECH-001,Component wear,Design modification,servo_drive,electrical,electrical,servo_driver_board,530.41,13,0.6
F01799,CNC-G2,2025-02-04,Spindle fault,3.33,2.22,TECH-004,Material defect,PM schedule updated,spindle,mechanical,mechanical,spindle_bearing,212.98,8,0.5
F01800,CNC-G2,2025-02-05,Spindle fault,2.69,1.88,TECH-006,Lack of preventive maintenance,Recalibration,spindle,mechanical,mechanical,spindle_bearing,342.61,5,0.5
F01801,CNC-G2,2025-02-27,Axis calibration error,2.55,1.83,TECH-001,Calibration drift,Vendor notified,servo_drive,software,automation,encoder_sensor,87.54,6,0.78
F01802,CNC-G2,2025-03-19,Axis calibration error,2.33,2.02,TECH-007,Material defect,Recalibration,servo_drive,software,automation,encoder_sensor,147.15,5,0.66
F01803,CNC-G2,2025-04-03,Spindle fault,2.03,1.79,TECH-002,Component wear,Recalibration,spindle,mechanical,mechanical,spindle_bearing,223.34,7,0.32
F01804,CNC-G2,2025-04-04,Coolant leak,1.51,1.94,TECH-007,Material defect,Recalibration,coolant_system,hydraulic,hydraulic,coolant_pump_seal,74.89,2,0.26
F01805,VMC-G1,2024-01-04,Spindle overload,7.37,7.83,TECH-008,Lack of preventive maintenance,Part replacement,spindle,electrical,electrical,spindle_motor_controller,532.04,11,2.99
F01806,VMC-G1,2024-01-05,Spindle overload,3.7,8.72,TECH-006,Contamination,PM schedule updated,spindle,electrical,electrical,spindle_motor_controller,363.93,9,2.33
F01807,VMC-G1,2024-01-08,Coolant system failure,4.67,8.09,TECH-004,Operator error,Vendor notified,coolant_system,hydraulic,hydraulic,coolant_pump,243.56,4,1.58
F01808,VMC-G1,2024-01-10,Coolant system failure,6.58,8.01,TECH-006,Lack of preventive maintenance,Recalibration,coolant_system,hydraulic,hydraulic,coolant_pump,333.82,3,1.5
F01809,VMC-G1,2024-01-13,Drive module failure,8.53,7.17,TECH-003,Component wear,Vendor notified,servo_drive,electrical,electrical,servo_amplifier,419.84,9,2.62
F01810,VMC-G1,2024-01-14,Axis fault,11.14,7.46,TECH-005,Contamination,Design modification,servo_drive,electrical,electrical,servo_amplifier,779.76,7,2.69
F01811,VMC-G1,2024-01-15,Drive module failure,9.11,7.72,TECH-003,Component wear,PM schedule updated,servo_drive,electrical,electrical,servo_amplifier,642.21,5,2.72
F01812,VMC-G1,2024-01-19,Tool changer jam,9.37,7.53,TECH-004,Design limitation,Operator retraining,tool_changer,mechanical,mechanical,tool_changer_actuator,280.94,6,1.75
F01813,VMC-G1,2024-01-21,Coolant system failure,9.79,6.41,TECH-001,Lack of preventive maintenance,PM schedule updated,coolant_system,hydraulic,hydraulic,coolant_pump,335.27,4,1.59
F01814,VMC-G1,2024-01-22,Axis fault,5.04,7.42,TECH-007,Lack of preventive maintenance,Design modification,servo_drive,electrical,electrical,servo_amplifier,606.3,6,2.42
F01815,VMC-G1,2024-01-23,Axis fault,6.31,6.01,TECH-002,Lack of preventive maintenance,PM schedule updated,servo_drive,electrical,electrical,servo_amplifier,422.33,5,2.28
F01816,VMC-G1,2024-01-27,Spindle overload,13.64,9.28,TECH-008,Calibration drift,Operator retraining,spindle,electrical,electrical,spindle_motor_controller,370.92,10,2.83
F01817,VMC-G1,2024-01-31,Drive module failure,7.3,6.83,TECH-001,Design limitation,Operator retraining,servo_drive,electrical,electrical,servo_amplifier,402.87,6,2.72
F01818,VMC-G1,2024-02-01,Drive module failure,9.3,6.58,TECH-006,Operator error,Operator retraining,servo_drive,electrical,electrical,servo_amplifier,611.93,5,2.0
F01819,VMC-G1,2024-02-02,Axis fault,9.73,5.41,TECH-004,Component wear,Recalibration,servo_drive,electrical,electrical,servo_amplifier,509.19,9,1.56
F01820,VMC-G1,2024-02-03,Tool changer jam,9.21,7.31,TECH-005,Operator error,Recalibration,tool_changer,mechanical,mechanical,tool_changer_actuator,408.68,7,1.41
F01821,VMC-G1,2024-02-04,Coolant system failure,9.63,8.88,TECH-008,Design limitation,Recalibration,coolant_system,hydraulic,hydraulic,coolant_pump,198.75,3,1.33
F01822,VMC-G1,2024-02-05,Spindle overload,7.57,7.56,TECH-007,Lack of preventive maintenance,Recalibration,spindle,electrical,electrical,spindle_motor_controller,563.27,10,2.17
F01823,VMC-G1,2024-02-13,Axis fault,11.37,7.18,TECH-003,Overloading,PM schedule updated,servo_drive,electrical,electrical,servo_amplifier,730.67,10,2.57
F01824,VMC-G1,2024-02-14,Axis fault,4.28,7.33,TECH-007,Calibration drift,Recalibration,servo_drive,electrical,electrical,servo_amplifier,391.51,9,2.61
F01825,VMC-G1,2024-02-15,Coolant system failure,8.22,8.5,TECH-006,Contamination,Recalibration,coolant_system,hydraulic,hydraulic,coolant_pump,378.08,5,1.62
F01826,VMC-G1,2024-02-16,Drive module failure,9.25,5.48,TECH-008,Operator error,Vendor notified,servo_drive,electrical,electrical,servo_amplifier,762.36,6,1.5
F01827,VMC-G1,2024-02-20,Coolant system failure,8.54,5.91,TECH-007,Lack of preventive maintenance,Design modification,coolant_system,hydraulic,hydraulic,coolant_pump,313.81,5,0.92
F01828,VMC-G1,2024-02-21,Spindle overload,8.73,8.53,TECH-002,Design limitation,Recalibration,spindle,electrical,electrical,spindle_motor_controller,519.35,11,2.87
F01829,VMC-G1,2024-02-25,Spindle overload,7.61,8.4,TECH-003,Overloading,Design modification,spindle,electrical,electrical,spindle_motor_controller,429.24,5,2.31
F01830,VMC-G1,2024-02-26,Spindle overload,9.2,6.16,TECH-004,Contamination,Design modification,spindle,electrical,electrical,spindle_motor_controller,451.11,12,2.32
F01831,VMC-G1,2024-02-27,Drive module failure,10.81,9.26,TECH-001,Contamination,Design modification,servo_drive,electrical,electrical,servo_amplifier,469.6,7,2.42
F01832,VMC-G1,2024-02-28,Coolant system failure,10.84,6.44,TECH-003,Operator error,Vendor notified,coolant_system,hydraulic,hydraulic,coolant_pump,280.4,5,1.04
F01833,VMC-G1,2024-02-29,Axis fault,6.46,5.55,TECH-007,Material defect,PM schedule updated,servo_drive,electrical,electrical,servo_amplifier,698.61,8,2.1
F01834,VMC-G1,2024-03-01,Tool changer jam,10.49,6.73,TECH-007,Calibration drift,Operator retraining,tool_changer,mechanical,mechanical,tool_changer_actuator,475.13,6,1.69
F01835,VMC-G1,2024-03-02,Spindle overload,8.08,5.84,TECH-005,Design limitation,Recalibration,spindle,electrical,electrical,spindle_motor_controller,596.86,5,2.26
F01836,VMC-G1,2024-03-07,Spindle overload,4.37,4.69,TECH-007,Component wear,Recalibration,spindle,electrical,electrical,spindle_motor_controller,551.75,9,1.79
F01837,VMC-G1,2024-03-08,Axis fault,11.4,10.17,TECH-007,Component wear,Vendor notified,servo_drive,electrical,electrical,servo_amplifier,490.66,10,3.66
F01838,VMC-G1,2024-03-09,Coolant system failure,7.07,6.42,TECH-002,Material defect,PM schedule updated,coolant_system,hydraulic,hydraulic,coolant_pump,224.53,3,1.17
F01839,VMC-G1,2024-03-10,Drive module failure,5.65,8.31,TECH-003,Material defect,Operator retraining,servo_drive,electrical,electrical,servo_amplifier,839.68,11,2.3
F01840,VMC-G1,2024-03-11,Spindle overload,8.1,8.23,TECH-005,Operator error,Vendor notified,spindle,electrical,electrical,spindle_motor_controller,439.33,8,2.55
F01841,VMC-G1,2024-03-12,Spindle overload,8.65,8.49,TECH-008,Component wear,Part replacement,spindle,electrical,electrical,spindle_motor_controller,544.31,7,3.38
F01842,VMC-G1,2024-03-16,Coolant system failure,8.49,4.77,TECH-001,Overloading,PM schedule updated,coolant_system,hydraulic,hydraulic,coolant_pump,312.08,5,1.22
F01843,VMC-G1,2024-03-17,Tool changer jam,5.68,7.39,TECH-005,Material defect,Design modification,tool_changer,mechanical,mechanical,tool_changer_actuator,303.68,7,1.35
F01844,VMC-G1,2024-03-18,Drive module failure,11.26,6.97,TECH-006,Material defect,Vendor notified,servo_drive,electrical,electrical,servo_amplifier,430.0,11,2.76
F01845,VMC-G1,2024-03-19,Spindle overload,7.73,5.58,TECH-002,Design limitation,Vendor notified,spindle,electrical,electrical,spindle_motor_controller,631.09,8,1.96
F01846,VMC-G1,2024-03-21,Coolant system failure,10.88,5.87,TECH-007,Design limitation,PM schedule updated,coolant_system,hydraulic,hydraulic,coolant_pump,276.07,3,1.17
F01847,VMC-G1,2024-03-22,Axis fault,11.46,8.5,TECH-008,Material defect,Design modification,servo_drive,electrical,electrical,servo_amplifier,514.78,8,2.83
F01848,VMC-G1,2024-03-23,Tool changer jam,7.69,11.79,TECH-007,Overloading,Part replacement,tool_changer,mechanical,mechanical,tool_changer_actuator,336.12,3,2.67
F01849,VMC-G1,2024-03-24,Spindle overload,5.25,5.66,TECH-002,Operator error,Recalibration,spindle,electrical,electrical,spindle_motor_controller,397.53,10,1.96
F01850,VMC-G1,2024-03-25,Tool changer jam,6.28,4.32,TECH-007,Lack of preventive maintenance,PM schedule updated,tool_changer,mechanical,mechanical,tool_changer_actuator,453.9,7,0.72
F01851,VMC-G1,2024-03-27,Drive module failure,6.23,7.57,TECH-001,Overloading,Vendor notified,servo_drive,electrical,electrical,servo_amplifier,672.74,7,2.27
F01852,VMC-G1,2024-03-29,Axis fault,4.23,8.27,TECH-003,Lack of preventive maintenance,Vendor notified,servo_drive,electrical,electrical,servo_amplifier,471.72,10,2.4
F01853,VMC-G1,2024-04-04,Spindle overload,12.25,8.83,TECH-008,Design limitation,PM schedule updated,spindle,electrical,electrical,spindle_motor_controller,418.26,6,2.64
F01854,VMC-G1,2024-04-07,Axis fault,5.25,10.13,TECH-005,Calibration drift,Part replacement,servo_drive,electrical,electrical,servo_amplifier,507.5,7,3.52
F01855,VMC-G1,2024-04-08,Axis fault,7.46,5.11,TECH-004,Contamination,Vendor notified,servo_drive,electrical,electrical,servo_amplifier,404.93,10,1.81
F01856,VMC-G1,2024-04-09,Tool changer jam,6.16,9.1,TECH-002,Contamination,PM schedule updated,tool_changer,mechanical,mechanical,tool_changer_actuator,265.72,4,1.67
F01857,VMC-G1,2024-04-10,Axis fault,8.15,4.34,TECH-006,Design limitation,Part replacement,servo_drive,electrical,electrical,servo_amplifier,474.31,5,1.39
F01858,VMC-G1,2024-04-15,Drive module failure,10.21,7.77,TECH-008,Component wear,Operator retraining,servo_drive,electrical,electrical,servo_amplifier,398.31,5,2.26
F01859,VMC-G1,2024-04-16,Coolant system failure,9.9,5.73,TECH-008,Contamination,Recalibration,coolant_system,hydraulic,hydraulic,coolant_pump,378.99,4,1.04
F01860,VMC-G1,2024-04-22,Drive module failure,7.95,7.61,TECH-005,Design limitation,Design modification,servo_drive,electrical,electrical,servo_amplifier,525.7,12,2.43
F01861,VMC-G1,2024-04-23,Axis fault,5.8,8.29,TECH-002,Operator error,Vendor notified,servo_drive,electrical,electrical,servo_amplifier,776.87,8,2.23
F01862,VMC-G1,2024-04-24,Coolant system failure,9.93,6.0,TECH-003,Contamination,Design modification,coolant_system,hydraulic,hydraulic,coolant_pump,209.27,5,1.28
F01863,VMC-G1,2024-04-25,Coolant system failure,9.79,8.02,TECH-002,Contamination,Recalibration,coolant_system,hydraulic,hydraulic,coolant_pump,354.67,3,1.33
F01864,VMC-G1,2024-04-26,Coolant system failure,10.96,7.45,TECH-001,Calibration drift,Recalibration,coolant_system,hydraulic,hydraulic,coolant_pump,296.99,5,1.29
F01865,VMC-G1,2024-04-29,Axis fault,9.97,6.89,TECH-008,Material defect,Recalibration,servo_drive,electrical,electrical,servo_amplifier,702.48,9,2.19
F01866,VMC-G1,2024-04-30,Drive module failure,8.42,7.29,TECH-008,Calibration drift,Operator retraining,servo_drive,electrical,electrical,servo_amplifier,419.05,12,2.46
F01867,VMC-G1,2024-05-01,Axis fault,9.77,6.99,TECH-007,Overloading,Vendor notified,servo_drive,electrical,electrical,servo_amplifier,572.0,8,2.1
F01868,VMC-G1,2024-05-02,Coolant system failure,8.98,5.73,TECH-007,Contamination,PM schedule updated,coolant_system,hydraulic,hydraulic,coolant_pump,355.6,5,1.09
F01869,VMC-G1,2024-05-06,Coolant system failure,10.1,6.53,TECH-002,Component wear,PM schedule updated,coolant_system,hydraulic,hydraulic,coolant_pump,215.72,3,1.01
F01870,VMC-G1,2024-05-10,Drive module failure,9.98,6.91,TECH-003,Operator error,Design modification,servo_drive,electrical,electrical,servo_amplifier,512.19,7,2.41
F01871,VMC-G1,2024-05-12,Drive module failure,7.44,6.85,TECH-004,Contamination,Vendor notified,servo_drive,electrical,electrical,servo_amplifier,446.87,5,1.85
F01872,VMC-G1,2024-05-14,Axis fault,12.25,6.62,TECH-008,Design limitation,Design modification,servo_drive,electrical,electrical,servo_amplifier,416.45,5,2.52
F01873,VMC-G1,2024-05-17,Drive module failure,6.22,7.37,TECH-007,Operator error,Recalibration,servo_drive,electrical,electrical,servo_amplifier,823.73,12,2.68
F01874,VMC-G1,2024-05-18,Coolant system failure,5.51,7.65,TECH-008,Component wear,Part replacement,coolant_system,hydraulic,hydraulic,coolant_pump,328.74,2,2.29
F01875,VMC-G1,2024-05-20,Drive module failure,11.47,7.89,TECH-005,Lack of preventive maintenance,Vendor notified,servo_drive,electrical,electrical,servo_amplifier,543.5,5,2.51
F01876,VMC-G1,2024-05-21,Axis fault,5.16,8.0,TECH-007,Material defect,Vendor notified,servo_drive,electrical,electrical,servo_amplifier,782.59,6,2.87
F01877,VMC-G1,2024-05-22,Coolant system failure,5.34,6.5,TECH-004,Overloading,Recalibration,coolant_system,hydraulic,hydraulic,coolant_pump,276.97,4,1.68
F01878,VMC-G1,2024-05-25,Spindle overload,11.17,6.77,TECH-001,Contamination,Design modification,spindle,electrical,electrical,spindle_motor_controller,627.63,6,2.1
F01879,VMC-G1,2024-05-26,Drive module failure,11.27,6.73,TECH-007,Component wear,Vendor notified,servo_drive,electrical,electrical,servo_amplifier,694.24,8,2.17
F01880,VMC-G1,2024-05-27,Axis fault,11.99,6.69,TECH-003,Lack of preventive maintenance,Vendor notified,servo_drive,electrical,electrical,servo_amplifier,626.71,7,2.45
F01881,VMC-G1,2024-06-01,Spindle overload,8.15,5.75,TECH-007,Overloading,Operator retraining,spindle,electrical,electrical,spindle_motor_controller,671.9,12,1.73
F01882,VMC-G1,2024-06-02,Axis fault,4.38,7.43,TECH-002,Design limitation,PM schedule updated,servo_drive,electrical,electrical,servo_amplifier,555.59,7,2.01
F01883,VMC-G1,2024-06-03,Spindle overload,6.95,7.45,TECH-003,Design limitation,Operator retraining,spindle,electrical,electrical,spindle_motor_controller,426.9,11,2.34
F01884,VMC-G1,2024-06-04,Spindle overload,6.6,8.63,TECH-006,Calibration drift,Part replacement,spindle,electrical,electrical,spindle_motor_controller,380.25,5,2.61
F01885,VMC-G1,2024-06-05,Drive module failure,11.24,7.24,TECH-001,Contamination,Part replacement,servo_drive,electrical,electrical,servo_amplifier,752.98,8,2.47
F01886,VMC-G1,2024-06-06,Spindle overload,10.91,6.61,TECH-006,Overloading,PM schedule updated,spindle,electrical,electrical,spindle_motor_controller,644.43,6,2.21
F01887,VMC-G1,2024-06-07,Spindle overload,10.64,5.99,TECH-003,Material defect,Vendor notified,spindle,electrical,electrical,spindle_motor_controller,389.77,11,2.03
F01888,VMC-G1,2024-06-09,Coolant system failure,9.01,7.89,TECH-002,Component wear,Design modification,coolant_system,hydraulic,hydraulic,coolant_pump,283.79,3,1.36
F01889,VMC-G1,2024-06-10,Axis fault,9.4,8.35,TECH-003,Calibration drift,Part replacement,servo_drive,electrical,electrical,servo_amplifier,589.99,6,2.42
F01890,VMC-G1,2024-06-12,Spindle overload,12.44,5.84,TECH-005,Design limitation,Part replacement,spindle,electrical,electrical,spindle_motor_controller,540.48,9,1.52
F01891,VMC-G1,2024-06-13,Spindle overload,9.47,8.53,TECH-008,Material defect,Design modification,spindle,electrical,electrical,spindle_motor_controller,441.18,10,2.46
F01892,VMC-G1,2024-06-14,Tool changer jam,6.96,6.17,TECH-007,Calibration drift,Part replacement,tool_changer,mechanical,mechanical,tool_changer_actuator,377.35,7,1.3
F01893,VMC-G1,2024-06-16,Axis fault,9.85,7.42,TECH-004,Calibration drift,Recalibration,servo_drive,electrical,electrical,servo_amplifier,528.74,7,2.24
F01894,VMC-G1,2024-06-19,Tool changer jam,9.11,7.13,TECH-002,Operator error,Vendor notified,tool_changer,mechanical,mechanical,tool_changer_actuator,281.54,7,2.04
F01895,VMC-G1,2024-06-21,Drive module failure,10.7,6.05,TECH-007,Material defect,PM schedule updated,servo_drive,electrical,electrical,servo_amplifier,730.59,11,1.56
F01896,VMC-G1,2024-06-22,Tool changer jam,7.08,7.3,TECH-007,Overloading,Operator retraining,tool_changer,mechanical,mechanical,tool_changer_actuator,254.11,6,1.79
F01897,VMC-G1,2024-06-23,Drive module failure,9.37,7.1,TECH-008,Overloading,PM schedule updated,servo_drive,electrical,electrical,servo_amplifier,478.43,5,2.6
F01898,VMC-G1,2024-06-24,Spindle overload,8.79,5.88,TECH-001,Material defect,Part replacement,spindle,electrical,electrical,spindle_motor_controller,422.93,6,1.53
F01899,VMC-G1,2024-06-25,Drive module failure,4.55,5.43,TECH-003,Contamination,Vendor notified,servo_drive,electrical,electrical,servo_amplifier,397.12,9,1.86
F01900,VMC-G1,2024-06-26,Tool changer jam,13.8,7.64,TECH-004,Contamination,Design modification,tool_changer,mechanical,mechanical,tool_changer_actuator,445.91,5,1.27
F01901,VMC-G1,2024-06-27,Drive module failure,10.35,4.47,TECH-003,Contamination,Vendor notified,servo_drive,electrical,electrical,servo_amplifier,472.44,6,1.36
F01902,VMC-G1,2024-06-29,Axis fault,9.21,6.66,TECH-004,Contamination,Part replacement,servo_drive,electrical,electrical,servo_amplifier,606.79,8,2.59
F01903,VMC-G1,2024-07-01,Drive module failure,5.67,7.05,TECH-001,Lack of preventive maintenance,Operator retraining,servo_drive,electrical,electrical,servo_amplifier,636.1,8,2.81
F01904,VMC-G1,2024-07-02,Spindle overload,6.63,4.05,TECH-004,Contamination,Recalibration,spindle,electrical,electrical,spindle_motor_controller,343.48,8,1.58
F01905,VMC-G1,2024-07-11,Tool changer jam,9.34,5.8,TECH-001,Component wear,Recalibration,tool_changer,mechanical,mechanical,tool_changer_actuator,350.43,7,1.67
F01906,VMC-G1,2024-07-12,Tool changer jam,7.23,6.25,TECH-005,Material defect,Vendor notified,tool_changer,mechanical,mechanical,tool_changer_actuator,351.9,5,1.35
F01907,VMC-G1,2024-07-14,Tool changer jam,7.94,9.12,TECH-007,Overloading,PM schedule updated,tool_changer,mechanical,mechanical,tool_changer_actuator,290.85,5,2.15
F01908,VMC-G1,2024-07-17,Coolant system failure,9.75,9.26,TECH-001,Overloading,Part replacement,coolant_system,hydraulic,hydraulic,coolant_pump,226.8,4,2.37
F01909,VMC-G1,2024-07-19,Axis fault,5.46,7.65,TECH-002,Operator error,Part replacement,servo_drive,electrical,electrical,servo_amplifier,682.72,6,1.92
F01910,VMC-G1,2024-07-20,Drive module failure,8.6,6.5,TECH-006,Component wear,Vendor notified,servo_drive,electrical,electrical,servo_amplifier,589.89,8,1.63
F01911,VMC-G1,2024-07-21,Tool changer jam,6.36,4.07,TECH-005,Design limitation,PM schedule updated,tool_changer,mechanical,mechanical,tool_changer_actuator,239.5,5,0.66
F01912,VMC-G1,2024-07-25,Tool changer jam,8.14,9.36,TECH-004,Operator error,Design modification,tool_changer,mechanical,mechanical,tool_changer_actuator,291.67,5,2.32
F01913,VMC-G1,2024-07-28,Spindle overload,9.17,8.61,TECH-008,Calibration drift,Part replacement,spindle,electrical,electrical,spindle_motor_controller,431.1,10,3.34
F01914,VMC-G1,2024-07-29,Spindle overload,10.42,7.33,TECH-002,Material defect,Operator retraining,spindle,electrical,electrical,spindle_motor_controller,530.71,12,2.9
F01915,VMC-G1,2024-07-30,Drive module failure,7.32,7.29,TECH-001,Material defect,Recalibration,servo_drive,electrical,electrical,servo_amplifier,787.97,6,2.64
F01916,VMC-G1,2024-08-01,Axis fault,8.74,7.06,TECH-006,Design limitation,Recalibration,servo_drive,electrical,electrical,servo_amplifier,444.31,6,2.49
F01917,VMC-G1,2024-08-02,Tool changer jam,9.32,8.92,TECH-007,Component wear,PM schedule updated,tool_changer,mechanical,mechanical,tool_changer_actuator,347.68,7,1.7
F01918,VMC-G1,2024-08-03,Coolant system failure,8.86,8.94,TECH-008,Lack of preventive maintenance,Operator retraining,coolant_system,hydraulic,hydraulic,coolant_pump,371.3,2,1.76
F01919,VMC-G1,2024-08-04,Drive module failure,8.47,8.72,TECH-003,Component wear,Design modification,servo_drive,electrical,electrical,servo_amplifier,465.28,12,2.81
F01920,VMC-G1,2024-08-10,Tool changer jam,11.39,7.74,TECH-001,Component wear,Vendor notified,tool_changer,mechanical,mechanical,tool_changer_actuator,439.09,3,2.04
F01921,VMC-G1,2024-08-15,Spindle overload,7.6,7.57,TECH-004,Lack of preventive maintenance,Operator retraining,spindle,electrical,electrical,spindle_motor_controller,477.27,6,1.94
F01922,VMC-G1,2024-08-16,Drive module failure,10.34,7.5,TECH-002,Material defect,Vendor notified,servo_drive,electrical,electrical,servo_amplifier,597.44,6,2.79
F01923,VMC-G1,2024-08-17,Tool changer jam,8.0,6.92,TECH-007,Design limitation,Vendor notified,tool_changer,mechanical,mechanical,tool_changer_actuator,409.72,3,1.66
F01924,VMC-G1,2024-08-18,Tool changer jam,5.09,7.72,TECH-005,Contamination,Vendor notified,tool_changer,mechanical,mechanical,tool_changer_actuator,333.42,5,1.83
F01925,VMC-G1,2024-08-19,Drive module failure,9.46,6.61,TECH-006,Material defect,Recalibration,servo_drive,electrical,electrical,servo_amplifier,623.23,6,2.16
F01926,VMC-G1,2024-08-20,Tool changer jam,7.76,3.43,TECH-005,Component wear,PM schedule updated,tool_changer,mechanical,mechanical,tool_changer_actuator,464.56,6,0.73
F01927,VMC-G1,2024-08-22,Spindle overload,6.79,7.49,TECH-008,Overloading,Vendor notified,spindle,electrical,electrical,spindle_motor_controller,325.73,6,2.43
F01928,VMC-G1,2024-08-26,Axis fault,12.11,3.67,TECH-006,Material defect,Operator retraining,servo_drive,electrical,electrical,servo_amplifier,634.07,6,1.22
F01929,VMC-G1,2024-08-27,Tool changer jam,5.43,8.13,TECH-007,Calibration drift,PM schedule updated,tool_changer,mechanical,mechanical,tool_changer_actuator,405.78,5,2.03
F01930,VMC-G1,2024-08-28,Drive module failure,7.83,6.36,TECH-004,Material defect,Recalibration,servo_drive,electrical,electrical,servo_amplifier,710.9,7,1.98
F01931,VMC-G1,2024-08-30,Drive module failure,3.76,5.58,TECH-006,Calibration drift,Design modification,servo_drive,electrical,electrical,servo_amplifier,569.02,11,1.74
F01932,VMC-G1,2024-09-03,Coolant system failure,8.93,5.69,TECH-004,Overloading,Recalibration,coolant_system,hydraulic,hydraulic,coolant_pump,338.43,2,1.63
F01933,VMC-G1,2024-09-04,Drive module failure,6.18,6.59,TECH-007,Lack of preventive maintenance,Recalibration,servo_drive,electrical,electrical,servo_amplifier,659.0,5,2.32
F01934,VMC-G1,2024-09-05,Tool changer jam,7.24,6.74,TECH-007,Component wear,Operator retraining,tool_changer,mechanical,mechanical,tool_changer_actuator,412.44,4,1.35
F01935,VMC-G1,2024-09-06,Axis fault,9.13,8.74,TECH-005,Component wear,Vendor notified,servo_drive,electrical,electrical,servo_amplifier,768.48,10,2.2
F01936,VMC-G1,2024-09-07,Tool changer jam,8.68,6.09,TECH-006,Calibration drift,Recalibration,tool_changer,mechanical,mechanical,tool_changer_actuator,251.97,3,1.06
F01937,VMC-G1,2024-09-11,Coolant system failure,11.71,9.37,TECH-001,Operator error,Part replacement,coolant_system,hydraulic,hydraulic,coolant_pump,356.39,3,1.79
F01938,VMC-G1,2024-09-12,Spindle overload,12.58,7.15,TECH-006,Operator error,PM schedule updated,spindle,electrical,electrical,spindle_motor_controller,474.47,8,2.21
F01939,VMC-G1,2024-09-17,Axis fault,6.25,8.81,TECH-005,Operator error,PM schedule updated,servo_drive,electrical,electrical,servo_amplifier,521.69,8,3.07
F01940,VMC-G1,2024-09-19,Tool changer jam,6.58,9.78,TECH-008,Contamination,Vendor notified,tool_changer,mechanical,mechanical,tool_changer_actuator,255.52,3,2.6
F01941,VMC-G1,2024-09-20,Axis fault,7.16,9.38,TECH-003,Component wear,Operator retraining,servo_drive,electrical,electrical,servo_amplifier,474.79,7,3.48
F01942,VMC-G1,2024-09-21,Drive module failure,10.22,6.23,TECH-008,Design limitation,Vendor notified,servo_drive,electrical,electrical,servo_amplifier,438.9,10,1.64
F01943,VMC-G1,2024-09-24,Axis fault,8.4,7.69,TECH-008,Operator error,Part replacement,servo_drive,electrical,electrical,servo_amplifier,826.3,8,2.65
F01944,VMC-G1,2024-09-25,Axis fault,6.9,7.93,TECH-001,Contamination,Operator retraining,servo_drive,electrical,electrical,servo_amplifier,390.93,7,2.31
F01945,VMC-G1,2024-09-26,Tool changer jam,10.25,9.7,TECH-006,Contamination,Part replacement,tool_changer,mechanical,mechanical,tool_changer_actuator,351.4,3,1.85
F01946,VMC-G1,2024-09-30,Coolant system failure,9.43,7.32,TECH-007,Component wear,Part replacement,coolant_system,hydraulic,hydraulic,coolant_pump,336.16,5,1.83
F01947,VMC-G1,2024-10-10,Coolant system failure,9.19,4.99,TECH-005,Operator error,PM schedule updated,coolant_system,hydraulic,hydraulic,coolant_pump,207.48,4,0.93
F01948,VMC-G1,2024-10-11,Drive module failure,8.51,6.76,TECH-007,Component wear,PM schedule updated,servo_drive,electrical,electrical,servo_amplifier,587.99,7,2.33
F01949,VMC-G1,2024-10-14,Drive module failure,9.01,8.06,TECH-001,Calibration drift,PM schedule updated,servo_drive,electrical,electrical,servo_amplifier,583.71,9,2.86
F01950,VMC-G1,2024-10-18,Coolant system failure,9.87,7.33,TECH-005,Calibration drift,Operator retraining,coolant_system,hydraulic,hydraulic,coolant_pump,298.97,2,1.67
F01951,VMC-G1,2024-10-19,Tool changer jam,7.42,11.52,TECH-002,Contamination,Design modification,tool_changer,mechanical,mechanical,tool_changer_actuator,364.15,6,2.9
F01952,VMC-G1,2024-10-20,Spindle overload,11.73,4.7,TECH-001,Design limitation,Operator retraining,spindle,electrical,electrical,spindle_motor_controller,459.5,6,1.43
F01953,VMC-G1,2024-10-21,Coolant system failure,6.35,7.26,TECH-007,Contamination,PM schedule updated,coolant_system,hydraulic,hydraulic,coolant_pump,214.2,5,1.75
F01954,VMC-G1,2024-10-24,Tool changer jam,10.63,5.05,TECH-006,Component wear,PM schedule updated,tool_changer,mechanical,mechanical,tool_changer_actuator,308.48,5,1.41
F01955,VMC-G1,2024-10-26,Coolant system failure,6.1,6.48,TECH-002,Calibration drift,Vendor notified,coolant_system,hydraulic,hydraulic,coolant_pump,349.86,5,1.65
F01956,VMC-G1,2024-10-27,Drive module failure,7.48,5.94,TECH-002,Lack of preventive maintenance,Recalibration,servo_drive,electrical,electrical,servo_amplifier,565.1,5,2.38
F01957,VMC-G1,2024-10-30,Coolant system failure,9.05,7.34,TECH-002,Component wear,Design modification,coolant_system,hydraulic,hydraulic,coolant_pump,228.88,5,1.59
F01958,VMC-G1,2024-11-02,Spindle overload,9.16,4.25,TECH-001,Contamination,Design modification,spindle,electrical,electrical,spindle_motor_controller,416.74,7,1.5
F01959,VMC-G1,2024-11-03,Tool changer jam,3.67,5.19,TECH-006,Operator error,Design modification,tool_changer,mechanical,mechanical,tool_changer_actuator,345.04,3,1.17
F01960,VMC-G1,2024-11-04,Spindle overload,8.0,6.1,TECH-003,Operator error,Vendor notified,spindle,electrical,electrical,spindle_motor_controller,639.96,6,2.25
F01961,VMC-G1,2024-11-10,Axis fault,12.12,7.06,TECH-004,Lack of preventive maintenance,Vendor notified,servo_drive,electrical,electrical,servo_amplifier,614.45,8,1.96
F01962,VMC-G1,2024-11-11,Tool changer jam,7.3,8.55,TECH-004,Calibration drift,Design modification,tool_changer,mechanical,mechanical,tool_changer_actuator,448.38,4,2.19
F01963,VMC-G1,2024-11-13,Drive module failure,5.06,7.44,TECH-001,Calibration drift,Recalibration,servo_drive,electrical,electrical,servo_amplifier,648.92,7,2.0
F01964,VMC-G1,2024-11-14,Coolant system failure,13.38,8.81,TECH-003,Material defect,Vendor notified,coolant_system,hydraulic,hydraulic,coolant_pump,318.09,5,1.61
F01965,VMC-G1,2024-11-15,Coolant system failure,8.5,6.1,TECH-004,Component wear,Operator retraining,coolant_system,hydraulic,hydraulic,coolant_pump,208.51,2,1.27
F01966,VMC-G1,2024-11-17,Drive module failure,6.02,5.96,TECH-005,Material defect,Operator retraining,servo_drive,electrical,electrical,servo_amplifier,822.35,8,1.78
F01967,VMC-G1,2024-11-18,Spindle overload,7.53,7.86,TECH-005,Design limitation,Recalibration,spindle,electrical,electrical,spindle_motor_controller,613.36,7,2.75
F01968,VMC-G1,2024-11-19,Spindle overload,10.18,7.49,TECH-007,Operator error,Vendor notified,spindle,electrical,electrical,spindle_motor_controller,651.34,10,2.33
F01969,VMC-G1,2024-11-22,Spindle overload,8.33,6.79,TECH-006,Contamination,Vendor notified,spindle,electrical,electrical,spindle_motor_controller,460.28,10,1.98
F01970,VMC-G1,2024-11-24,Coolant system failure,8.06,6.53,TECH-006,Calibration drift,PM schedule updated,coolant_system,hydraulic,hydraulic,coolant_pump,356.56,2,1.44
F01971,VMC-G1,2024-11-26,Tool changer jam,5.95,7.2,TECH-006,Material defect,Recalibration,tool_changer,mechanical,mechanical,tool_changer_actuator,308.75,7,1.6
F01972,VMC-G1,2024-11-27,Tool changer jam,10.29,7.35,TECH-008,Contamination,Operator retraining,tool_changer,mechanical,mechanical,tool_changer_actuator,406.33,4,1.42
F01973,VMC-G1,2024-11-28,Axis fault,10.26,6.09,TECH-007,Overloading,Part replacement,servo_drive,electrical,electrical,servo_amplifier,736.13,10,2.24
F01974,VMC-G1,2024-12-02,Axis fault,8.89,5.67,TECH-007,Contamination,Part replacement,servo_drive,electrical,electrical,servo_amplifier,497.93,8,1.95
F01975,VMC-G1,2024-12-03,Axis fault,10.27,4.23,TECH-003,Material defect,Part replacement,servo_drive,electrical,electrical,servo_amplifier,452.26,9,1.52
F01976,VMC-G1,2024-12-04,Axis fault,6.76,7.19,TECH-001,Calibration drift,Operator retraining,servo_drive,electrical,electrical,servo_amplifier,676.88,7,2.0
F01977,VMC-G1,2024-12-05,Coolant system failure,10.38,4.59,TECH-004,Material defect,Operator retraining,coolant_system,hydraulic,hydraulic,coolant_pump,352.38,3,1.1
F01978,VMC-G1,2024-12-06,Axis fault,6.16,7.01,TECH-008,Lack of preventive maintenance,PM schedule updated,servo_drive,electrical,electrical,servo_amplifier,842.4,5,2.31
F01979,VMC-G1,2024-12-12,Tool changer jam,10.09,7.5,TECH-005,Component wear,Recalibration,tool_changer,mechanical,mechanical,tool_changer_actuator,428.17,3,2.01
F01980,VMC-G1,2024-12-13,Tool changer jam,6.93,7.04,TECH-001,Design limitation,Vendor notified,tool_changer,mechanical,mechanical,tool_changer_actuator,390.45,5,1.79
F01981,VMC-G1,2024-12-14,Tool changer jam,6.22,5.45,TECH-002,Component wear,Design modification,tool_changer,mechanical,mechanical,tool_changer_actuator,279.23,4,1.01
F01982,VMC-G1,2024-12-15,Axis fault,7.8,4.49,TECH-006,Calibration drift,Part replacement,servo_drive,electrical,electrical,servo_amplifier,840.9,9,1.28
F01983,VMC-G1,2024-12-16,Coolant system failure,7.32,7.77,TECH-004,Contamination,Vendor notified,coolant_system,hydraulic,hydraulic,coolant_pump,231.15,3,1.45
F01984,VMC-G1,2024-12-21,Drive module failure,12.04,6.58,TECH-006,Contamination,Vendor notified,servo_drive,electrical,electrical,servo_amplifier,549.62,11,2.35
F01985,VMC-G1,2024-12-22,Drive module failure,9.69,7.88,TECH-004,Material defect,Recalibration,servo_drive,electrical,electrical,servo_amplifier,454.61,10,2.54
F01986,VMC-G1,2024-12-23,Drive module failure,7.99,7.05,TECH-002,Overloading,Recalibration,servo_drive,electrical,electrical,servo_amplifier,494.54,6,2.01
F01987,VMC-G1,2024-12-25,Drive module failure,10.53,7.8,TECH-005,Operator error,Operator retraining,servo_drive,electrical,electrical,servo_amplifier,384.34,5,2.32
F01988,VMC-G1,2024-12-26,Axis fault,9.66,9.25,TECH-006,Lack of preventive maintenance,Operator retraining,servo_drive,electrical,electrical,servo_amplifier,394.64,7,3.17
F01989,VMC-G1,2024-12-27,Drive module failure,7.15,6.08,TECH-008,Component wear,PM schedule updated,servo_drive,electrical,electrical,servo_amplifier,674.53,11,1.81
F01990,VMC-G1,2025-01-02,Drive module failure,6.58,7.12,TECH-004,Material defect,Design modification,servo_drive,electrical,electrical,servo_amplifier,790.22,5,2.4
F01991,VMC-G1,2025-01-03,Axis fault,8.19,7.47,TECH-005,Material defect,Operator retraining,servo_drive,electrical,electrical,servo_amplifier,573.63,5,2.1
F01992,VMC-G1,2025-01-04,Coolant system failure,8.53,6.81,TECH-004,Component wear,PM schedule updated,coolant_system,hydraulic,hydraulic,coolant_pump,343.32,3,1.96
F01993,VMC-G1,2025-01-05,Spindle overload,6.34,5.07,TECH-006,Calibration drift,Recalibration,spindle,electrical,electrical,spindle_motor_controller,647.84,11,1.5
F01994,VMC-G1,2025-01-06,Tool changer jam,7.49,7.55,TECH-006,Operator error,PM schedule updated,tool_changer,mechanical,mechanical,tool_changer_actuator,261.76,4,1.48
F01995,VMC-G1,2025-01-07,Coolant system failure,9.32,8.81,TECH-003,Component wear,PM schedule updated,coolant_system,hydraulic,hydraulic,coolant_pump,249.9,4,1.57
F01996,VMC-G1,2025-01-13,Drive module failure,11.41,8.98,TECH-008,Contamination,Recalibration,servo_drive,electrical,electrical,servo_amplifier,812.12,10,2.38
F01997,VMC-G1,2025-01-14,Tool changer jam,7.91,5.26,TECH-006,Overloading,Recalibration,tool_changer,mechanical,mechanical,tool_changer_actuator,221.79,4,1.34
F01998,VMC-G1,2025-01-15,Coolant system failure,8.69,6.68,TECH-006,Lack of preventive maintenance,Design modification,coolant_system,hydraulic,hydraulic,coolant_pump,254.3,5,1.6
F01999,VMC-G1,2025-01-16,Spindle overload,8.17,6.27,TECH-002,Component wear,Recalibration,spindle,electrical,electrical,spindle_motor_controller,400.48,12,2.01
F02000,VMC-G1,2025-01-17,Spindle overload,10.12,8.89,TECH-006,Contamination,PM schedule updated,spindle,electrical,electrical,spindle_motor_controller,447.15,6,3.04
F02001,VMC-G1,2025-01-18,Tool changer jam,7.96,7.44,TECH-001,Overloading,Vendor notified,tool_changer,mechanical,mechanical,tool_changer_actuator,276.72,5,1.97
F02002,VMC-G1,2025-01-21,Spindle overload,7.5,5.34,TECH-004,Calibration drift,Recalibration,spindle,electrical,electrical,spindle_motor_controller,379.99,10,1.37
F02003,VMC-G1,2025-01-22,Axis fault,9.79,6.43,TECH-001,Lack of preventive maintenance,Part replacement,servo_drive,electrical,electrical,servo_amplifier,586.61,8,2.24
F02004,VMC-G1,2025-01-24,Spindle overload,7.62,5.49,TECH-004,Material defect,Recalibration,spindle,electrical,electrical,spindle_motor_controller,572.68,11,1.7
F02005,VMC-G1,2025-01-30,Tool changer jam,9.6,7.93,TECH-007,Lack of preventive maintenance,Design modification,tool_changer,mechanical,mechanical,tool_changer_actuator,281.09,6,1.43
F02006,VMC-G1,2025-02-02,Tool changer jam,5.28,7.1,TECH-002,Lack of preventive maintenance,Recalibration,tool_changer,mechanical,mechanical,tool_changer_actuator,408.82,5,1.27
F02007,VMC-G1,2025-02-03,Spindle overload,9.11,8.79,TECH-006,Operator error,Design modification,spindle,electrical,electrical,spindle_motor_controller,424.85,11,2.84
F02008,VMC-G1,2025-02-07,Tool changer jam,4.46,6.85,TECH-004,Component wear,Design modification,tool_changer,mechanical,mechanical,tool_changer_actuator,376.22,5,1.48
F02009,VMC-G1,2025-02-08,Coolant system failure,6.36,5.59,TECH-006,Overloading,Recalibration,coolant_system,hydraulic,hydraulic,coolant_pump,364.3,3,1.58
F02010,VMC-G1,2025-02-11,Axis fault,8.44,5.92,TECH-006,Design limitation,Operator retraining,servo_drive,electrical,electrical,servo_amplifier,675.87,10,2.04
F02011,VMC-G1,2025-02-12,Drive module failure,8.29,7.33,TECH-007,Material defect,Recalibration,servo_drive,electrical,electrical,servo_amplifier,666.32,11,2.19
F02012,VMC-G1,2025-02-13,Axis fault,7.64,7.43,TECH-004,Design limitation,Vendor notified,servo_drive,electrical,electrical,servo_amplifier,658.24,7,1.89
F02013,VMC-G1,2025-02-15,Coolant system failure,11.33,5.31,TECH-008,Lack of preventive maintenance,Vendor notified,coolant_system,hydraulic,hydraulic,coolant_pump,186.45,5,0.83
F02014,VMC-G1,2025-02-17,Coolant system failure,4.42,5.81,TECH-004,Lack of preventive maintenance,PM schedule updated,coolant_system,hydraulic,hydraulic,coolant_pump,287.34,5,1.41
F02015,VMC-G1,2025-02-18,Axis fault,10.4,4.56,TECH-008,Overloading,Vendor notified,servo_drive,electrical,electrical,servo_amplifier,473.14,7,1.27
F02016,VMC-G1,2025-02-19,Axis fault,11.24,6.81,TECH-008,Calibration drift,Design modification,servo_drive,electrical,electrical,servo_amplifier,795.72,10,2.48
F02017,VMC-G1,2025-02-20,Axis fault,9.27,5.01,TECH-002,Operator error,Part replacement,servo_drive,electrical,electrical,servo_amplifier,493.15,6,1.49
F02018,VMC-G1,2025-02-23,Coolant system failure,5.37,5.12,TECH-001,Design limitation,Operator retraining,coolant_system,hydraulic,hydraulic,coolant_pump,262.6,2,0.96
F02019,VMC-G1,2025-02-24,Spindle overload,7.27,6.66,TECH-006,Material defect,Vendor notified,spindle,electrical,electrical,spindle_motor_controller,679.6,9,2.49
F02020,VMC-G1,2025-02-25,Spindle overload,4.6,8.33,TECH-005,Overloading,Vendor notified,spindle,electrical,electrical,spindle_motor_controller,377.28,6,3.31
F02021,VMC-G1,2025-02-26,Coolant system failure,8.98,4.03,TECH-003,Design limitation,Operator retraining,coolant_system,hydraulic,hydraulic,coolant_pump,228.98,5,0.94
F02022,VMC-G1,2025-03-03,Axis fault,11.27,5.37,TECH-002,Lack of preventive maintenance,Operator retraining,servo_drive,electrical,electrical,servo_amplifier,436.53,7,2.0
F02023,VMC-G1,2025-03-04,Tool changer jam,10.96,8.46,TECH-005,Design limitation,Part replacement,tool_changer,mechanical,mechanical,tool_changer_actuator,291.42,3,1.97
F02024,VMC-G1,2025-03-06,Axis fault,5.02,7.29,TECH-004,Operator error,Operator retraining,servo_drive,electrical,electrical,servo_amplifier,663.24,8,1.88
F02025,VMC-G1,2025-03-08,Tool changer jam,10.82,7.31,TECH-007,Component wear,Part replacement,tool_changer,mechanical,mechanical,tool_changer_actuator,263.84,6,1.43
F02026,VMC-G1,2025-03-09,Coolant system failure,9.13,7.14,TECH-005,Calibration drift,Recalibration,coolant_system,hydraulic,hydraulic,coolant_pump,213.26,2,2.06
F02027,VMC-G1,2025-03-12,Axis fault,10.05,7.17,TECH-004,Calibration drift,Part replacement,servo_drive,electrical,electrical,servo_amplifier,621.09,10,2.18
F02028,VMC-G1,2025-03-23,Tool changer jam,11.0,7.49,TECH-008,Material defect,Vendor notified,tool_changer,mechanical,mechanical,tool_changer_actuator,291.82,6,1.69
F02029,VMC-G1,2025-03-26,Drive module failure,10.31,7.39,TECH-006,Calibration drift,Operator retraining,servo_drive,electrical,electrical,servo_amplifier,518.33,8,2.35
F02030,VMC-G1,2025-03-27,Drive module failure,5.24,9.16,TECH-003,Contamination,Vendor notified,servo_drive,electrical,electrical,servo_amplifier,617.69,7,3.64
F02031,VMC-G1,2025-03-29,Coolant system failure,6.09,8.02,TECH-008,Contamination,PM schedule updated,coolant_system,hydraulic,hydraulic,coolant_pump,228.55,3,1.38
F02032,VMC-G1,2025-03-30,Drive module failure,6.34,4.4,TECH-007,Contamination,Operator retraining,servo_drive,electrical,electrical,servo_amplifier,544.5,8,1.57
F02033,VMC-G1,2025-03-31,Coolant system failure,8.38,7.76,TECH-008,Calibration drift,Design modification,coolant_system,hydraulic,hydraulic,coolant_pump,219.02,3,1.65
F02034,VMC-G1,2025-04-04,Drive module failure,8.72,7.36,TECH-003,Contamination,Design modification,servo_drive,electrical,electrical,servo_amplifier,404.24,9,2.87
F02035,VMC-G1,2025-04-06,Drive module failure,8.27,4.27,TECH-003,Material defect,Vendor notified,servo_drive,electrical,electrical,servo_amplifier,574.39,9,1.33
F02036,VMC-G1,2025-04-07,Drive module failure,10.33,4.41,TECH-001,Operator error,Design modification,servo_drive,electrical,electrical,servo_amplifier,820.56,11,1.29
F02037,VMC-G1,2025-04-08,Axis fault,11.25,6.17,TECH-004,Contamination,Operator retraining,servo_drive,electrical,electrical,servo_amplifier,573.75,5,1.86
F02038,VMC-G1,2025-04-09,Drive module failure,7.97,4.52,TECH-007,Overloading,Recalibration,servo_drive,electrical,electrical,servo_amplifier,551.25,11,1.8
F02039,VMC-G1,2025-04-10,Spindle overload,8.4,4.86,TECH-004,Calibration drift,Recalibration,spindle,electrical,electrical,spindle_motor_controller,520.02,5,1.68
F02040,VMC-G1,2025-04-13,Spindle overload,9.47,6.45,TECH-002,Calibration drift,Recalibration,spindle,electrical,electrical,spindle_motor_controller,618.05,10,2.45
F02041,VMC-G1,2025-04-18,Tool changer jam,7.79,5.87,TECH-005,Material defect,Design modification,tool_changer,mechanical,mechanical,tool_changer_actuator,366.45,7,0.9
F02042,VMC-G1,2025-04-20,Spindle overload,9.7,6.73,TECH-001,Design limitation,Part replacement,spindle,electrical,electrical,spindle_motor_controller,541.19,7,2.52
F02043,VMC-G1,2025-04-21,Spindle overload,9.89,5.13,TECH-005,Calibration drift,Part replacement,spindle,electrical,electrical,spindle_motor_controller,482.19,11,1.5
F02044,VMC-G1,2025-04-22,Drive module failure,7.07,8.11,TECH-005,Contamination,Operator retraining,servo_drive,electrical,electrical,servo_amplifier,619.69,6,3.05
F02045,VMC-G1,2025-04-23,Tool changer jam,7.43,8.84,TECH-001,Calibration drift,Part replacement,tool_changer,mechanical,mechanical,tool_changer_actuator,264.66,5,2.32
F02046,VMC-G1,2025-04-24,Tool changer jam,7.44,7.86,TECH-007,Operator error,Operator retraining,tool_changer,mechanical,mechanical,tool_changer_actuator,463.37,6,1.32
F02047,VMC-G1,2025-04-26,Tool changer jam,6.98,6.11,TECH-001,Overloading,Part replacement,tool_changer,mechanical,mechanical,tool_changer_actuator,460.86,3,1.62
F02048,PB-G1,2024-01-12,Pump clog,3.49,2.7,TECH-002,Material defect,Vendor notified,coolant_system,hydraulic,hydraulic,coolant_filter,19.99,2,0.27
F02049,PB-G1,2024-01-26,Atomizer wear,2.77,2.34,TECH-006,Material defect,Design modification,spray_system,mechanical,mechanical,atomizer_nozzle,165.28,4,0.39
F02050,PB-G1,2024-02-29,Atomizer wear,3.63,2.59,TECH-004,Overloading,Part replacement,spray_system,mechanical,mechanical,atomizer_nozzle,155.37,3,0.47
F02051,PB-G1,2024-03-01,Pump clog,4.03,3.22,TECH-008,Operator error,Design modification,coolant_system,hydraulic,hydraulic,coolant_filter,19.55,2,0.23
F02052,PB-G1,2024-03-02,Control panel fault,2.85,3.14,TECH-001,Design limitation,Design modification,control_panel,electrical,electrical,hmi_board,619.18,10,1.56
F02053,PB-G1,2024-03-03,Atomizer wear,2.54,2.47,TECH-005,Component wear,Part replacement,spray_system,mechanical,mechanical,atomizer_nozzle,118.45,5,0.33
F02054,PB-G1,2024-03-05,Filter saturation,2.82,2.71,TECH-002,Material defect,Operator retraining,filtration_system,mechanical,mechanical,paint_filter_set,52.84,1,0.25
F02055,PB-G1,2024-03-10,Filter saturation,4.3,2.53,TECH-007,Lack of preventive maintenance,PM schedule updated,filtration_system,mechanical,mechanical,paint_filter_set,54.0,2,0.13
F02056,PB-G1,2024-03-11,Atomizer wear,2.39,3.14,TECH-004,Calibration drift,Vendor notified,spray_system,mechanical,mechanical,atomizer_nozzle,107.97,2,0.71
F02057,PB-G1,2024-04-04,Filter saturation,3.34,2.7,TECH-001,Calibration drift,Operator retraining,filtration_system,mechanical,mechanical,paint_filter_set,60.32,1,0.18
F02058,PB-G1,2024-04-07,Control panel fault,2.95,2.4,TECH-006,Operator error,Operator retraining,control_panel,electrical,electrical,hmi_board,623.89,11,0.88
F02059,PB-G1,2024-04-12,Atomizer wear,2.83,3.13,TECH-002,Operator error,Part replacement,spray_system,mechanical,mechanical,atomizer_nozzle,196.07,2,0.54
F02060,PB-G1,2024-04-14,Atomizer wear,3.67,2.35,TECH-004,Component wear,Part replacement,spray_system,mechanical,mechanical,atomizer_nozzle,204.67,5,0.33
F02061,PB-G1,2024-04-15,Filter saturation,3.41,2.67,TECH-008,Contamination,Design modification,filtration_system,mechanical,mechanical,paint_filter_set,62.24,1,0.2
F02062,PB-G1,2024-04-17,Filter saturation,4.21,2.86,TECH-007,Operator error,Design modification,filtration_system,mechanical,mechanical,paint_filter_set,39.3,1,0.15
F02063,PB-G1,2024-04-18,Atomizer wear,3.19,2.9,TECH-001,Contamination,Part replacement,spray_system,mechanical,mechanical,atomizer_nozzle,75.54,3,0.55
F02064,PB-G1,2024-04-23,Conveyor jam,3.91,2.55,TECH-001,Design limitation,Recalibration,conveyor_system,mechanical,mechanical,conveyor_chain,208.32,4,0.37
F02065,PB-G1,2024-04-26,Filter saturation,3.03,3.07,TECH-004,Calibration drift,Operator retraining,filtration_system,mechanical,mechanical,paint_filter_set,79.54,1,0.17
F02066,PB-G1,2024-05-01,Control panel fault,3.6,2.79,TECH-002,Component wear,Vendor notified,control_panel,electrical,electrical,hmi_board,433.59,14,1.2
F02067,PB-G1,2024-05-02,Pump clog,1.51,2.44,TECH-008,Operator error,Design modification,coolant_system,hydraulic,hydraulic,coolant_filter,45.14,2,0.3
F02068,PB-G1,2024-05-03,Conveyor jam,2.46,2.13,TECH-004,Design limitation,Operator retraining,conveyor_system,mechanical,mechanical,conveyor_chain,140.45,4,0.32
F02069,PB-G1,2024-05-04,Atomizer wear,1.62,2.92,TECH-001,Material defect,Vendor notified,spray_system,mechanical,mechanical,atomizer_nozzle,178.88,5,0.66
F02070,PB-G1,2024-05-14,Filter saturation,2.43,2.89,TECH-003,Calibration drift,Design modification,filtration_system,mechanical,mechanical,paint_filter_set,30.44,2,0.17
F02071,PB-G1,2024-06-07,Filter saturation,2.24,2.47,TECH-004,Design limitation,Operator retraining,filtration_system,mechanical,mechanical,paint_filter_set,30.52,1,0.12
F02072,PB-G1,2024-06-19,Pump clog,2.83,2.55,TECH-002,Component wear,Vendor notified,coolant_system,hydraulic,hydraulic,coolant_filter,36.66,1,0.26
F02073,PB-G1,2024-06-20,Conveyor jam,2.9,2.9,TECH-005,Contamination,PM schedule updated,conveyor_system,mechanical,mechanical,conveyor_chain,249.87,5,0.29
F02074,PB-G1,2024-07-06,Control panel fault,2.15,2.61,TECH-003,Calibration drift,PM schedule updated,control_panel,electrical,electrical,hmi_board,529.34,10,0.81
F02075,PB-G1,2024-07-07,Control panel fault,2.31,2.53,TECH-002,Design limitation,Vendor notified,control_panel,electrical,electrical,hmi_board,600.48,9,1.03
F02076,PB-G1,2024-07-09,Control panel fault,2.92,2.91,TECH-004,Contamination,PM schedule updated,control_panel,electrical,electrical,hmi_board,611.12,7,1.21
F02077,PB-G1,2024-07-28,Conveyor jam,2.36,2.31,TECH-004,Contamination,Design modification,conveyor_system,mechanical,mechanical,conveyor_chain,239.73,4,0.27
F02078,PB-G1,2024-08-06,Filter saturation,2.82,3.16,TECH-003,Design limitation,Recalibration,filtration_system,mechanical,mechanical,paint_filter_set,63.1,2,0.3
F02079,PB-G1,2024-08-15,Conveyor jam,2.4,2.98,TECH-004,Calibration drift,Design modification,conveyor_system,mechanical,mechanical,conveyor_chain,314.72,6,0.45
F02080,PB-G1,2024-08-21,Conveyor jam,3.89,3.04,TECH-004,Material defect,Design modification,conveyor_system,mechanical,mechanical,conveyor_chain,269.43,5,0.55
F02081,PB-G1,2024-09-03,Atomizer wear,3.23,2.22,TECH-006,Material defect,Operator retraining,spray_system,mechanical,mechanical,atomizer_nozzle,112.31,4,0.28
F02082,PB-G1,2024-09-08,Control panel fault,2.87,3.14,TECH-006,Component wear,PM schedule updated,control_panel,electrical,electrical,hmi_board,449.9,8,1.05
F02083,PB-G1,2024-09-15,Control panel fault,2.97,3.8,TECH-007,Lack of preventive maintenance,Part replacement,control_panel,electrical,electrical,hmi_board,287.3,14,1.85
F02084,PB-G1,2024-09-16,Atomizer wear,4.57,2.04,TECH-005,Overloading,Recalibration,spray_system,mechanical,mechanical,atomizer_nozzle,85.58,2,0.23
F02085,PB-G1,2024-09-18,Atomizer wear,4.05,2.42,TECH-002,Calibration drift,Operator retraining,spray_system,mechanical,mechanical,atomizer_nozzle,140.42,5,0.59
F02086,PB-G1,2024-09-22,Conveyor jam,3.35,2.72,TECH-001,Lack of preventive maintenance,Part replacement,conveyor_system,mechanical,mechanical,conveyor_chain,301.75,4,0.44
F02087,PB-G1,2024-09-24,Pump clog,2.43,2.38,TECH-007,Material defect,Part replacement,coolant_system,hydraulic,hydraulic,coolant_filter,34.6,1,0.13
F02088,PB-G1,2024-10-12,Conveyor jam,2.9,2.47,TECH-005,Design limitation,Operator retraining,conveyor_system,mechanical,mechanical,conveyor_chain,175.03,4,0.29
F02089,PB-G1,2024-10-14,Conveyor jam,3.19,3.17,TECH-006,Material defect,Recalibration,conveyor_system,mechanical,mechanical,conveyor_chain,135.99,4,0.36
F02090,PB-G1,2024-10-15,Filter saturation,1.9,2.07,TECH-007,Material defect,Design modification,filtration_system,mechanical,mechanical,paint_filter_set,33.35,2,0.15
F02091,PB-G1,2024-10-22,Control panel fault,3.31,2.44,TECH-005,Calibration drift,Part replacement,control_panel,electrical,electrical,hmi_board,443.64,14,0.73
F02092,PB-G1,2024-10-23,Atomizer wear,3.3,2.21,TECH-003,Component wear,Recalibration,spray_system,mechanical,mechanical,atomizer_nozzle,102.98,2,0.3
F02093,PB-G1,2024-10-25,Atomizer wear,4.12,2.51,TECH-007,Calibration drift,Recalibration,spray_system,mechanical,mechanical,atomizer_nozzle,191.04,2,0.4
F02094,PB-G1,2024-10-27,Atomizer wear,3.44,2.08,TECH-008,Component wear,Vendor notified,spray_system,mechanical,mechanical,atomizer_nozzle,133.73,5,0.43
F02095,PB-G1,2024-11-14,Pump clog,3.74,1.83,TECH-005,Material defect,Vendor notified,coolant_system,hydraulic,hydraulic,coolant_filter,41.2,2,0.11
F02096,PB-G1,2024-11-19,Conveyor jam,3.22,1.91,TECH-001,Calibration drift,Design modification,conveyor_system,mechanical,mechanical,conveyor_chain,204.71,3,0.35
F02097,PB-G1,2024-11-26,Conveyor jam,3.54,1.92,TECH-003,Operator error,Design modification,conveyor_system,mechanical,mechanical,conveyor_chain,143.44,7,0.28
F02098,PB-G1,2024-12-11,Atomizer wear,2.81,2.22,TECH-004,Material defect,PM schedule updated,spray_system,mechanical,mechanical,atomizer_nozzle,112.89,3,0.38
F02099,PB-G1,2024-12-14,Filter saturation,2.82,3.28,TECH-007,Calibration drift,Part replacement,filtration_system,mechanical,mechanical,paint_filter_set,61.96,1,0.2
F02100,PB-G1,2024-12-23,Pump clog,2.0,2.22,TECH-008,Lack of preventive maintenance,Operator retraining,coolant_system,hydraulic,hydraulic,coolant_filter,21.81,2,0.29
F02101,PB-G1,2024-12-30,Atomizer wear,2.9,2.58,TECH-008,Overloading,Part replacement,spray_system,mechanical,mechanical,atomizer_nozzle,144.5,4,0.36
F02102,PB-G1,2025-01-03,Conveyor jam,2.66,2.82,TECH-008,Component wear,Recalibration,conveyor_system,mechanical,mechanical,conveyor_chain,279.83,3,0.6
F02103,PB-G1,2025-01-05,Control panel fault,2.22,2.19,TECH-004,Lack of preventive maintenance,Operator retraining,control_panel,electrical,electrical,hmi_board,604.05,14,0.84
F02104,PB-G1,2025-01-08,Filter saturation,3.02,2.28,TECH-002,Lack of preventive maintenance,PM schedule updated,filtration_system,mechanical,mechanical,paint_filter_set,50.19,2,0.14
F02105,PB-G1,2025-01-09,Conveyor jam,3.75,2.27,TECH-003,Overloading,PM schedule updated,conveyor_system,mechanical,mechanical,conveyor_chain,248.41,4,0.28
F02106,PB-G1,2025-01-26,Filter saturation,3.3,2.97,TECH-002,Material defect,Part replacement,filtration_system,mechanical,mechanical,paint_filter_set,74.05,2,0.2
F02107,PB-G1,2025-02-03,Filter saturation,1.82,2.11,TECH-005,Calibration drift,Operator retraining,filtration_system,mechanical,mechanical,paint_filter_set,30.59,2,0.2
F02108,PB-G1,2025-02-21,Filter saturation,3.12,3.4,TECH-002,Operator error,Part replacement,filtration_system,mechanical,mechanical,paint_filter_set,75.68,1,0.25
F02109,PB-G1,2025-02-23,Atomizer wear,3.19,1.9,TECH-006,Component wear,Recalibration,spray_system,mechanical,mechanical,atomizer_nozzle,213.67,4,0.43
F02110,PB-G1,2025-03-01,Conveyor jam,3.51,3.31,TECH-003,Design limitation,Design modification,conveyor_system,mechanical,mechanical,conveyor_chain,291.24,7,0.52
F02111,PB-G1,2025-03-14,Atomizer wear,1.41,2.49,TECH-003,Component wear,Part replacement,spray_system,mechanical,mechanical,atomizer_nozzle,184.69,5,0.52
F02112,PB-G1,2025-03-19,Control panel fault,3.32,2.19,TECH-006,Design limitation,Operator retraining,control_panel,electrical,electrical,hmi_board,345.78,11,0.98
F02113,PB-G1,2025-03-21,Filter saturation,3.16,2.72,TECH-003,Lack of preventive maintenance,Part replacement,filtration_system,mechanical,mechanical,paint_filter_set,77.79,1,0.27
F02114,PB-G1,2025-04-23,Control panel fault,3.41,2.81,TECH-008,Overloading,Design modification,control_panel,electrical,electrical,hmi_board,420.0,9,0.96
F02115,PB-G1,2025-04-29,Control panel fault,2.25,2.85,TECH-006,Overloading,PM schedule updated,control_panel,electrical,electrical,hmi_board,321.55,8,1.17
F02116,CF-G1,2024-01-05,Temperature sensor fault,3.39,3.98,TECH-004,Operator error,Design modification,temperature_control,electrical,electrical,thermocouple_probe,61.65,5,1.28
F02117,CF-G1,2024-02-15,Control board failure,5.12,3.67,TECH-007,Overloading,PM schedule updated,control_panel,electrical,electrical,plc_module,852.32,16,1.89
F02118,CF-G1,2024-02-18,Temperature sensor fault,4.48,4.49,TECH-004,Overloading,Vendor notified,temperature_control,electrical,electrical,thermocouple_probe,89.45,3,1.58
F02119,CF-G1,2024-02-28,Heating element failure,3.28,4.33,TECH-005,Overloading,Recalibration,heating_element,electrical,electrical,resistance_heating_rod,277.96,6,1.08
F02120,CF-G1,2024-02-29,Conveyor motor fault,6.9,2.99,TECH-008,Overloading,Operator retraining,conveyor_system,electrical,electrical,motor_starter,239.26,8,0.65
F02121,CF-G1,2024-03-09,Heating element failure,4.24,4.39,TECH-007,Lack of preventive maintenance,Recalibration,heating_element,electrical,electrical,resistance_heating_rod,270.73,5,1.52
F02122,CF-G1,2024-04-01,Conveyor motor fault,6.97,2.91,TECH-006,Lack of preventive maintenance,PM schedule updated,conveyor_system,electrical,electrical,motor_starter,257.18,6,0.59
F02123,CF-G1,2024-04-05,Control board failure,3.48,4.76,TECH-002,Design limitation,PM schedule updated,control_panel,electrical,electrical,plc_module,1098.43,7,1.78
F02124,CF-G1,2024-04-18,Control board failure,4.47,3.93,TECH-002,Contamination,PM schedule updated,control_panel,electrical,electrical,plc_module,730.83,21,1.46
F02125,CF-G1,2024-04-19,Temperature sensor fault,5.44,3.77,TECH-003,Design limitation,Part replacement,temperature_control,electrical,electrical,thermocouple_probe,70.76,5,1.02
F02126,CF-G1,2024-04-20,Temperature sensor fault,5.08,4.95,TECH-008,Overloading,PM schedule updated,temperature_control,electrical,electrical,thermocouple_probe,87.14,3,1.33
F02127,CF-G1,2024-05-02,Conveyor motor fault,3.18,4.28,TECH-006,Lack of preventive maintenance,Design modification,conveyor_system,electrical,electrical,motor_starter,272.03,6,1.64
F02128,CF-G1,2024-05-08,Control board failure,6.3,3.1,TECH-001,Operator error,Recalibration,control_panel,electrical,electrical,plc_module,913.65,7,1.18
F02129,CF-G1,2024-05-29,Control board failure,3.53,4.82,TECH-005,Component wear,Recalibration,control_panel,electrical,electrical,plc_module,650.92,18,2.49
F02130,CF-G1,2024-06-09,Conveyor motor fault,5.35,5.05,TECH-007,Material defect,Part replacement,conveyor_system,electrical,electrical,motor_starter,185.08,6,1.16
F02131,CF-G1,2024-06-10,Control board failure,5.44,4.03,TECH-004,Overloading,Recalibration,control_panel,electrical,electrical,plc_module,700.04,20,2.14
F02132,CF-G1,2024-06-14,Heating element failure,1.47,2.99,TECH-001,Operator error,Recalibration,heating_element,electrical,electrical,resistance_heating_rod,242.25,8,0.8
F02133,CF-G1,2024-06-29,Temperature sensor fault,4.67,4.91,TECH-004,Calibration drift,Recalibration,temperature_control,electrical,electrical,thermocouple_probe,96.97,3,1.22
F02134,CF-G1,2024-07-19,Control board failure,4.31,4.01,TECH-006,Contamination,Operator retraining,control_panel,electrical,electrical,plc_module,711.88,18,1.56
F02135,CF-G1,2024-08-12,Conveyor motor fault,4.72,5.02,TECH-006,Component wear,Vendor notified,conveyor_system,electrical,electrical,motor_starter,365.02,4,1.67
F02136,CF-G1,2024-08-21,Conveyor motor fault,4.5,3.05,TECH-004,Material defect,Part replacement,conveyor_system,electrical,electrical,motor_starter,378.21,7,0.78
F02137,CF-G1,2024-08-25,Conveyor motor fault,4.4,5.88,TECH-008,Overloading,Part replacement,conveyor_system,electrical,electrical,motor_starter,258.22,7,2.2
F02138,CF-G1,2024-09-18,Temperature sensor fault,4.06,5.52,TECH-003,Material defect,Recalibration,temperature_control,electrical,electrical,thermocouple_probe,82.85,2,1.43
F02139,CF-G1,2024-10-04,Temperature sensor fault,4.82,5.74,TECH-006,Overloading,Vendor notified,temperature_control,electrical,electrical,thermocouple_probe,43.35,4,2.01
F02140,CF-G1,2024-10-08,Heating element failure,3.88,3.73,TECH-003,Calibration drift,Vendor notified,heating_element,electrical,electrical,resistance_heating_rod,298.21,9,0.9
F02141,CF-G1,2024-10-09,Control board failure,3.82,5.54,TECH-007,Overloading,Recalibration,control_panel,electrical,electrical,plc_module,1328.84,13,2.57
F02142,CF-G1,2024-10-13,Conveyor motor fault,5.87,3.9,TECH-002,Design limitation,Recalibration,conveyor_system,electrical,electrical,motor_starter,334.48,7,1.49
F02143,CF-G1,2024-10-18,Control board failure,7.55,3.97,TECH-004,Overloading,Operator retraining,control_panel,electrical,electrical,plc_module,1341.21,16,1.6
F02144,CF-G1,2024-11-01,Heating element failure,4.43,5.07,TECH-006,Component wear,Design modification,heating_element,electrical,electrical,resistance_heating_rod,224.11,8,1.84
F02145,CF-G1,2024-11-04,Temperature sensor fault,4.44,4.23,TECH-002,Lack of preventive maintenance,Recalibration,temperature_control,electrical,electrical,thermocouple_probe,87.63,2,0.97
F02146,CF-G1,2024-11-10,Heating element failure,4.27,4.02,TECH-001,Lack of preventive maintenance,Operator retraining,heating_element,electrical,electrical,resistance_heating_rod,355.55,5,1.52
F02147,CF-G1,2024-11-11,Conveyor motor fault,7.1,5.71,TECH-006,Operator error,Part replacement,conveyor_system,electrical,electrical,motor_starter,408.2,4,2.04
F02148,CF-G1,2024-11-12,Temperature sensor fault,4.6,4.34,TECH-001,Lack of preventive maintenance,Recalibration,temperature_control,electrical,electrical,thermocouple_probe,101.77,3,1.14
F02149,CF-G1,2024-11-24,Control board failure,6.59,3.1,TECH-002,Design limitation,Design modification,control_panel,electrical,electrical,plc_module,699.18,14,0.95
F02150,CF-G1,2024-11-26,Conveyor motor fault,5.04,3.74,TECH-003,Operator error,Operator retraining,conveyor_system,electrical,electrical,motor_starter,321.35,8,1.23
F02151,CF-G1,2024-12-03,Temperature sensor fault,4.69,5.15,TECH-008,Material defect,Vendor notified,temperature_control,electrical,electrical,thermocouple_probe,90.5,3,1.77
F02152,CF-G1,2024-12-05,Heating element failure,3.94,4.45,TECH-008,Calibration drift,PM schedule updated,heating_element,electrical,electrical,resistance_heating_rod,188.02,6,1.63
F02153,CF-G1,2024-12-28,Control board failure,4.19,5.09,TECH-007,Material defect,PM schedule updated,control_panel,electrical,electrical,plc_module,759.68,19,2.52
F02154,CF-G1,2025-01-05,Heating element failure,5.13,4.86,TECH-001,Operator error,Part replacement,heating_element,electrical,electrical,resistance_heating_rod,181.29,9,1.2
F02155,CF-G1,2025-01-12,Control board failure,5.22,4.26,TECH-003,Component wear,Vendor notified,control_panel,electrical,electrical,plc_module,1218.87,16,1.48
F02156,CF-G1,2025-01-13,Heating element failure,5.03,2.79,TECH-008,Overloading,Operator retraining,heating_element,electrical,electrical,resistance_heating_rod,246.61,5,1.08
F02157,CF-G1,2025-01-14,Conveyor motor fault,3.03,2.49,TECH-004,Calibration drift,Vendor notified,conveyor_system,electrical,electrical,motor_starter,312.66,5,0.99
F02158,CF-G1,2025-01-15,Temperature sensor fault,5.23,4.43,TECH-001,Lack of preventive maintenance,PM schedule updated,temperature_control,electrical,electrical,thermocouple_probe,73.71,3,1.27
F02159,CF-G1,2025-01-18,Control board failure,5.31,3.18,TECH-006,Calibration drift,Recalibration,control_panel,electrical,electrical,plc_module,917.55,11,1.21
F02160,CF-G1,2025-01-31,Conveyor motor fault,4.74,2.75,TECH-003,Lack of preventive maintenance,Recalibration,conveyor_system,electrical,electrical,motor_starter,343.52,4,0.57
F02161,CF-G1,2025-02-24,Conveyor motor fault,3.6,4.47,TECH-003,Lack of preventive maintenance,Recalibration,conveyor_system,electrical,electrical,motor_starter,342.05,4,1.24
F02162,CF-G1,2025-02-26,Heating element failure,2.41,2.78,TECH-003,Overloading,Part replacement,heating_element,electrical,electrical,resistance_heating_rod,170.9,6,0.86
F02163,CF-G1,2025-03-09,Conveyor motor fault,3.52,3.07,TECH-006,Lack of preventive maintenance,Part replacement,conveyor_system,electrical,electrical,motor_starter,353.69,6,0.71
F02164,CF-G1,2025-03-14,Heating element failure,5.44,3.16,TECH-003,Contamination,Vendor notified,heating_element,electrical,electrical,resistance_heating_rod,190.49,7,1.15
F02165,CF-G1,2025-03-22,Control board failure,4.68,3.05,TECH-004,Overloading,Vendor notified,control_panel,electrical,electrical,plc_module,799.47,8,1.17
F02166,CF-G1,2025-04-03,Conveyor motor fault,2.96,4.36,TECH-008,Lack of preventive maintenance,PM schedule updated,conveyor_system,electrical,electrical,motor_starter,221.24,7,1.51
F02167,CF-G1,2025-04-06,Temperature sensor fault,3.39,4.62,TECH-008,Overloading,Operator retraining,temperature_control,electrical,electrical,thermocouple_probe,74.08,3,1.81
F02168,CF-G1,2025-04-25,Conveyor motor fault,4.13,3.63,TECH-004,Calibration drift,PM schedule updated,conveyor_system,electrical,electrical,motor_starter,211.2,3,0.98
F02169,CF-G1,2025-04-27,Heating element failure,4.61,3.82,TECH-005,Overloading,PM schedule updated,heating_element,electrical,electrical,resistance_heating_rod,229.27,10,1.36
F02170,CF-G1,2025-04-28,Control board failure,4.91,4.56,TECH-004,Overloading,Part replacement,control_panel,electrical,electrical,plc_module,584.99,14,2.43
F02171,AS-G1,2024-01-27,Electrical short,1.28,0.85,TECH-007,Lack of preventive maintenance,Design modification,electrical_panel,electrical,electrical,circuit_breaker,68.05,3,0.31
F02172,AS-G1,2024-02-12,Sensor fault,1.14,0.66,TECH-001,Calibration drift,Design modification,sensor_package,electrical,electrical,proximity_sensor,119.01,5,0.21
F02173,AS-G1,2024-02-14,Pneumatic leak,1.07,0.86,TECH-004,Overloading,Design modification,pneumatic_system,hydraulic,hydraulic,pneumatic_fitting,22.72,1,0.1
F02174,AS-G1,2024-02-24,Pneumatic leak,1.39,1.26,TECH-007,Operator error,PM schedule updated,pneumatic_system,hydraulic,hydraulic,pneumatic_fitting,24.81,1,0.16
F02175,AS-G1,2024-03-03,Fixture misalignment,1.26,0.99,TECH-005,Component wear,Vendor notified,fixture_system,mechanical,mechanical,fixture_pin_set,65.99,3,0.18
F02176,AS-G1,2024-03-05,Torque tool calibration,1.19,1.12,TECH-004,Component wear,PM schedule updated,torque_system,software,automation,torque_transducer,405.71,7,0.37
F02177,AS-G1,2024-03-06,Electrical short,1.43,0.93,TECH-002,Operator error,Recalibration,electrical_panel,electrical,electrical,circuit_breaker,36.01,2,0.34
F02178,AS-G1,2024-03-23,Fixture misalignment,1.21,0.99,TECH-002,Design limitation,Recalibration,fixture_system,mechanical,mechanical,fixture_pin_set,122.27,4,0.29
F02179,AS-G1,2024-03-24,Electrical short,1.05,1.03,TECH-008,Operator error,Operator retraining,electrical_panel,electrical,electrical,circuit_breaker,44.77,1,0.28
F02180,AS-G1,2024-04-02,Pneumatic leak,1.18,1.08,TECH-006,Component wear,Operator retraining,pneumatic_system,hydraulic,hydraulic,pneumatic_fitting,28.12,2,0.1
F02181,AS-G1,2024-04-15,Pneumatic leak,0.98,0.96,TECH-002,Operator error,Recalibration,pneumatic_system,hydraulic,hydraulic,pneumatic_fitting,12.18,1,0.12
F02182,AS-G1,2024-04-16,Electrical short,1.49,1.31,TECH-004,Calibration drift,Vendor notified,electrical_panel,electrical,electrical,circuit_breaker,38.82,2,0.51
F02183,AS-G1,2024-04-19,Torque tool calibration,1.04,1.17,TECH-002,Overloading,Recalibration,torque_system,software,automation,torque_transducer,300.25,3,0.5
F02184,AS-G1,2024-04-20,Electrical short,0.95,0.84,TECH-002,Material defect,Vendor notified,electrical_panel,electrical,electrical,circuit_breaker,39.9,1,0.18
F02185,AS-G1,2024-05-12,Torque tool calibration,1.27,0.75,TECH-007,Contamination,Vendor notified,torque_system,software,automation,torque_transducer,339.76,6,0.24
F02186,AS-G1,2024-05-15,Fixture misalignment,1.27,0.97,TECH-001,Contamination,Part replacement,fixture_system,mechanical,mechanical,fixture_pin_set,122.38,2,0.15
F02187,AS-G1,2024-06-20,Torque tool calibration,1.6,0.88,TECH-001,Contamination,Operator retraining,torque_system,software,automation,torque_transducer,371.49,3,0.29
F02188,AS-G1,2024-06-21,Electrical short,1.42,0.78,TECH-002,Component wear,Operator retraining,electrical_panel,electrical,electrical,circuit_breaker,60.14,3,0.17
F02189,AS-G1,2024-06-26,Sensor fault,1.68,0.99,TECH-002,Lack of preventive maintenance,Vendor notified,sensor_package,electrical,electrical,proximity_sensor,94.5,4,0.39
F02190,AS-G1,2024-06-29,Sensor fault,0.99,1.34,TECH-001,Operator error,Part replacement,sensor_package,electrical,electrical,proximity_sensor,59.24,2,0.45
F02191,AS-G1,2024-07-22,Sensor fault,0.65,0.38,TECH-007,Component wear,PM schedule updated,sensor_package,electrical,electrical,proximity_sensor,52.65,5,0.11
F02192,AS-G1,2024-07-25,Electrical short,1.1,1.04,TECH-006,Operator error,Operator retraining,electrical_panel,electrical,electrical,circuit_breaker,63.53,1,0.42
F02193,AS-G1,2024-07-28,Sensor fault,1.18,1.04,TECH-006,Component wear,Vendor notified,sensor_package,electrical,electrical,proximity_sensor,44.15,2,0.28
F02194,AS-G1,2024-07-29,Electrical short,1.44,1.19,TECH-002,Contamination,Part replacement,electrical_panel,electrical,electrical,circuit_breaker,50.7,1,0.45
F02195,AS-G1,2024-07-30,Pneumatic leak,1.18,1.18,TECH-003,Material defect,Design modification,pneumatic_system,hydraulic,hydraulic,pneumatic_fitting,39.38,2,0.08
F02196,AS-G1,2024-08-12,Electrical short,1.23,1.16,TECH-002,Design limitation,Design modification,electrical_panel,electrical,electrical,circuit_breaker,53.55,3,0.41
F02197,AS-G1,2024-08-20,Pneumatic leak,1.45,1.12,TECH-005,Overloading,Part replacement,pneumatic_system,hydraulic,hydraulic,pneumatic_fitting,21.38,2,0.08
F02198,AS-G1,2024-08-28,Pneumatic leak,1.19,1.06,TECH-002,Lack of preventive maintenance,Part replacement,pneumatic_system,hydraulic,hydraulic,pneumatic_fitting,21.7,2,0.14
F02199,AS-G1,2024-09-15,Torque tool calibration,1.73,1.1,TECH-002,Design limitation,Recalibration,torque_system,software,automation,torque_transducer,228.88,7,0.4
F02200,AS-G1,2024-09-22,Pneumatic leak,0.71,0.87,TECH-006,Component wear,Recalibration,pneumatic_system,hydraulic,hydraulic,pneumatic_fitting,12.71,2,0.07
F02201,AS-G1,2024-09-30,Pneumatic leak,0.65,0.83,TECH-008,Material defect,Vendor notified,pneumatic_system,hydraulic,hydraulic,pneumatic_fitting,17.14,2,0.05
F02202,AS-G1,2024-10-10,Electrical short,1.57,1.44,TECH-004,Overloading,Part replacement,electrical_panel,electrical,electrical,circuit_breaker,66.82,2,0.54
F02203,AS-G1,2024-10-19,Fixture misalignment,1.48,0.81,TECH-008,Material defect,Part replacement,fixture_system,mechanical,mechanical,fixture_pin_set,89.54,2,0.17
F02204,AS-G1,2024-10-23,Electrical short,0.97,0.87,TECH-005,Contamination,Recalibration,electrical_panel,electrical,electrical,circuit_breaker,76.73,1,0.28
F02205,AS-G1,2024-10-27,Sensor fault,0.64,0.76,TECH-005,Material defect,Design modification,sensor_package,electrical,electrical,proximity_sensor,50.39,4,0.22
F02206,AS-G1,2024-11-12,Electrical short,1.42,1.15,TECH-008,Lack of preventive maintenance,Part replacement,electrical_panel,electrical,electrical,circuit_breaker,48.28,2,0.26
F02207,AS-G1,2024-11-16,Fixture misalignment,1.28,1.14,TECH-003,Operator error,Vendor notified,fixture_system,mechanical,mechanical,fixture_pin_set,143.36,3,0.2
F02208,AS-G1,2024-11-18,Fixture misalignment,1.15,0.86,TECH-001,Operator error,Vendor notified,fixture_system,mechanical,mechanical,fixture_pin_set,70.67,2,0.2
F02209,AS-G1,2024-11-22,Pneumatic leak,1.44,0.97,TECH-001,Material defect,Vendor notified,pneumatic_system,hydraulic,hydraulic,pneumatic_fitting,25.31,1,0.09
F02210,AS-G1,2024-11-23,Sensor fault,1.1,0.81,TECH-004,Calibration drift,Recalibration,sensor_package,electrical,electrical,proximity_sensor,97.9,2,0.21
F02211,AS-G1,2024-11-24,Sensor fault,1.11,0.92,TECH-006,Overloading,Operator retraining,sensor_package,electrical,electrical,proximity_sensor,117.97,5,0.22
F02212,AS-G1,2024-12-02,Fixture misalignment,1.06,0.8,TECH-003,Material defect,Operator retraining,fixture_system,mechanical,mechanical,fixture_pin_set,141.05,2,0.22
F02213,AS-G1,2024-12-05,Fixture misalignment,1.61,0.71,TECH-008,Calibration drift,PM schedule updated,fixture_system,mechanical,mechanical,fixture_pin_set,87.85,3,0.16
F02214,AS-G1,2024-12-09,Fixture misalignment,1.2,1.21,TECH-001,Lack of preventive maintenance,Vendor notified,fixture_system,mechanical,mechanical,fixture_pin_set,88.17,4,0.33
F02215,AS-G1,2024-12-14,Sensor fault,1.12,1.2,TECH-003,Design limitation,PM schedule updated,sensor_package,electrical,electrical,proximity_sensor,104.43,3,0.39
F02216,AS-G1,2024-12-15,Electrical short,1.24,0.78,TECH-002,Calibration drift,PM schedule updated,electrical_panel,electrical,electrical,circuit_breaker,50.9,1,0.16
F02217,AS-G1,2024-12-18,Sensor fault,1.23,1.13,TECH-008,Overloading,PM schedule updated,sensor_package,electrical,electrical,proximity_sensor,121.83,4,0.36
F02218,AS-G1,2024-12-19,Pneumatic leak,1.32,1.43,TECH-004,Calibration drift,Operator retraining,pneumatic_system,hydraulic,hydraulic,pneumatic_fitting,30.0,2,0.15
F02219,AS-G1,2024-12-21,Fixture misalignment,1.54,0.92,TECH-002,Design limitation,Vendor notified,fixture_system,mechanical,mechanical,fixture_pin_set,83.23,2,0.22
F02220,AS-G1,2024-12-24,Electrical short,1.2,1.09,TECH-005,Overloading,Part replacement,electrical_panel,electrical,electrical,circuit_breaker,69.6,3,0.32
F02221,AS-G1,2024-12-25,Sensor fault,1.34,0.97,TECH-005,Material defect,Vendor notified,sensor_package,electrical,electrical,proximity_sensor,65.89,5,0.26
F02222,AS-G1,2025-01-16,Electrical short,1.44,0.79,TECH-003,Calibration drift,Design modification,electrical_panel,electrical,electrical,circuit_breaker,38.92,1,0.26
F02223,AS-G1,2025-01-17,Electrical short,1.46,0.95,TECH-007,Contamination,Part replacement,electrical_panel,electrical,electrical,circuit_breaker,82.5,3,0.25
F02224,AS-G1,2025-01-22,Torque tool calibration,1.39,1.3,TECH-005,Design limitation,Design modification,torque_system,software,automation,torque_transducer,335.94,4,0.43
F02225,AS-G1,2025-01-23,Electrical short,0.73,1.22,TECH-006,Operator error,Operator retraining,electrical_panel,electrical,electrical,circuit_breaker,85.63,1,0.27
F02226,AS-G1,2025-01-28,Pneumatic leak,1.27,1.14,TECH-006,Contamination,Operator retraining,pneumatic_system,hydraulic,hydraulic,pneumatic_fitting,17.24,1,0.16
F02227,AS-G1,2025-02-08,Torque tool calibration,0.86,0.95,TECH-001,Operator error,Part replacement,torque_system,software,automation,torque_transducer,228.02,6,0.31
F02228,AS-G1,2025-02-14,Pneumatic leak,1.4,1.16,TECH-004,Calibration drift,Operator retraining,pneumatic_system,hydraulic,hydraulic,pneumatic_fitting,17.82,2,0.16
F02229,AS-G1,2025-02-20,Electrical short,1.19,0.91,TECH-008,Component wear,Recalibration,electrical_panel,electrical,electrical,circuit_breaker,37.18,3,0.27
F02230,AS-G1,2025-03-03,Sensor fault,1.23,1.09,TECH-001,Overloading,Part replacement,sensor_package,electrical,electrical,proximity_sensor,113.61,2,0.29
F02231,AS-G1,2025-04-11,Fixture misalignment,0.81,0.67,TECH-002,Contamination,Recalibration,fixture_system,mechanical,mechanical,fixture_pin_set,69.15,2,0.17
F02232,AS-G1,2025-04-18,Electrical short,1.39,1.08,TECH-004,Lack of preventive maintenance,Operator retraining,electrical_panel,electrical,electrical,circuit_breaker,80.74,3,0.38
F02233,AS-G1,2025-04-27,Pneumatic leak,0.78,0.93,TECH-008,Material defect,Operator retraining,pneumatic_system,hydraulic,hydraulic,pneumatic_fitting,32.95,2,0.08
F02234,AS-G2,2024-01-02,Electrical short,0.89,0.9,TECH-005,Lack of preventive maintenance,Operator retraining,electrical_panel,electrical,electrical,circuit_breaker,72.45,2,0.31
F02235,AS-G2,2024-01-12,Electrical short,1.49,0.78,TECH-003,Lack of preventive maintenance,Vendor notified,electrical_panel,electrical,electrical,circuit_breaker,86.94,1,0.2
F02236,AS-G2,2024-01-13,Sensor fault,1.04,0.87,TECH-004,Component wear,Recalibration,sensor_package,electrical,electrical,proximity_sensor,82.63,4,0.28
F02237,AS-G2,2024-01-15,Fixture misalignment,1.24,0.93,TECH-004,Component wear,PM schedule updated,fixture_system,mechanical,mechanical,fixture_pin_set,95.13,3,0.22
F02238,AS-G2,2024-01-20,Fixture misalignment,0.98,0.79,TECH-001,Operator error,Vendor notified,fixture_system,mechanical,mechanical,fixture_pin_set,58.82,4,0.19
F02239,AS-G2,2024-02-10,Sensor fault,1.19,1.14,TECH-007,Component wear,Vendor notified,sensor_package,electrical,electrical,proximity_sensor,94.59,4,0.32
F02240,AS-G2,2024-02-11,Pneumatic leak,1.33,0.78,TECH-003,Contamination,Part replacement,pneumatic_system,hydraulic,hydraulic,pneumatic_fitting,29.23,2,0.08
F02241,AS-G2,2024-02-17,Pneumatic leak,0.85,0.55,TECH-002,Component wear,Recalibration,pneumatic_system,hydraulic,hydraulic,pneumatic_fitting,27.95,1,0.08
F02242,AS-G2,2024-02-18,Fixture misalignment,0.83,1.0,TECH-005,Contamination,Operator retraining,fixture_system,mechanical,mechanical,fixture_pin_set,137.21,2,0.23
F02243,AS-G2,2024-02-19,Electrical short,1.41,0.9,TECH-004,Calibration drift,Operator retraining,electrical_panel,electrical,electrical,circuit_breaker,62.51,1,0.29
F02244,AS-G2,2024-02-20,Sensor fault,1.23,0.73,TECH-005,Material defect,Vendor notified,sensor_package,electrical,electrical,proximity_sensor,77.62,2,0.25
F02245,AS-G2,2024-03-05,Sensor fault,1.17,0.8,TECH-007,Calibration drift,Part replacement,sensor_package,electrical,electrical,proximity_sensor,45.91,3,0.21
F02246,AS-G2,2024-03-23,Pneumatic leak,1.39,1.08,TECH-004,Operator error,Design modification,pneumatic_system,hydraulic,hydraulic,pneumatic_fitting,31.55,2,0.12
F02247,AS-G2,2024-03-28,Fixture misalignment,1.38,0.77,TECH-001,Component wear,Design modification,fixture_system,mechanical,mechanical,fixture_pin_set,77.74,2,0.21
F02248,AS-G2,2024-04-15,Pneumatic leak,1.14,0.77,TECH-002,Material defect,Design modification,pneumatic_system,hydraulic,hydraulic,pneumatic_fitting,30.17,1,0.04
F02249,AS-G2,2024-04-22,Sensor fault,0.9,1.09,TECH-005,Contamination,Design modification,sensor_package,electrical,electrical,proximity_sensor,78.76,3,0.36
F02250,AS-G2,2024-04-23,Fixture misalignment,1.2,1.07,TECH-003,Material defect,Vendor notified,fixture_system,mechanical,mechanical,fixture_pin_set,111.47,2,0.16
F02251,AS-G2,2024-05-01,Pneumatic leak,0.7,0.87,TECH-007,Operator error,Vendor notified,pneumatic_system,hydraulic,hydraulic,pneumatic_fitting,30.23,1,0.11
F02252,AS-G2,2024-05-13,Sensor fault,0.68,0.97,TECH-001,Lack of preventive maintenance,Part replacement,sensor_package,electrical,electrical,proximity_sensor,46.89,4,0.25
F02253,AS-G2,2024-05-26,Pneumatic leak,1.15,0.63,TECH-002,Contamination,Recalibration,pneumatic_system,hydraulic,hydraulic,pneumatic_fitting,24.64,2,0.06
F02254,AS-G2,2024-06-07,Pneumatic leak,1.21,0.68,TECH-004,Calibration drift,Part replacement,pneumatic_system,hydraulic,hydraulic,pneumatic_fitting,14.13,1,0.04
F02255,AS-G2,2024-06-12,Pneumatic leak,1.39,0.74,TECH-001,Component wear,PM schedule updated,pneumatic_system,hydraulic,hydraulic,pneumatic_fitting,32.06,2,0.09
F02256,AS-G2,2024-06-15,Electrical short,0.85,0.62,TECH-005,Design limitation,PM schedule updated,electrical_panel,electrical,electrical,circuit_breaker,30.98,1,0.19
F02257,AS-G2,2024-06-16,Electrical short,0.93,0.87,TECH-008,Design limitation,Operator retraining,electrical_panel,electrical,electrical,circuit_breaker,52.27,1,0.31
F02258,AS-G2,2024-06-22,Sensor fault,1.1,0.8,TECH-001,Contamination,Operator retraining,sensor_package,electrical,electrical,proximity_sensor,73.17,5,0.26
F02259,AS-G2,2024-06-27,Pneumatic leak,0.78,0.89,TECH-001,Lack of preventive maintenance,Vendor notified,pneumatic_system,hydraulic,hydraulic,pneumatic_fitting,18.83,2,0.05
F02260,AS-G2,2024-06-29,Sensor fault,1.09,1.07,TECH-002,Contamination,Vendor notified,sensor_package,electrical,electrical,proximity_sensor,78.07,4,0.25
F02261,AS-G2,2024-07-05,Electrical short,0.81,0.87,TECH-002,Material defect,Operator retraining,electrical_panel,electrical,electrical,circuit_breaker,82.77,1,0.28
F02262,AS-G2,2024-07-06,Sensor fault,1.06,1.03,TECH-006,Lack of preventive maintenance,PM schedule updated,sensor_package,electrical,electrical,proximity_sensor,71.91,3,0.27
F02263,AS-G2,2024-07-09,Pneumatic leak,1.25,1.11,TECH-001,Calibration drift,Part replacement,pneumatic_system,hydraulic,hydraulic,pneumatic_fitting,18.09,2,0.14
F02264,AS-G2,2024-07-13,Electrical short,1.1,1.14,TECH-008,Contamination,Part replacement,electrical_panel,electrical,electrical,circuit_breaker,36.26,3,0.4
F02265,AS-G2,2024-07-25,Electrical short,1.2,0.46,TECH-003,Component wear,Part replacement,electrical_panel,electrical,electrical,circuit_breaker,53.95,2,0.14
F02266,AS-G2,2024-07-26,Torque tool calibration,1.28,0.51,TECH-005,Operator error,Design modification,torque_system,software,automation,torque_transducer,198.16,3,0.17
F02267,AS-G2,2024-08-16,Sensor fault,1.06,0.76,TECH-003,Calibration drift,Operator retraining,sensor_package,electrical,electrical,proximity_sensor,99.77,5,0.29
F02268,AS-G2,2024-09-03,Fixture misalignment,1.08,1.02,TECH-002,Overloading,PM schedule updated,fixture_system,mechanical,mechanical,fixture_pin_set,115.17,2,0.28
F02269,AS-G2,2024-09-05,Torque tool calibration,1.01,0.81,TECH-005,Component wear,Design modification,torque_system,software,automation,torque_transducer,321.87,5,0.3
F02270,AS-G2,2024-09-12,Torque tool calibration,0.87,0.64,TECH-005,Component wear,Part replacement,torque_system,software,automation,torque_transducer,305.03,7,0.26
F02271,AS-G2,2024-09-14,Sensor fault,0.7,1.04,TECH-007,Material defect,Part replacement,sensor_package,electrical,electrical,proximity_sensor,117.01,4,0.33
F02272,AS-G2,2024-09-17,Pneumatic leak,1.1,0.83,TECH-007,Design limitation,Vendor notified,pneumatic_system,hydraulic,hydraulic,pneumatic_fitting,34.63,1,0.07
F02273,AS-G2,2024-09-21,Sensor fault,0.81,1.14,TECH-001,Component wear,Operator retraining,sensor_package,electrical,electrical,proximity_sensor,114.01,4,0.27
F02274,AS-G2,2024-10-04,Electrical short,1.03,0.73,TECH-003,Design limitation,Recalibration,electrical_panel,electrical,electrical,circuit_breaker,64.21,2,0.21
F02275,AS-G2,2024-10-31,Pneumatic leak,1.13,0.88,TECH-008,Overloading,PM schedule updated,pneumatic_system,hydraulic,hydraulic,pneumatic_fitting,12.46,2,0.06
F02276,AS-G2,2024-11-04,Electrical short,1.04,1.05,TECH-001,Material defect,Vendor notified,electrical_panel,electrical,electrical,circuit_breaker,75.7,1,0.4
F02277,AS-G2,2024-11-05,Electrical short,1.1,1.18,TECH-003,Design limitation,PM schedule updated,electrical_panel,electrical,electrical,circuit_breaker,61.83,1,0.36
F02278,AS-G2,2024-11-16,Pneumatic leak,1.33,1.08,TECH-006,Lack of preventive maintenance,PM schedule updated,pneumatic_system,hydraulic,hydraulic,pneumatic_fitting,37.67,1,0.13
F02279,AS-G2,2024-11-26,Fixture misalignment,1.57,1.02,TECH-004,Material defect,Recalibration,fixture_system,mechanical,mechanical,fixture_pin_set,83.33,2,0.29
F02280,AS-G2,2024-12-26,Electrical short,1.16,0.79,TECH-005,Contamination,Vendor notified,electrical_panel,electrical,electrical,circuit_breaker,80.95,1,0.17
F02281,AS-G2,2024-12-27,Pneumatic leak,1.01,0.58,TECH-002,Operator error,Vendor notified,pneumatic_system,hydraulic,hydraulic,pneumatic_fitting,36.71,1,0.03
F02282,AS-G2,2025-01-04,Pneumatic leak,0.65,0.85,TECH-001,Material defect,Recalibration,pneumatic_system,hydraulic,hydraulic,pneumatic_fitting,34.76,1,0.09
F02283,AS-G2,2025-01-11,Fixture misalignment,0.96,0.81,TECH-003,Overloading,Vendor notified,fixture_system,mechanical,mechanical,fixture_pin_set,94.07,4,0.22
F02284,AS-G2,2025-01-14,Pneumatic leak,1.16,1.27,TECH-002,Operator error,Design modification,pneumatic_system,hydraulic,hydraulic,pneumatic_fitting,13.73,2,0.14
F02285,AS-G2,2025-01-26,Torque tool calibration,0.5,0.91,TECH-002,Calibration drift,Design modification,torque_system,software,automation,torque_transducer,361.93,7,0.45
F02286,AS-G2,2025-02-12,Electrical short,1.16,0.62,TECH-001,Lack of preventive maintenance,Recalibration,electrical_panel,electrical,electrical,circuit_breaker,70.53,2,0.14
F02287,AS-G2,2025-02-14,Electrical short,1.57,0.95,TECH-002,Contamination,Operator retraining,electrical_panel,electrical,electrical,circuit_breaker,40.29,2,0.38
F02288,AS-G2,2025-02-15,Pneumatic leak,1.33,1.07,TECH-004,Overloading,PM schedule updated,pneumatic_system,hydraulic,hydraulic,pneumatic_fitting,14.95,2,0.06
F02289,AS-G2,2025-02-20,Sensor fault,1.02,0.77,TECH-002,Overloading,Part replacement,sensor_package,electrical,electrical,proximity_sensor,105.36,3,0.16
F02290,AS-G2,2025-03-10,Electrical short,0.97,0.74,TECH-006,Component wear,Part replacement,electrical_panel,electrical,electrical,circuit_breaker,83.11,1,0.27
F02291,AS-G2,2025-03-11,Electrical short,0.69,0.7,TECH-005,Operator error,Design modification,electrical_panel,electrical,electrical,circuit_breaker,82.66,3,0.19
F02292,AS-G2,2025-03-14,Sensor fault,1.12,1.12,TECH-001,Component wear,Operator retraining,sensor_package,electrical,electrical,proximity_sensor,117.22,4,0.29
F02293,AS-G2,2025-03-15,Fixture misalignment,1.14,0.8,TECH-003,Operator error,Recalibration,fixture_system,mechanical,mechanical,fixture_pin_set,81.97,3,0.2
F02294,AS-G2,2025-03-20,Pneumatic leak,0.94,1.06,TECH-005,Lack of preventive maintenance,Vendor notified,pneumatic_system,hydraulic,hydraulic,pneumatic_fitting,38.87,2,0.07
F02295,AS-G2,2025-03-31,Electrical short,1.06,0.81,TECH-007,Lack of preventive maintenance,PM schedule updated,electrical_panel,electrical,electrical,circuit_breaker,87.04,3,0.27
F02296,AS-G2,2025-04-08,Torque tool calibration,1.12,0.74,TECH-007,Overloading,Operator retraining,torque_system,software,automation,torque_transducer,398.09,6,0.28
F02297,AS-G3,2024-01-12,Fixture misalignment,1.17,1.09,TECH-007,Lack of preventive maintenance,Part replacement,fixture_system,mechanical,mechanical,fixture_pin_set,120.6,2,0.29
F02298,AS-G3,2024-02-04,Fixture misalignment,1.4,1.05,TECH-006,Overloading,Operator retraining,fixture_system,mechanical,mechanical,fixture_pin_set,136.03,3,0.26
F02299,AS-G3,2024-02-21,Pneumatic leak,1.89,1.33,TECH-007,Component wear,Vendor notified,pneumatic_system,hydraulic,hydraulic,pneumatic_fitting,14.03,1,0.19
F02300,AS-G3,2024-02-25,Pneumatic leak,1.09,1.43,TECH-003,Material defect,PM schedule updated,pneumatic_system,hydraulic,hydraulic,pneumatic_fitting,41.06,1,0.21
F02301,AS-G3,2024-03-14,Electrical short,0.94,1.42,TECH-003,Overloading,Design modification,electrical_panel,electrical,electrical,circuit_breaker,30.28,3,0.5
F02302,AS-G3,2024-03-15,Electrical short,1.05,0.92,TECH-003,Material defect,Design modification,electrical_panel,electrical,electrical,circuit_breaker,74.68,2,0.2
F02303,AS-G3,2024-03-29,Pneumatic leak,1.11,1.65,TECH-004,Design limitation,Design modification,pneumatic_system,hydraulic,hydraulic,pneumatic_fitting,30.28,1,0.16
F02304,AS-G3,2024-03-30,Fixture misalignment,0.97,1.06,TECH-006,Design limitation,Recalibration,fixture_system,mechanical,mechanical,fixture_pin_set,78.85,2,0.17
F02305,AS-G3,2024-04-04,Electrical short,1.11,0.86,TECH-003,Overloading,Part replacement,electrical_panel,electrical,electrical,circuit_breaker,32.96,1,0.3
F02306,AS-G3,2024-04-05,Pneumatic leak,1.04,0.86,TECH-001,Operator error,Vendor notified,pneumatic_system,hydraulic,hydraulic,pneumatic_fitting,39.95,2,0.08
F02307,AS-G3,2024-04-08,Pneumatic leak,1.3,1.06,TECH-006,Operator error,PM schedule updated,pneumatic_system,hydraulic,hydraulic,pneumatic_fitting,24.4,2,0.12
F02308,AS-G3,2024-04-10,Torque tool calibration,1.34,1.14,TECH-005,Component wear,Operator retraining,torque_system,software,automation,torque_transducer,254.65,4,0.51
F02309,AS-G3,2024-04-21,Torque tool calibration,1.19,0.8,TECH-007,Design limitation,Design modification,torque_system,software,automation,torque_transducer,369.34,3,0.28
F02310,AS-G3,2024-04-29,Torque tool calibration,1.35,0.74,TECH-002,Design limitation,Recalibration,torque_system,software,automation,torque_transducer,299.39,7,0.26
F02311,AS-G3,2024-05-05,Electrical short,1.1,1.26,TECH-004,Component wear,PM schedule updated,electrical_panel,electrical,electrical,circuit_breaker,30.33,3,0.39
F02312,AS-G3,2024-05-11,Sensor fault,1.16,1.46,TECH-004,Component wear,Recalibration,sensor_package,electrical,electrical,proximity_sensor,102.09,4,0.32
F02313,AS-G3,2024-05-12,Fixture misalignment,1.64,0.76,TECH-005,Component wear,Operator retraining,fixture_system,mechanical,mechanical,fixture_pin_set,144.61,4,0.17
F02314,AS-G3,2024-05-16,Torque tool calibration,0.6,0.91,TECH-001,Calibration drift,Recalibration,torque_system,software,automation,torque_transducer,385.84,7,0.32
F02315,AS-G3,2024-05-20,Pneumatic leak,1.73,1.35,TECH-008,Component wear,Vendor notified,pneumatic_system,hydraulic,hydraulic,pneumatic_fitting,34.13,2,0.18
F02316,AS-G3,2024-05-21,Fixture misalignment,0.5,0.83,TECH-004,Contamination,Vendor notified,fixture_system,mechanical,mechanical,fixture_pin_set,128.62,4,0.18
F02317,AS-G3,2024-05-29,Electrical short,1.72,0.93,TECH-003,Lack of preventive maintenance,PM schedule updated,electrical_panel,electrical,electrical,circuit_breaker,78.84,1,0.21
F02318,AS-G3,2024-06-12,Pneumatic leak,1.99,0.76,TECH-003,Overloading,PM schedule updated,pneumatic_system,hydraulic,hydraulic,pneumatic_fitting,15.43,2,0.1
F02319,AS-G3,2024-06-13,Torque tool calibration,1.51,0.74,TECH-006,Component wear,Operator retraining,torque_system,software,automation,torque_transducer,324.49,6,0.36
F02320,AS-G3,2024-06-21,Electrical short,1.67,1.25,TECH-007,Contamination,Operator retraining,electrical_panel,electrical,electrical,circuit_breaker,68.89,2,0.35
F02321,AS-G3,2024-06-29,Electrical short,1.52,1.03,TECH-008,Overloading,Part replacement,electrical_panel,electrical,electrical,circuit_breaker,53.66,3,0.36
F02322,AS-G3,2024-07-08,Fixture misalignment,1.25,0.99,TECH-006,Contamination,Part replacement,fixture_system,mechanical,mechanical,fixture_pin_set,107.1,3,0.22
F02323,AS-G3,2024-07-10,Electrical short,1.41,1.26,TECH-003,Material defect,Design modification,electrical_panel,electrical,electrical,circuit_breaker,73.07,3,0.46
F02324,AS-G3,2024-07-22,Pneumatic leak,1.17,1.34,TECH-001,Component wear,Operator retraining,pneumatic_system,hydraulic,hydraulic,pneumatic_fitting,13.88,2,0.17
F02325,AS-G3,2024-08-02,Electrical short,1.81,1.1,TECH-007,Overloading,Operator retraining,electrical_panel,electrical,electrical,circuit_breaker,59.85,3,0.37
F02326,AS-G3,2024-08-03,Torque tool calibration,1.91,1.24,TECH-004,Operator error,Part replacement,torque_system,software,automation,torque_transducer,347.72,3,0.5
F02327,AS-G3,2024-08-11,Pneumatic leak,1.44,0.92,TECH-001,Operator error,Operator retraining,pneumatic_system,hydraulic,hydraulic,pneumatic_fitting,35.81,1,0.06
F02328,AS-G3,2024-08-17,Sensor fault,1.12,0.98,TECH-002,Contamination,Part replacement,sensor_package,electrical,electrical,proximity_sensor,71.11,3,0.28
F02329,AS-G3,2024-08-21,Electrical short,1.42,0.67,TECH-004,Calibration drift,Vendor notified,electrical_panel,electrical,electrical,circuit_breaker,71.15,1,0.23
F02330,AS-G3,2024-08-25,Fixture misalignment,1.65,1.38,TECH-005,Design limitation,Part replacement,fixture_system,mechanical,mechanical,fixture_pin_set,73.14,4,0.28
F02331,AS-G3,2024-09-12,Torque tool calibration,0.9,1.21,TECH-003,Lack of preventive maintenance,Vendor notified,torque_system,software,automation,torque_transducer,205.4,5,0.42
F02332,AS-G3,2024-10-05,Torque tool calibration,1.72,0.87,TECH-003,Component wear,PM schedule updated,torque_system,software,automation,torque_transducer,298.97,6,0.4
F02333,AS-G3,2024-10-06,Torque tool calibration,1.48,0.75,TECH-008,Overloading,Part replacement,torque_system,software,automation,torque_transducer,336.09,7,0.27
F02334,AS-G3,2024-11-07,Pneumatic leak,0.62,0.9,TECH-005,Lack of preventive maintenance,Operator retraining,pneumatic_system,hydraulic,hydraulic,pneumatic_fitting,31.6,1,0.09
F02335,AS-G3,2024-11-29,Fixture misalignment,1.2,0.95,TECH-004,Material defect,Operator retraining,fixture_system,mechanical,mechanical,fixture_pin_set,66.39,4,0.22
F02336,AS-G3,2024-12-01,Sensor fault,2.08,0.89,TECH-006,Component wear,Recalibration,sensor_package,electrical,electrical,proximity_sensor,81.29,5,0.21
F02337,AS-G3,2024-12-04,Electrical short,1.47,1.07,TECH-002,Calibration drift,Part replacement,electrical_panel,electrical,electrical,circuit_breaker,51.37,3,0.27
F02338,AS-G3,2024-12-05,Pneumatic leak,2.04,1.09,TECH-002,Component wear,Part replacement,pneumatic_system,hydraulic,hydraulic,pneumatic_fitting,29.02,1,0.1
F02339,AS-G3,2024-12-08,Electrical short,1.39,1.33,TECH-006,Component wear,Operator retraining,electrical_panel,electrical,electrical,circuit_breaker,83.13,3,0.32
F02340,AS-G3,2024-12-13,Pneumatic leak,1.05,1.01,TECH-004,Material defect,Operator retraining,pneumatic_system,hydraulic,hydraulic,pneumatic_fitting,15.0,2,0.13
F02341,AS-G3,2024-12-14,Sensor fault,1.18,0.94,TECH-001,Component wear,Design modification,sensor_package,electrical,electrical,proximity_sensor,124.57,5,0.19
F02342,AS-G3,2024-12-17,Electrical short,1.53,1.27,TECH-001,Operator error,Operator retraining,electrical_panel,electrical,electrical,circuit_breaker,43.58,3,0.27
F02343,AS-G3,2024-12-19,Fixture misalignment,1.56,1.09,TECH-005,Operator error,Operator retraining,fixture_system,mechanical,mechanical,fixture_pin_set,129.41,4,0.25
F02344,AS-G3,2024-12-24,Torque tool calibration,1.46,1.18,TECH-008,Component wear,Recalibration,torque_system,software,automation,torque_transducer,306.38,5,0.41
F02345,AS-G3,2024-12-25,Torque tool calibration,1.56,0.83,TECH-003,Operator error,Vendor notified,torque_system,software,automation,torque_transducer,318.42,5,0.36
F02346,AS-G3,2024-12-26,Fixture misalignment,0.5,1.03,TECH-006,Calibration drift,Vendor notified,fixture_system,mechanical,mechanical,fixture_pin_set,121.9,2,0.26
F02347,AS-G3,2025-01-04,Fixture misalignment,0.81,1.24,TECH-004,Operator error,Design modification,fixture_system,mechanical,mechanical,fixture_pin_set,86.89,3,0.32
F02348,AS-G3,2025-01-05,Pneumatic leak,1.2,0.92,TECH-006,Material defect,Design modification,pneumatic_system,hydraulic,hydraulic,pneumatic_fitting,15.85,2,0.06
F02349,AS-G3,2025-01-16,Electrical short,1.39,1.09,TECH-007,Overloading,Vendor notified,electrical_panel,electrical,electrical,circuit_breaker,67.5,2,0.24
F02350,AS-G3,2025-02-06,Pneumatic leak,1.6,1.27,TECH-007,Calibration drift,Recalibration,pneumatic_system,hydraulic,hydraulic,pneumatic_fitting,16.65,1,0.08
F02351,AS-G3,2025-02-24,Pneumatic leak,0.72,1.05,TECH-006,Lack of preventive maintenance,Operator retraining,pneumatic_system,hydraulic,hydraulic,pneumatic_fitting,26.33,2,0.07
F02352,AS-G3,2025-03-02,Fixture misalignment,1.87,1.31,TECH-004,Contamination,PM schedule updated,fixture_system,mechanical,mechanical,fixture_pin_set,119.99,3,0.25
F02353,AS-G3,2025-03-11,Sensor fault,1.6,1.21,TECH-001,Contamination,Design modification,sensor_package,electrical,electrical,proximity_sensor,67.86,2,0.43
F02354,AS-G3,2025-04-16,Torque tool calibration,1.78,0.97,TECH-003,Operator error,Design modification,torque_system,software,automation,torque_transducer,409.75,4,0.39
F02355,AS-G3,2025-04-24,Electrical short,1.44,1.07,TECH-003,Contamination,Design modification,electrical_panel,electrical,electrical,circuit_breaker,30.61,2,0.25
F02356,AS-G3,2025-04-28,Pneumatic leak,0.89,1.18,TECH-005,Material defect,Operator retraining,pneumatic_system,hydraulic,hydraulic,pneumatic_fitting,37.28,1,0.07
