date,vsm,shift,planned_hrs,actual_hrs,units_produced,units_rejected,oee_pct
2024-01-01,Alpha,Day,8.0,7.11,356,9,80.6
2024-01-01,Alpha,Evening,8.0,7.9,461,10,82.0
2024-01-01,Alpha,Night,8.0,7.87,394,7,93.7
2024-01-01,Beta,Day,8.0,6.69,365,11,71.4
2024-01-01,Beta,Evening,8.0,7.38,375,11,78.6
2024-01-01,Beta,Night,8.0,7.23,343,10,73.6
2024-01-01,Gamma,Day,8.0,6.99,376,15,67.0
2024-01-01,Gamma,Evening,8.0,7.19,362,18,71.1
2024-01-01,Gamma,Night,8.0,7.26,413,18,74.4
2024-01-02,Alpha,Day,8.0,7.26,388,1,84.7
2024-01-02,Alpha,Evening,8.0,7.74,469,6,88.0
2024-01-02,Alpha,Night,8.0,7.81,426,7,81.9
2024-01-02,Beta,Day,8.0,6.72,358,9,74.2
2024-01-02,Beta,Evening,8.0,7.24,346,9,75.6
2024-01-02,Beta,Night,8.0,7.3,333,12,77.1
2024-01-02,Gamma,Day,8.0,7.06,452,23,71.2
2024-01-02,Gamma,Evening,8.0,6.68,376,15,71.3
2024-01-02,Gamma,Night,8.0,6.68,333,16,70.9
2024-01-03,Alpha,Day,8.0,8.0,428,3,95.7
2024-01-03,Alpha,Evening,8.0,7.28,406,6,82.8
2024-01-03,Alpha,Night,8.0,7.64,400,6,91.3
2024-01-03,Beta,Day,8.0,7.08,342,10,75.9
2024-01-03,Beta,Evening,8.0,7.26,365,10,72.7
2024-01-03,Beta,Night,8.0,6.77,391,11,78.8
2024-01-03,Gamma,Day,8.0,6.71,338,13,69.1
2024-01-03,Gamma,Evening,8.0,6.77,378,19,64.8
2024-01-03,Gamma,Night,8.0,7.01,431,23,66.2
2024-01-04,Alpha,Day,8.0,7.44,401,9,89.5
2024-01-04,Alpha,Evening,8.0,7.38,415,4,96.0
2024-01-04,Alpha,Night,8.0,6.99,369,6,88.8
2024-01-04,Beta,Day,8.0,6.82,341,8,70.3
2024-01-04,Beta,Evening,8.0,7.09,402,13,70.7
2024-01-04,Beta,Night,8.0,7.16,459,11,73.9
2024-01-04,Gamma,Day,8.0,6.62,360,18,68.8
2024-01-04,Gamma,Evening,8.0,6.78,379,18,67.5
2024-01-04,Gamma,Night,8.0,6.49,309,14,67.1
2024-01-05,Alpha,Day,8.0,7.52,394,6,91.6
2024-01-05,Alpha,Evening,8.0,7.89,363,6,85.8
2024-01-05,Alpha,Night,8.0,7.78,344,5,85.8
2024-01-05,Beta,Day,8.0,7.18,424,12,76.2
2024-01-05,Beta,Evening,8.0,7.07,356,10,76.6
2024-01-05,Beta,Night,8.0,7.21,387,15,78.1
2024-01-05,Gamma,Day,8.0,6.85,374,18,74.3
2024-01-05,Gamma,Evening,8.0,6.86,384,16,61.5
2024-01-05,Gamma,Night,8.0,7.15,401,16,71.0
2024-01-06,Alpha,Day,8.0,7.85,412,8,86.4
2024-01-06,Alpha,Evening,8.0,7.8,363,5,92.9
2024-01-06,Alpha,Night,8.0,7.87,437,8,90.1
2024-01-06,Beta,Day,8.0,6.22,307,9,70.0
2024-01-06,Beta,Evening,8.0,6.74,336,12,68.9
2024-01-06,Beta,Night,8.0,7.27,379,12,78.2
2024-01-06,Gamma,Day,8.0,6.42,318,11,74.2
2024-01-06,Gamma,Evening,8.0,7.08,353,18,66.9
2024-01-06,Gamma,Night,8.0,6.28,358,17,66.5
2024-01-07,Alpha,Day,8.0,7.17,397,5,86.3
2024-01-07,Alpha,Evening,8.0,7.61,383,6,83.0
2024-01-07,Alpha,Night,8.0,8.0,408,6,91.9
2024-01-07,Beta,Day,8.0,7.01,335,8,79.3
2024-01-07,Beta,Evening,8.0,7.15,318,9,78.0
2024-01-07,Beta,Night,8.0,6.93,396,13,75.0
2024-01-07,Gamma,Day,8.0,6.56,269,15,71.3
2024-01-07,Gamma,Evening,8.0,6.87,357,16,72.5
2024-01-07,Gamma,Night,8.0,6.6,316,14,69.1
2024-01-08,Alpha,Day,8.0,7.55,435,10,77.4
2024-01-08,Alpha,Evening,8.0,7.68,417,6,89.2
2024-01-08,Alpha,Night,8.0,7.4,415,4,86.3
2024-01-08,Beta,Day,8.0,6.69,367,11,71.4
2024-01-08,Beta,Evening,8.0,6.98,395,11,71.7
2024-01-08,Beta,Night,8.0,6.76,322,12,81.1
2024-01-08,Gamma,Day,8.0,6.59,285,10,73.5
2024-01-08,Gamma,Evening,8.0,6.89,315,13,73.5
2024-01-08,Gamma,Night,8.0,6.8,339,18,61.7
2024-01-09,Alpha,Day,8.0,7.37,319,4,95.3
2024-01-09,Alpha,Evening,8.0,7.67,407,8,81.9
2024-01-09,Alpha,Night,8.0,7.56,379,9,92.0
2024-01-09,Beta,Day,8.0,7.27,406,15,70.5
2024-01-09,Beta,Evening,8.0,6.81,326,12,76.1
2024-01-09,Beta,Night,8.0,7.26,354,9,76.1
2024-01-09,Gamma,Day,8.0,6.89,391,16,73.6
2024-01-09,Gamma,Evening,8.0,6.83,327,14,65.0
2024-01-09,Gamma,Night,8.0,6.87,372,15,73.2
2024-01-10,Alpha,Day,8.0,7.48,469,6,86.0
2024-01-10,Alpha,Evening,8.0,7.61,409,6,86.6
2024-01-10,Alpha,Night,8.0,7.59,404,8,80.7
2024-01-10,Beta,Day,8.0,7.03,337,10,71.8
2024-01-10,Beta,Evening,8.0,7.1,374,13,69.9
2024-01-10,Beta,Night,8.0,7.37,372,12,77.5
2024-01-10,Gamma,Day,8.0,6.86,385,17,67.6
2024-01-10,Gamma,Evening,8.0,6.51,324,15,76.1
2024-01-10,Gamma,Night,8.0,6.95,364,18,77.2
2024-01-11,Alpha,Day,8.0,7.66,386,5,88.1
2024-01-11,Alpha,Evening,8.0,7.72,420,5,93.1
2024-01-11,Alpha,Night,8.0,7.7,412,6,86.4
2024-01-11,Beta,Day,8.0,7.21,359,8,80.8
2024-01-11,Beta,Evening,8.0,7.16,317,8,73.2
2024-01-11,Beta,Night,8.0,7.22,367,13,77.9
2024-01-11,Gamma,Day,8.0,6.41,343,14,70.1
2024-01-11,Gamma,Evening,8.0,6.66,358,17,70.4
2024-01-11,Gamma,Night,8.0,7.01,336,17,68.8
2024-01-12,Alpha,Day,8.0,7.49,374,8,84.0
2024-01-12,Alpha,Evening,8.0,7.7,367,8,87.1
2024-01-12,Alpha,Night,8.0,7.39,390,5,91.5
2024-01-12,Beta,Day,8.0,6.71,323,12,71.0
2024-01-12,Beta,Evening,8.0,7.12,413,13,72.3
2024-01-12,Beta,Night,8.0,7.59,372,10,73.8
2024-01-12,Gamma,Day,8.0,7.15,379,18,69.7
2024-01-12,Gamma,Evening,8.0,6.54,371,16,68.8
2024-01-12,Gamma,Night,8.0,6.83,362,19,71.6
2024-01-13,Alpha,Day,8.0,7.08,371,5,83.4
2024-01-13,Alpha,Evening,8.0,7.04,364,3,89.0
2024-01-13,Alpha,Night,8.0,7.39,339,7,83.4
2024-01-13,Beta,Day,8.0,6.93,376,7,72.3
2024-01-13,Beta,Evening,8.0,7.2,312,10,67.8
2024-01-13,Beta,Night,8.0,7.08,369,13,73.6
2024-01-13,Gamma,Day,8.0,6.72,356,13,67.3
2024-01-13,Gamma,Evening,8.0,6.69,374,14,75.8
2024-01-13,Gamma,Night,8.0,7.27,361,12,66.6
2024-01-14,Alpha,Day,8.0,7.87,439,7,85.3
2024-01-14,Alpha,Evening,8.0,8.0,382,6,81.8
2024-01-14,Alpha,Night,8.0,7.65,408,6,93.9
2024-01-14,Beta,Day,8.0,6.96,361,13,67.1
2024-01-14,Beta,Evening,8.0,6.38,294,11,76.6
2024-01-14,Beta,Night,8.0,6.71,348,12,76.3
2024-01-14,Gamma,Day,8.0,6.54,308,14,71.4
2024-01-14,Gamma,Evening,8.0,7.16,324,16,69.1
2024-01-14,Gamma,Night,8.0,6.8,338,17,74.0
2024-01-15,Alpha,Day,8.0,7.46,374,6,88.1
2024-01-15,Alpha,Evening,8.0,7.58,389,6,86.4
2024-01-15,Alpha,Night,8.0,7.66,419,7,82.7
2024-01-15,Beta,Day,8.0,6.87,365,14,71.4
2024-01-15,Beta,Evening,8.0,7.08,391,13,77.2
2024-01-15,Beta,Night,8.0,7.05,371,13,78.6
2024-01-15,Gamma,Day,8.0,6.7,328,13,69.7
2024-01-15,Gamma,Evening,8.0,6.83,338,15,70.4
2024-01-15,Gamma,Night,8.0,6.58,332,11,68.8
2024-01-16,Alpha,Day,8.0,7.72,370,6,88.7
2024-01-16,Alpha,Evening,8.0,7.33,364,9,87.7
2024-01-16,Alpha,Night,8.0,7.68,455,10,86.9
2024-01-16,Beta,Day,8.0,6.73,382,13,68.7
2024-01-16,Beta,Evening,8.0,7.59,395,12,69.6
2024-01-16,Beta,Night,8.0,6.81,393,9,70.7
2024-01-16,Gamma,Day,8.0,6.83,335,14,70.6
2024-01-16,Gamma,Evening,8.0,7.0,425,16,68.7
2024-01-16,Gamma,Night,8.0,6.49,366,18,74.9
2024-01-17,Alpha,Day,8.0,7.51,402,7,85.0
2024-01-17,Alpha,Evening,8.0,7.69,427,8,87.6
2024-01-17,Alpha,Night,8.0,7.31,358,5,86.0
2024-01-17,Beta,Day,8.0,7.21,409,10,76.0
2024-01-17,Beta,Evening,8.0,7.26,393,10,72.1
2024-01-17,Beta,Night,8.0,7.37,425,8,72.4
2024-01-17,Gamma,Day,8.0,6.96,377,18,69.4
2024-01-17,Gamma,Evening,8.0,7.05,339,17,70.3
2024-01-17,Gamma,Night,8.0,6.84,350,16,70.2
2024-01-18,Alpha,Day,8.0,7.18,420,10,85.8
2024-01-18,Alpha,Evening,8.0,7.55,359,3,89.9
2024-01-18,Alpha,Night,8.0,7.35,362,3,83.7
2024-01-18,Beta,Day,8.0,6.93,378,14,67.0
2024-01-18,Beta,Evening,8.0,7.04,420,15,78.8
2024-01-18,Beta,Night,8.0,7.02,365,12,74.3
2024-01-18,Gamma,Day,8.0,7.11,403,19,71.7
2024-01-18,Gamma,Evening,8.0,6.94,318,13,71.3
2024-01-18,Gamma,Night,8.0,6.62,350,17,68.6
2024-01-19,Alpha,Day,8.0,7.46,391,7,87.1
2024-01-19,Alpha,Evening,8.0,7.49,361,8,89.9
2024-01-19,Alpha,Night,8.0,7.6,384,6,88.0
2024-01-19,Beta,Day,8.0,7.29,396,11,74.9
2024-01-19,Beta,Evening,8.0,7.4,400,10,82.0
2024-01-19,Beta,Night,8.0,7.12,348,15,72.4
2024-01-19,Gamma,Day,8.0,6.64,346,14,71.0
2024-01-19,Gamma,Evening,8.0,6.81,358,14,71.3
2024-01-19,Gamma,Night,8.0,7.03,332,12,71.8
2024-01-20,Alpha,Day,8.0,7.29,359,7,91.3
2024-01-20,Alpha,Evening,8.0,7.03,464,9,81.3
2024-01-20,Alpha,Night,8.0,7.41,374,8,79.3
2024-01-20,Beta,Day,8.0,7.44,360,13,71.6
2024-01-20,Beta,Evening,8.0,7.17,394,13,75.0
2024-01-20,Beta,Night,8.0,7.34,425,14,74.1
2024-01-20,Gamma,Day,8.0,6.78,380,21,75.3
2024-01-20,Gamma,Evening,8.0,6.76,347,16,70.7
2024-01-20,Gamma,Night,8.0,6.54,349,11,71.6
2024-01-21,Alpha,Day,8.0,7.91,423,7,89.6
2024-01-21,Alpha,Evening,8.0,7.55,354,7,82.9
2024-01-21,Alpha,Night,8.0,7.4,340,5,82.7
2024-01-21,Beta,Day,8.0,6.9,396,12,71.1
2024-01-21,Beta,Evening,8.0,7.13,390,12,73.4
2024-01-21,Beta,Night,8.0,6.75,330,8,71.6
2024-01-21,Gamma,Day,8.0,7.16,346,13,69.3
2024-01-21,Gamma,Evening,8.0,6.81,363,14,70.9
2024-01-21,Gamma,Night,8.0,6.98,382,14,66.5
2024-01-22,Alpha,Day,8.0,7.94,454,9,86.5
2024-01-22,Alpha,Evening,8.0,6.93,366,4,87.4
2024-01-22,Alpha,Night,8.0,7.52,447,8,83.3
2024-01-22,Beta,Day,8.0,7.13,413,10,73.5
2024-01-22,Beta,Evening,8.0,6.96,396,14,77.2
2024-01-22,Beta,Night,8.0,7.07,357,12,71.5
2024-01-22,Gamma,Day,8.0,7.15,334,15,69.5
2024-01-22,Gamma,Evening,8.0,6.82,363,12,71.9
2024-01-22,Gamma,Night,8.0,6.86,345,12,73.6
2024-01-23,Alpha,Day,8.0,7.33,344,4,83.2
2024-01-23,Alpha,Evening,8.0,7.49,447,10,84.5
2024-01-23,Alpha,Night,8.0,7.62,394,5,91.0
2024-01-23,Beta,Day,8.0,6.82,332,5,73.7
2024-01-23,Beta,Evening,8.0,6.6,314,10,73.1
2024-01-23,Beta,Night,8.0,6.99,365,12,70.5
2024-01-23,Gamma,Day,8.0,6.63,333,14,69.3
2024-01-23,Gamma,Evening,8.0,6.84,346,13,69.0
2024-01-23,Gamma,Night,8.0,6.78,386,17,71.5
2024-01-24,Alpha,Day,8.0,7.99,393,3,86.2
2024-01-24,Alpha,Evening,8.0,7.59,480,10,86.4
2024-01-24,Alpha,Night,8.0,7.79,389,7,87.3
2024-01-24,Beta,Day,8.0,6.8,346,9,78.7
2024-01-24,Beta,Evening,8.0,7.11,353,12,78.2
2024-01-24,Beta,Night,8.0,6.97,389,12,68.8
2024-01-24,Gamma,Day,8.0,7.06,353,12,70.0
2024-01-24,Gamma,Evening,8.0,6.78,368,15,66.1
2024-01-24,Gamma,Night,8.0,6.53,338,15,65.4
2024-01-25,Alpha,Day,8.0,8.0,415,4,87.7
2024-01-25,Alpha,Evening,8.0,7.49,429,7,88.7
2024-01-25,Alpha,Night,8.0,7.61,388,6,86.2
2024-01-25,Beta,Day,8.0,6.79,367,10,73.2
2024-01-25,Beta,Evening,8.0,6.68,350,11,69.9
2024-01-25,Beta,Night,8.0,7.1,414,11,78.8
2024-01-25,Gamma,Day,8.0,6.38,343,16,65.1
2024-01-25,Gamma,Evening,8.0,6.64,358,18,71.3
2024-01-25,Gamma,Night,8.0,6.5,355,16,67.1
2024-01-26,Alpha,Day,8.0,7.15,358,8,85.5
2024-01-26,Alpha,Evening,8.0,7.49,425,8,90.1
2024-01-26,Alpha,Night,8.0,7.64,420,6,88.4
2024-01-26,Beta,Day,8.0,7.33,365,11,78.9
2024-01-26,Beta,Evening,8.0,6.99,398,17,74.0
2024-01-26,Beta,Night,8.0,7.44,374,11,77.5
2024-01-26,Gamma,Day,8.0,6.74,332,16,71.0
2024-01-26,Gamma,Evening,8.0,7.04,363,19,78.4
2024-01-26,Gamma,Night,8.0,6.48,330,15,70.3
2024-01-27,Alpha,Day,8.0,7.57,382,13,92.7
2024-01-27,Alpha,Evening,8.0,7.91,455,9,86.9
2024-01-27,Alpha,Night,8.0,7.14,299,4,85.4
2024-01-27,Beta,Day,8.0,7.11,352,10,75.4
2024-01-27,Beta,Evening,8.0,6.8,357,12,74.0
2024-01-27,Beta,Night,8.0,7.04,429,12,77.8
2024-01-27,Gamma,Day,8.0,6.46,362,15,62.7
2024-01-27,Gamma,Evening,8.0,6.42,383,17,65.9
2024-01-27,Gamma,Night,8.0,6.77,389,14,72.2
2024-01-28,Alpha,Day,8.0,7.78,370,6,93.1
2024-01-28,Alpha,Evening,8.0,7.12,397,3,88.1
2024-01-28,Alpha,Night,8.0,7.96,369,8,88.7
2024-01-28,Beta,Day,8.0,6.94,325,8,72.0
2024-01-28,Beta,Evening,8.0,7.33,390,12,73.9
2024-01-28,Beta,Night,8.0,6.67,376,12,76.2
2024-01-28,Gamma,Day,8.0,6.57,351,16,68.7
2024-01-28,Gamma,Evening,8.0,6.83,379,17,73.2
2024-01-28,Gamma,Night,8.0,6.67,361,13,72.4
2024-01-29,Alpha,Day,8.0,7.13,328,5,82.6
2024-01-29,Alpha,Evening,8.0,7.42,350,5,90.9
2024-01-29,Alpha,Night,8.0,7.19,355,7,84.7
2024-01-29,Beta,Day,8.0,6.47,298,9,72.9
2024-01-29,Beta,Evening,8.0,7.13,381,11,72.7
2024-01-29,Beta,Night,8.0,7.27,336,12,73.9
2024-01-29,Gamma,Day,8.0,7.25,350,16,70.5
2024-01-29,Gamma,Evening,8.0,6.55,344,15,67.5
2024-01-29,Gamma,Night,8.0,6.47,311,12,68.8
2024-01-30,Alpha,Day,8.0,7.36,393,9,86.2
2024-01-30,Alpha,Evening,8.0,7.78,428,6,91.2
2024-01-30,Alpha,Night,8.0,7.5,392,9,87.8
2024-01-30,Beta,Day,8.0,6.65,324,9,82.9
2024-01-30,Beta,Evening,8.0,7.04,374,17,67.9
2024-01-30,Beta,Night,8.0,6.96,341,13,70.0
2024-01-30,Gamma,Day,8.0,6.61,325,13,71.7
2024-01-30,Gamma,Evening,8.0,6.67,353,17,62.7
2024-01-30,Gamma,Night,8.0,6.61,392,15,70.2
2024-01-31,Alpha,Day,8.0,7.46,386,2,89.6
2024-01-31,Alpha,Evening,8.0,7.59,316,6,90.9
2024-01-31,Alpha,Night,8.0,7.32,361,6,93.1
2024-01-31,Beta,Day,8.0,7.03,394,11,75.3
2024-01-31,Beta,Evening,8.0,6.76,317,9,76.5
2024-01-31,Beta,Night,8.0,7.3,405,11,72.0
2024-01-31,Gamma,Day,8.0,6.83,353,17,68.5
2024-01-31,Gamma,Evening,8.0,6.87,346,16,71.8
2024-01-31,Gamma,Night,8.0,6.82,324,16,69.1
2024-02-01,Alpha,Day,8.0,7.41,364,7,89.3
2024-02-01,Alpha,Evening,8.0,7.57,396,8,88.4
2024-02-01,Alpha,Night,8.0,7.63,395,10,83.4
2024-02-01,Beta,Day,8.0,7.11,349,11,69.2
2024-02-01,Beta,Evening,8.0,7.07,367,13,71.5
2024-02-01,Beta,Night,8.0,7.29,403,15,73.5
2024-02-01,Gamma,Day,8.0,6.49,338,15,71.3
2024-02-01,Gamma,Evening,8.0,6.36,305,11,76.3
2024-02-01,Gamma,Night,8.0,7.24,336,14,71.9
2024-02-02,Alpha,Day,8.0,7.44,335,7,83.0
2024-02-02,Alpha,Evening,8.0,7.4,392,7,88.3
2024-02-02,Alpha,Night,8.0,7.57,415,7,79.8
2024-02-02,Beta,Day,8.0,6.9,383,11,68.7
2024-02-02,Beta,Evening,8.0,7.24,349,9,74.8
2024-02-02,Beta,Night,8.0,7.1,353,15,73.1
2024-02-02,Gamma,Day,8.0,6.86,369,15,65.2
2024-02-02,Gamma,Evening,8.0,6.82,378,16,76.2
2024-02-02,Gamma,Night,8.0,6.99,360,20,71.7
2024-02-03,Alpha,Day,8.0,7.51,434,7,90.8
2024-02-03,Alpha,Evening,8.0,7.49,329,6,85.8
2024-02-03,Alpha,Night,8.0,7.62,411,12,83.0
2024-02-03,Beta,Day,8.0,6.97,396,12,68.4
2024-02-03,Beta,Evening,8.0,6.47,339,10,64.0
2024-02-03,Beta,Night,8.0,6.55,357,10,75.4
2024-02-03,Gamma,Day,8.0,6.62,311,13,68.1
2024-02-03,Gamma,Evening,8.0,6.88,373,17,66.2
2024-02-03,Gamma,Night,8.0,6.62,299,14,68.0
2024-02-04,Alpha,Day,8.0,7.82,409,7,85.8
2024-02-04,Alpha,Evening,8.0,7.65,321,6,84.6
2024-02-04,Alpha,Night,8.0,7.49,370,2,94.4
2024-02-04,Beta,Day,8.0,7.25,373,8,72.1
2024-02-04,Beta,Evening,8.0,6.99,422,12,76.2
2024-02-04,Beta,Night,8.0,7.02,372,14,71.4
2024-02-04,Gamma,Day,8.0,6.73,340,18,73.0
2024-02-04,Gamma,Evening,8.0,6.53,350,15,69.9
2024-02-04,Gamma,Night,8.0,6.16,353,15,72.6
2024-02-05,Alpha,Day,8.0,7.41,360,6,88.2
2024-02-05,Alpha,Evening,8.0,7.08,357,8,83.3
2024-02-05,Alpha,Night,8.0,7.19,380,3,88.9
2024-02-05,Beta,Day,8.0,7.31,406,10,67.8
2024-02-05,Beta,Evening,8.0,7.01,340,10,72.6
2024-02-05,Beta,Night,8.0,6.45,320,9,73.8
2024-02-05,Gamma,Day,8.0,6.57,335,13,66.8
2024-02-05,Gamma,Evening,8.0,7.09,366,17,62.8
2024-02-05,Gamma,Night,8.0,6.83,318,12,79.5
2024-02-06,Alpha,Day,8.0,7.15,377,7,85.6
2024-02-06,Alpha,Evening,8.0,7.71,361,6,89.5
2024-02-06,Alpha,Night,8.0,7.7,343,8,86.6
2024-02-06,Beta,Day,8.0,7.41,374,12,75.7
2024-02-06,Beta,Evening,8.0,7.13,405,13,77.8
2024-02-06,Beta,Night,8.0,6.86,353,11,72.1
2024-02-06,Gamma,Day,8.0,7.06,393,17,69.7
2024-02-06,Gamma,Evening,8.0,6.92,352,16,68.4
2024-02-06,Gamma,Night,8.0,7.03,415,21,67.5
2024-02-07,Alpha,Day,8.0,7.36,375,7,87.8
2024-02-07,Alpha,Evening,8.0,7.63,409,7,87.2
2024-02-07,Alpha,Night,8.0,7.79,419,5,87.8
2024-02-07,Beta,Day,8.0,7.1,371,13,70.0
2024-02-07,Beta,Evening,8.0,7.4,335,9,69.0
2024-02-07,Beta,Night,8.0,7.26,402,13,71.9
2024-02-07,Gamma,Day,8.0,6.72,357,18,72.1
2024-02-07,Gamma,Evening,8.0,6.96,348,15,72.4
2024-02-07,Gamma,Night,8.0,7.1,356,16,63.9
2024-02-08,Alpha,Day,8.0,7.45,438,8,82.6
2024-02-08,Alpha,Evening,8.0,7.65,418,2,92.4
2024-02-08,Alpha,Night,8.0,7.37,423,7,87.2
2024-02-08,Beta,Day,8.0,6.96,272,6,75.6
2024-02-08,Beta,Evening,8.0,7.06,365,12,71.4
2024-02-08,Beta,Night,8.0,6.85,395,9,78.6
2024-02-08,Gamma,Day,8.0,6.55,389,19,71.1
2024-02-08,Gamma,Evening,8.0,6.99,346,15,71.4
2024-02-08,Gamma,Night,8.0,7.0,348,13,75.1
2024-02-09,Alpha,Day,8.0,7.42,341,9,81.7
2024-02-09,Alpha,Evening,8.0,7.53,391,5,88.0
2024-02-09,Alpha,Night,8.0,7.16,403,8,85.6
2024-02-09,Beta,Day,8.0,6.99,357,10,71.8
2024-02-09,Beta,Evening,8.0,6.89,351,10,75.1
2024-02-09,Beta,Night,8.0,6.82,345,10,69.5
2024-02-09,Gamma,Day,8.0,6.6,357,15,70.2
2024-02-09,Gamma,Evening,8.0,6.83,384,13,67.4
2024-02-09,Gamma,Night,8.0,6.55,328,17,69.8
2024-02-10,Alpha,Day,8.0,7.19,377,5,89.5
2024-02-10,Alpha,Evening,8.0,7.39,374,6,87.4
2024-02-10,Alpha,Night,8.0,7.3,387,6,84.6
2024-02-10,Beta,Day,8.0,7.14,372,9,76.3
2024-02-10,Beta,Evening,8.0,7.3,377,14,73.0
2024-02-10,Beta,Night,8.0,6.59,323,9,76.0
2024-02-10,Gamma,Day,8.0,7.22,402,18,60.2
2024-02-10,Gamma,Evening,8.0,6.3,301,15,67.8
2024-02-10,Gamma,Night,8.0,6.62,368,17,69.7
2024-02-11,Alpha,Day,8.0,7.32,382,9,90.1
2024-02-11,Alpha,Evening,8.0,7.28,380,7,88.3
2024-02-11,Alpha,Night,8.0,7.11,356,5,85.5
2024-02-11,Beta,Day,8.0,7.36,408,12,75.1
2024-02-11,Beta,Evening,8.0,7.03,382,10,71.6
2024-02-11,Beta,Night,8.0,6.95,360,14,75.8
2024-02-11,Gamma,Day,8.0,7.3,377,16,66.7
2024-02-11,Gamma,Evening,8.0,6.9,352,13,68.3
2024-02-11,Gamma,Night,8.0,6.48,372,18,71.1
2024-02-12,Alpha,Day,8.0,7.5,389,6,86.1
2024-02-12,Alpha,Evening,8.0,7.71,374,9,87.0
2024-02-12,Alpha,Night,8.0,7.59,391,6,85.2
2024-02-12,Beta,Day,8.0,6.98,338,10,75.1
2024-02-12,Beta,Evening,8.0,7.25,424,12,80.9
2024-02-12,Beta,Night,8.0,7.32,378,14,71.7
2024-02-12,Gamma,Day,8.0,7.18,334,14,71.2
2024-02-12,Gamma,Evening,8.0,6.45,338,16,67.8
2024-02-12,Gamma,Night,8.0,6.9,377,16,70.4
2024-02-13,Alpha,Day,8.0,7.61,395,9,85.4
2024-02-13,Alpha,Evening,8.0,7.9,388,7,87.1
2024-02-13,Alpha,Night,8.0,7.65,326,4,82.5
2024-02-13,Beta,Day,8.0,7.15,376,11,74.1
2024-02-13,Beta,Evening,8.0,7.16,401,14,64.8
2024-02-13,Beta,Night,8.0,6.92,339,8,76.6
2024-02-13,Gamma,Day,8.0,7.02,372,20,67.7
2024-02-13,Gamma,Evening,8.0,6.39,349,16,70.8
2024-02-13,Gamma,Night,8.0,6.37,342,13,67.1
2024-02-14,Alpha,Day,8.0,7.8,406,10,83.3
2024-02-14,Alpha,Evening,8.0,7.24,327,4,85.6
2024-02-14,Alpha,Night,8.0,7.43,341,6,92.0
2024-02-14,Beta,Day,8.0,7.13,337,8,76.3
2024-02-14,Beta,Evening,8.0,7.15,426,12,77.9
2024-02-14,Beta,Night,8.0,6.99,394,15,78.4
2024-02-14,Gamma,Day,8.0,7.09,389,16,62.2
2024-02-14,Gamma,Evening,8.0,6.96,359,15,74.0
2024-02-14,Gamma,Night,8.0,6.89,404,18,69.1
2024-02-15,Alpha,Day,8.0,7.45,402,7,81.9
2024-02-15,Alpha,Evening,8.0,7.22,400,11,90.1
2024-02-15,Alpha,Night,8.0,7.63,458,8,83.8
2024-02-15,Beta,Day,8.0,7.02,412,14,71.2
2024-02-15,Beta,Evening,8.0,7.26,362,14,76.6
2024-02-15,Beta,Night,8.0,7.29,374,11,70.2
2024-02-15,Gamma,Day,8.0,6.66,336,14,67.4
2024-02-15,Gamma,Evening,8.0,6.71,380,17,72.8
2024-02-15,Gamma,Night,8.0,6.99,408,14,76.6
2024-02-16,Alpha,Day,8.0,8.0,369,5,94.4
2024-02-16,Alpha,Evening,8.0,7.31,373,9,89.1
2024-02-16,Alpha,Night,8.0,7.86,386,5,89.4
2024-02-16,Beta,Day,8.0,6.99,373,13,73.5
2024-02-16,Beta,Evening,8.0,6.68,330,10,74.1
2024-02-16,Beta,Night,8.0,7.52,365,11,74.9
2024-02-16,Gamma,Day,8.0,6.66,329,19,71.8
2024-02-16,Gamma,Evening,8.0,6.94,372,22,66.4
2024-02-16,Gamma,Night,8.0,6.52,346,13,73.1
2024-02-17,Alpha,Day,8.0,7.47,373,7,81.9
2024-02-17,Alpha,Evening,8.0,7.3,389,6,85.0
2024-02-17,Alpha,Night,8.0,7.36,360,3,81.6
2024-02-17,Beta,Day,8.0,6.83,411,12,82.3
2024-02-17,Beta,Evening,8.0,6.69,261,9,70.8
2024-02-17,Beta,Night,8.0,7.25,433,14,66.7
2024-02-17,Gamma,Day,8.0,6.42,385,21,70.5
2024-02-17,Gamma,Evening,8.0,6.82,312,15,71.0
2024-02-17,Gamma,Night,8.0,6.55,385,21,66.8
2024-02-18,Alpha,Day,8.0,7.27,420,6,82.7
2024-02-18,Alpha,Evening,8.0,7.05,388,5,90.2
2024-02-18,Alpha,Night,8.0,7.96,430,9,89.2
2024-02-18,Beta,Day,8.0,7.09,382,11,73.4
2024-02-18,Beta,Evening,8.0,6.8,389,11,69.5
2024-02-18,Beta,Night,8.0,7.34,359,11,73.0
2024-02-18,Gamma,Day,8.0,7.0,361,15,67.8
2024-02-18,Gamma,Evening,8.0,6.67,387,18,77.1
2024-02-18,Gamma,Night,8.0,6.94,376,17,70.6
2024-02-19,Alpha,Day,8.0,7.54,401,3,81.0
2024-02-19,Alpha,Evening,8.0,7.5,401,6,91.6
2024-02-19,Alpha,Night,8.0,7.66,410,4,81.1
2024-02-19,Beta,Day,8.0,6.93,348,9,73.1
2024-02-19,Beta,Evening,8.0,7.04,304,9,71.1
2024-02-19,Beta,Night,8.0,7.27,386,14,74.7
2024-02-19,Gamma,Day,8.0,6.23,328,15,70.1
2024-02-19,Gamma,Evening,8.0,6.28,300,15,67.6
2024-02-19,Gamma,Night,8.0,7.01,376,15,71.0
2024-02-20,Alpha,Day,8.0,7.61,332,7,86.9
2024-02-20,Alpha,Evening,8.0,7.48,374,7,85.4
2024-02-20,Alpha,Night,8.0,7.68,455,6,92.1
2024-02-20,Beta,Day,8.0,7.52,385,14,74.4
2024-02-20,Beta,Evening,8.0,6.65,357,12,71.4
2024-02-20,Beta,Night,8.0,7.18,374,11,74.4
2024-02-20,Gamma,Day,8.0,6.1,320,14,71.7
2024-02-20,Gamma,Evening,8.0,6.65,359,14,70.7
2024-02-20,Gamma,Night,8.0,6.51,320,13,66.1
2024-02-21,Alpha,Day,8.0,7.55,371,6,90.1
2024-02-21,Alpha,Evening,8.0,7.55,395,7,82.6
2024-02-21,Alpha,Night,8.0,7.2,326,6,86.1
2024-02-21,Beta,Day,8.0,7.05,406,15,72.9
2024-02-21,Beta,Evening,8.0,6.88,368,15,74.6
2024-02-21,Beta,Night,8.0,7.22,394,9,76.1
2024-02-21,Gamma,Day,8.0,6.78,350,17,68.1
2024-02-21,Gamma,Evening,8.0,7.32,370,14,76.2
2024-02-21,Gamma,Night,8.0,6.41,315,12,69.2
2024-02-22,Alpha,Day,8.0,7.38,376,8,92.0
2024-02-22,Alpha,Evening,8.0,7.55,366,5,88.6
2024-02-22,Alpha,Night,8.0,7.66,371,7,84.9
2024-02-22,Beta,Day,8.0,7.41,387,10,74.9
2024-02-22,Beta,Evening,8.0,7.11,389,16,73.2
2024-02-22,Beta,Night,8.0,7.0,350,11,73.1
2024-02-22,Gamma,Day,8.0,6.95,310,14,75.8
2024-02-22,Gamma,Evening,8.0,6.96,362,15,68.0
2024-02-22,Gamma,Night,8.0,6.6,314,13,68.9
2024-02-23,Alpha,Day,8.0,7.76,382,8,90.2
2024-02-23,Alpha,Evening,8.0,7.5,390,6,88.2
2024-02-23,Alpha,Night,8.0,7.61,404,4,88.7
2024-02-23,Beta,Day,8.0,6.89,388,11,66.8
2024-02-23,Beta,Evening,8.0,6.8,340,11,73.6
2024-02-23,Beta,Night,8.0,6.95,336,8,73.4
2024-02-23,Gamma,Day,8.0,6.8,306,15,68.0
2024-02-23,Gamma,Evening,8.0,6.84,313,14,69.0
2024-02-23,Gamma,Night,8.0,7.13,365,18,76.3
2024-02-24,Alpha,Day,8.0,7.37,385,5,86.8
2024-02-24,Alpha,Evening,8.0,7.88,367,3,77.4
2024-02-24,Alpha,Night,8.0,7.77,441,7,87.0
2024-02-24,Beta,Day,8.0,7.11,387,12,75.8
2024-02-24,Beta,Evening,8.0,7.64,359,14,80.3
2024-02-24,Beta,Night,8.0,7.14,375,11,84.2
2024-02-24,Gamma,Day,8.0,6.58,306,16,66.8
2024-02-24,Gamma,Evening,8.0,6.8,343,19,68.6
2024-02-24,Gamma,Night,8.0,6.47,317,13,65.0
2024-02-25,Alpha,Day,8.0,7.48,340,7,90.6
2024-02-25,Alpha,Evening,8.0,7.71,397,6,85.1
2024-02-25,Alpha,Night,8.0,7.6,382,5,88.2
2024-02-25,Beta,Day,8.0,7.38,364,13,76.0
2024-02-25,Beta,Evening,8.0,7.22,433,14,69.9
2024-02-25,Beta,Night,8.0,6.6,370,10,75.9
2024-02-25,Gamma,Day,8.0,7.49,391,20,72.0
2024-02-25,Gamma,Evening,8.0,6.34,296,11,71.4
2024-02-25,Gamma,Night,8.0,6.55,361,15,68.4
2024-02-26,Alpha,Day,8.0,7.56,347,3,78.3
2024-02-26,Alpha,Evening,8.0,7.83,432,10,78.1
2024-02-26,Alpha,Night,8.0,7.7,412,7,86.2
2024-02-26,Beta,Day,8.0,7.34,368,13,73.3
2024-02-26,Beta,Evening,8.0,7.09,366,11,83.1
2024-02-26,Beta,Night,8.0,6.85,350,9,71.6
2024-02-26,Gamma,Day,8.0,6.86,365,19,63.9
2024-02-26,Gamma,Evening,8.0,6.76,353,17,71.2
2024-02-26,Gamma,Night,8.0,7.27,327,10,74.6
2024-02-27,Alpha,Day,8.0,7.05,410,7,86.3
2024-02-27,Alpha,Evening,8.0,7.54,422,9,90.7
2024-02-27,Alpha,Night,8.0,7.6,368,8,88.7
2024-02-27,Beta,Day,8.0,7.12,321,10,74.9
2024-02-27,Beta,Evening,8.0,7.27,371,12,76.8
2024-02-27,Beta,Night,8.0,7.09,323,8,72.7
2024-02-27,Gamma,Day,8.0,6.69,382,17,72.0
2024-02-27,Gamma,Evening,8.0,6.93,337,12,72.7
2024-02-27,Gamma,Night,8.0,7.34,422,18,76.1
2024-02-28,Alpha,Day,8.0,7.25,320,5,78.7
2024-02-28,Alpha,Evening,8.0,7.32,371,6,85.6
2024-02-28,Alpha,Night,8.0,7.23,372,7,86.4
2024-02-28,Beta,Day,8.0,6.98,295,7,71.0
2024-02-28,Beta,Evening,8.0,7.31,403,10,76.7
2024-02-28,Beta,Night,8.0,6.96,301,9,69.0
2024-02-28,Gamma,Day,8.0,6.59,331,15,74.4
2024-02-28,Gamma,Evening,8.0,6.97,307,13,61.2
2024-02-28,Gamma,Night,8.0,6.75,380,20,68.1
2024-02-29,Alpha,Day,8.0,7.41,360,6,89.6
2024-02-29,Alpha,Evening,8.0,8.0,391,9,88.2
2024-02-29,Alpha,Night,8.0,7.85,431,5,90.9
2024-02-29,Beta,Day,8.0,6.98,362,12,73.7
2024-02-29,Beta,Evening,8.0,7.31,341,8,77.4
2024-02-29,Beta,Night,8.0,6.91,330,11,70.6
2024-02-29,Gamma,Day,8.0,6.71,307,16,69.7
2024-02-29,Gamma,Evening,8.0,7.3,356,15,72.0
2024-02-29,Gamma,Night,8.0,7.05,360,11,65.8
2024-03-01,Alpha,Day,8.0,7.49,418,7,81.0
2024-03-01,Alpha,Evening,8.0,7.2,409,3,90.2
2024-03-01,Alpha,Night,8.0,7.62,409,7,87.7
2024-03-01,Beta,Day,8.0,7.03,362,9,79.8
2024-03-01,Beta,Evening,8.0,6.62,301,6,73.7
2024-03-01,Beta,Night,8.0,7.14,397,14,78.8
2024-03-01,Gamma,Day,8.0,6.64,364,15,73.6
2024-03-01,Gamma,Evening,8.0,7.21,417,22,70.6
2024-03-01,Gamma,Night,8.0,6.77,371,17,65.4
2024-03-02,Alpha,Day,8.0,7.63,409,10,91.5
2024-03-02,Alpha,Evening,8.0,7.86,423,7,91.4
2024-03-02,Alpha,Night,8.0,7.66,449,9,90.0
2024-03-02,Beta,Day,8.0,7.35,416,14,72.4
2024-03-02,Beta,Evening,8.0,7.14,342,8,76.7
2024-03-02,Beta,Night,8.0,6.93,363,14,69.8
2024-03-02,Gamma,Day,8.0,7.14,378,16,65.9
2024-03-02,Gamma,Evening,8.0,6.58,337,17,77.0
2024-03-02,Gamma,Night,8.0,7.14,393,13,72.6
2024-03-03,Alpha,Day,8.0,7.32,371,7,93.2
2024-03-03,Alpha,Evening,8.0,7.3,339,7,93.6
2024-03-03,Alpha,Night,8.0,7.25,375,6,92.3
2024-03-03,Beta,Day,8.0,7.26,355,12,75.5
2024-03-03,Beta,Evening,8.0,7.51,377,14,71.9
2024-03-03,Beta,Night,8.0,6.95,334,9,78.8
2024-03-03,Gamma,Day,8.0,7.11,419,17,70.4
2024-03-03,Gamma,Evening,8.0,6.47,353,14,71.3
2024-03-03,Gamma,Night,8.0,6.99,363,19,72.5
2024-03-04,Alpha,Day,8.0,7.82,386,6,88.6
2024-03-04,Alpha,Evening,8.0,7.24,389,11,88.3
2024-03-04,Alpha,Night,8.0,7.39,416,8,86.9
2024-03-04,Beta,Day,8.0,7.28,362,10,68.8
2024-03-04,Beta,Evening,8.0,7.18,380,8,75.6
2024-03-04,Beta,Night,8.0,7.13,399,11,72.5
2024-03-04,Gamma,Day,8.0,6.42,313,14,67.6
2024-03-04,Gamma,Evening,8.0,6.45,363,15,66.2
2024-03-04,Gamma,Night,8.0,6.83,361,17,72.4
2024-03-05,Alpha,Day,8.0,7.31,417,5,86.6
2024-03-05,Alpha,Evening,8.0,7.57,389,5,83.4
2024-03-05,Alpha,Night,8.0,7.33,356,6,88.8
2024-03-05,Beta,Day,8.0,6.81,380,13,67.9
2024-03-05,Beta,Evening,8.0,6.82,300,10,75.6
2024-03-05,Beta,Night,8.0,6.89,310,10,78.8
2024-03-05,Gamma,Day,8.0,7.06,343,16,72.6
2024-03-05,Gamma,Evening,8.0,7.02,330,16,64.6
2024-03-05,Gamma,Night,8.0,6.84,380,18,72.7
2024-03-06,Alpha,Day,8.0,7.71,415,9,87.8
2024-03-06,Alpha,Evening,8.0,7.77,382,4,88.1
2024-03-06,Alpha,Night,8.0,7.3,401,10,85.5
2024-03-06,Beta,Day,8.0,7.2,323,10,74.9
2024-03-06,Beta,Evening,8.0,7.16,373,10,76.0
2024-03-06,Beta,Night,8.0,7.29,334,7,71.6
2024-03-06,Gamma,Day,8.0,6.51,326,17,68.7
2024-03-06,Gamma,Evening,8.0,7.07,360,16,65.2
2024-03-06,Gamma,Night,8.0,7.16,349,14,69.4
2024-03-07,Alpha,Day,8.0,7.39,395,5,88.0
2024-03-07,Alpha,Evening,8.0,7.93,482,15,84.8
2024-03-07,Alpha,Night,8.0,7.65,395,8,91.7
2024-03-07,Beta,Day,8.0,7.15,373,10,72.3
2024-03-07,Beta,Evening,8.0,7.21,405,11,69.0
2024-03-07,Beta,Night,8.0,7.29,423,16,73.7
2024-03-07,Gamma,Day,8.0,6.96,403,17,71.0
2024-03-07,Gamma,Evening,8.0,7.01,418,20,69.9
2024-03-07,Gamma,Night,8.0,6.75,357,13,74.2
2024-03-08,Alpha,Day,8.0,7.27,343,7,85.0
2024-03-08,Alpha,Evening,8.0,7.59,382,8,88.2
2024-03-08,Alpha,Night,8.0,7.57,370,6,86.7
2024-03-08,Beta,Day,8.0,6.96,344,9,72.9
2024-03-08,Beta,Evening,8.0,7.26,403,15,79.9
2024-03-08,Beta,Night,8.0,7.41,407,14,78.6
2024-03-08,Gamma,Day,8.0,6.6,342,13,72.7
2024-03-08,Gamma,Evening,8.0,6.73,311,12,72.0
2024-03-08,Gamma,Night,8.0,6.75,381,16,72.0
2024-03-09,Alpha,Day,8.0,7.65,406,6,86.1
2024-03-09,Alpha,Evening,8.0,8.0,461,8,88.4
2024-03-09,Alpha,Night,8.0,7.56,348,5,89.4
2024-03-09,Beta,Day,8.0,6.72,332,9,72.4
2024-03-09,Beta,Evening,8.0,7.36,378,9,75.2
2024-03-09,Beta,Night,8.0,7.07,358,12,68.0
2024-03-09,Gamma,Day,8.0,6.94,362,18,69.2
2024-03-09,Gamma,Evening,8.0,7.23,401,16,70.0
2024-03-09,Gamma,Night,8.0,6.73,336,16,71.0
2024-03-10,Alpha,Day,8.0,7.54,439,10,84.3
2024-03-10,Alpha,Evening,8.0,7.22,384,6,87.3
2024-03-10,Alpha,Night,8.0,7.78,394,8,88.7
2024-03-10,Beta,Day,8.0,7.18,360,13,64.3
2024-03-10,Beta,Evening,8.0,7.14,399,10,77.8
2024-03-10,Beta,Night,8.0,6.83,361,9,72.0
2024-03-10,Gamma,Day,8.0,6.55,314,13,71.2
2024-03-10,Gamma,Evening,8.0,6.69,333,13,66.7
2024-03-10,Gamma,Night,8.0,7.12,348,16,74.5
2024-03-11,Alpha,Day,8.0,7.36,361,6,87.8
2024-03-11,Alpha,Evening,8.0,7.14,367,5,85.5
2024-03-11,Alpha,Night,8.0,7.53,408,8,90.9
2024-03-11,Beta,Day,8.0,7.01,369,9,79.2
2024-03-11,Beta,Evening,8.0,7.01,387,10,69.2
2024-03-11,Beta,Night,8.0,7.03,368,12,74.6
2024-03-11,Gamma,Day,8.0,7.06,360,15,74.1
2024-03-11,Gamma,Evening,8.0,6.82,322,13,73.6
2024-03-11,Gamma,Night,8.0,6.6,350,17,68.7
2024-03-12,Alpha,Day,8.0,7.67,460,1,91.8
2024-03-12,Alpha,Evening,8.0,7.51,417,9,87.4
2024-03-12,Alpha,Night,8.0,7.45,406,8,91.4
2024-03-12,Beta,Day,8.0,6.9,373,10,75.0
2024-03-12,Beta,Evening,8.0,6.95,363,13,71.0
2024-03-12,Beta,Night,8.0,6.84,383,11,76.1
2024-03-12,Gamma,Day,8.0,7.02,373,16,70.1
2024-03-12,Gamma,Evening,8.0,6.72,359,14,69.3
2024-03-12,Gamma,Night,8.0,6.68,322,14,71.4
2024-03-13,Alpha,Day,8.0,7.44,409,3,86.0
2024-03-13,Alpha,Evening,8.0,7.74,358,5,84.9
2024-03-13,Alpha,Night,8.0,7.45,430,7,96.4
2024-03-13,Beta,Day,8.0,7.05,309,11,73.0
2024-03-13,Beta,Evening,8.0,7.11,413,14,68.0
2024-03-13,Beta,Night,8.0,7.0,377,9,72.0
2024-03-13,Gamma,Day,8.0,6.81,391,19,62.7
2024-03-13,Gamma,Evening,8.0,6.78,388,16,74.5
2024-03-13,Gamma,Night,8.0,6.77,379,20,70.6
2024-03-14,Alpha,Day,8.0,7.71,360,7,89.2
2024-03-14,Alpha,Evening,8.0,7.28,359,8,91.0
2024-03-14,Alpha,Night,8.0,7.49,368,3,84.0
2024-03-14,Beta,Day,8.0,6.73,306,6,70.0
2024-03-14,Beta,Evening,8.0,7.15,381,18,71.5
2024-03-14,Beta,Night,8.0,7.06,336,11,74.8
2024-03-14,Gamma,Day,8.0,7.06,330,13,70.4
2024-03-14,Gamma,Evening,8.0,6.93,339,14,75.4
2024-03-14,Gamma,Night,8.0,6.61,356,16,68.2
2024-03-15,Alpha,Day,8.0,7.53,383,8,87.2
2024-03-15,Alpha,Evening,8.0,7.09,346,5,87.9
2024-03-15,Alpha,Night,8.0,7.49,368,7,87.3
2024-03-15,Beta,Day,8.0,7.43,349,13,77.8
2024-03-15,Beta,Evening,8.0,7.18,428,12,77.0
2024-03-15,Beta,Night,8.0,6.81,387,11,76.0
2024-03-15,Gamma,Day,8.0,6.61,377,16,70.0
2024-03-15,Gamma,Evening,8.0,7.39,355,18,72.2
2024-03-15,Gamma,Night,8.0,6.82,364,15,65.7
2024-03-16,Alpha,Day,8.0,7.66,442,6,88.5
2024-03-16,Alpha,Evening,8.0,8.0,448,7,86.7
2024-03-16,Alpha,Night,8.0,7.66,460,9,90.3
2024-03-16,Beta,Day,8.0,7.4,364,12,74.6
2024-03-16,Beta,Evening,8.0,6.97,384,12,76.4
2024-03-16,Beta,Night,8.0,7.2,389,10,69.3
2024-03-16,Gamma,Day,8.0,6.46,357,14,65.4
2024-03-16,Gamma,Evening,8.0,6.86,323,16,70.8
2024-03-16,Gamma,Night,8.0,7.28,337,14,75.1
2024-03-17,Alpha,Day,8.0,7.82,454,5,90.1
2024-03-17,Alpha,Evening,8.0,8.0,436,6,82.8
2024-03-17,Alpha,Night,8.0,7.77,398,6,90.8
2024-03-17,Beta,Day,8.0,7.07,374,12,77.0
2024-03-17,Beta,Evening,8.0,7.21,404,13,70.8
2024-03-17,Beta,Night,8.0,7.18,378,7,70.9
2024-03-17,Gamma,Day,8.0,6.61,355,14,71.0
2024-03-17,Gamma,Evening,8.0,7.18,326,15,72.0
2024-03-17,Gamma,Night,8.0,6.66,344,15,69.5
2024-03-18,Alpha,Day,8.0,7.73,404,6,86.3
2024-03-18,Alpha,Evening,8.0,7.53,395,8,87.3
2024-03-18,Alpha,Night,8.0,7.3,396,7,85.2
2024-03-18,Beta,Day,8.0,7.38,353,9,78.8
2024-03-18,Beta,Evening,8.0,6.81,365,12,69.3
2024-03-18,Beta,Night,8.0,6.79,393,12,79.8
2024-03-18,Gamma,Day,8.0,6.96,397,18,71.4
2024-03-18,Gamma,Evening,8.0,7.23,339,15,65.6
2024-03-18,Gamma,Night,8.0,6.79,384,17,72.4
2024-03-19,Alpha,Day,8.0,7.4,313,6,88.3
2024-03-19,Alpha,Evening,8.0,7.49,400,9,86.2
2024-03-19,Alpha,Night,8.0,7.47,273,4,85.5
2024-03-19,Beta,Day,8.0,6.92,291,8,72.4
2024-03-19,Beta,Evening,8.0,7.26,386,8,76.7
2024-03-19,Beta,Night,8.0,6.65,371,10,70.3
2024-03-19,Gamma,Day,8.0,6.72,282,13,66.5
2024-03-19,Gamma,Evening,8.0,6.62,320,15,66.8
2024-03-19,Gamma,Night,8.0,6.47,302,14,69.1
2024-03-20,Alpha,Day,8.0,7.5,419,6,85.1
2024-03-20,Alpha,Evening,8.0,7.7,376,7,83.2
2024-03-20,Alpha,Night,8.0,7.69,429,8,86.1
2024-03-20,Beta,Day,8.0,7.01,371,14,72.3
2024-03-20,Beta,Evening,8.0,6.91,382,9,72.8
2024-03-20,Beta,Night,8.0,7.37,359,12,76.1
2024-03-20,Gamma,Day,8.0,6.8,371,12,66.3
2024-03-20,Gamma,Evening,8.0,6.83,343,19,74.9
2024-03-20,Gamma,Night,8.0,6.99,384,15,69.8
2024-03-21,Alpha,Day,8.0,7.31,416,3,90.9
2024-03-21,Alpha,Evening,8.0,7.25,348,9,82.3
2024-03-21,Alpha,Night,8.0,7.45,390,7,84.4
2024-03-21,Beta,Day,8.0,7.37,392,12,76.0
2024-03-21,Beta,Evening,8.0,7.55,441,11,70.4
2024-03-21,Beta,Night,8.0,7.13,393,15,70.1
2024-03-21,Gamma,Day,8.0,6.65,346,16,73.2
2024-03-21,Gamma,Evening,8.0,6.66,359,16,73.8
2024-03-21,Gamma,Night,8.0,6.92,382,16,71.9
2024-03-22,Alpha,Day,8.0,7.35,402,5,92.8
2024-03-22,Alpha,Evening,8.0,7.23,353,7,85.1
2024-03-22,Alpha,Night,8.0,7.65,444,6,81.0
2024-03-22,Beta,Day,8.0,7.1,391,11,80.8
2024-03-22,Beta,Evening,8.0,7.14,350,12,70.5
2024-03-22,Beta,Night,8.0,6.6,308,11,74.3
2024-03-22,Gamma,Day,8.0,6.81,350,13,73.8
2024-03-22,Gamma,Evening,8.0,6.84,314,16,72.6
2024-03-22,Gamma,Night,8.0,6.64,388,16,70.9
2024-03-23,Alpha,Day,8.0,7.47,370,4,89.3
2024-03-23,Alpha,Evening,8.0,7.78,458,8,83.4
2024-03-23,Alpha,Night,8.0,7.49,422,5,87.0
2024-03-23,Beta,Day,8.0,7.29,435,13,73.7
2024-03-23,Beta,Evening,8.0,7.25,391,11,73.5
2024-03-23,Beta,Night,8.0,6.99,359,9,78.1
2024-03-23,Gamma,Day,8.0,6.98,394,19,72.1
2024-03-23,Gamma,Evening,8.0,7.16,322,14,70.5
2024-03-23,Gamma,Night,8.0,6.62,331,13,66.0
2024-03-24,Alpha,Day,8.0,7.54,414,5,81.4
2024-03-24,Alpha,Evening,8.0,7.43,371,5,85.0
2024-03-24,Alpha,Night,8.0,7.53,372,6,87.6
2024-03-24,Beta,Day,8.0,6.87,324,12,74.9
2024-03-24,Beta,Evening,8.0,6.96,377,11,71.5
2024-03-24,Beta,Night,8.0,6.58,329,12,75.2
2024-03-24,Gamma,Day,8.0,6.9,343,15,69.0
2024-03-24,Gamma,Evening,8.0,6.71,335,17,77.0
2024-03-24,Gamma,Night,8.0,6.84,365,16,65.8
2024-03-25,Alpha,Day,8.0,7.62,388,6,88.5
2024-03-25,Alpha,Evening,8.0,7.29,391,5,87.0
2024-03-25,Alpha,Night,8.0,7.61,386,4,84.9
2024-03-25,Beta,Day,8.0,7.02,399,8,80.7
2024-03-25,Beta,Evening,8.0,7.04,312,9,73.1
2024-03-25,Beta,Night,8.0,6.8,376,7,73.9
2024-03-25,Gamma,Day,8.0,6.53,350,15,73.0
2024-03-25,Gamma,Evening,8.0,6.62,382,15,72.3
2024-03-25,Gamma,Night,8.0,7.03,356,14,75.4
2024-03-26,Alpha,Day,8.0,7.2,348,6,92.0
2024-03-26,Alpha,Evening,8.0,7.62,407,10,84.3
2024-03-26,Alpha,Night,8.0,7.59,412,10,87.6
2024-03-26,Beta,Day,8.0,7.18,378,12,76.4
2024-03-26,Beta,Evening,8.0,7.23,371,9,74.4
2024-03-26,Beta,Night,8.0,7.34,347,10,72.4
2024-03-26,Gamma,Day,8.0,6.47,342,17,74.9
2024-03-26,Gamma,Evening,8.0,6.53,321,12,67.0
2024-03-26,Gamma,Night,8.0,6.46,329,13,69.8
2024-03-27,Alpha,Day,8.0,7.52,385,7,90.7
2024-03-27,Alpha,Evening,8.0,7.19,399,7,81.5
2024-03-27,Alpha,Night,8.0,7.73,412,7,89.0
2024-03-27,Beta,Day,8.0,6.88,387,12,75.5
2024-03-27,Beta,Evening,8.0,7.01,372,12,71.4
2024-03-27,Beta,Night,8.0,7.43,344,10,73.9
2024-03-27,Gamma,Day,8.0,6.57,373,19,66.9
2024-03-27,Gamma,Evening,8.0,6.54,314,12,68.1
2024-03-27,Gamma,Night,8.0,7.03,375,16,68.0
2024-03-28,Alpha,Day,8.0,7.27,386,6,89.5
2024-03-28,Alpha,Evening,8.0,7.94,329,6,93.8
2024-03-28,Alpha,Night,8.0,7.34,363,7,78.4
2024-03-28,Beta,Day,8.0,7.1,401,13,73.1
2024-03-28,Beta,Evening,8.0,6.98,374,10,70.8
2024-03-28,Beta,Night,8.0,7.21,324,9,76.0
2024-03-28,Gamma,Day,8.0,7.0,382,16,75.7
2024-03-28,Gamma,Evening,8.0,6.89,358,17,73.4
2024-03-28,Gamma,Night,8.0,7.08,418,18,68.0
2024-03-29,Alpha,Day,8.0,7.3,329,5,84.5
2024-03-29,Alpha,Evening,8.0,7.73,381,3,82.9
2024-03-29,Alpha,Night,8.0,7.31,375,9,84.8
2024-03-29,Beta,Day,8.0,6.96,334,12,71.5
2024-03-29,Beta,Evening,8.0,7.1,373,12,68.4
2024-03-29,Beta,Night,8.0,7.11,354,8,67.9
2024-03-29,Gamma,Day,8.0,6.33,322,14,67.6
2024-03-29,Gamma,Evening,8.0,6.91,365,12,64.6
2024-03-29,Gamma,Night,8.0,7.2,417,18,66.9
2024-03-30,Alpha,Day,8.0,7.26,356,5,86.5
2024-03-30,Alpha,Evening,8.0,7.44,361,3,87.1
2024-03-30,Alpha,Night,8.0,7.9,416,7,81.6
2024-03-30,Beta,Day,8.0,6.78,381,13,70.1
2024-03-30,Beta,Evening,8.0,7.07,328,8,79.2
2024-03-30,Beta,Night,8.0,7.21,398,11,77.9
2024-03-30,Gamma,Day,8.0,6.26,300,12,72.1
2024-03-30,Gamma,Evening,8.0,6.76,380,14,65.5
2024-03-30,Gamma,Night,8.0,6.76,295,11,67.7
2024-03-31,Alpha,Day,8.0,7.2,388,8,90.8
2024-03-31,Alpha,Evening,8.0,6.89,396,5,92.6
2024-03-31,Alpha,Night,8.0,7.3,366,6,87.0
2024-03-31,Beta,Day,8.0,7.09,337,10,70.2
2024-03-31,Beta,Evening,8.0,6.7,333,11,71.7
2024-03-31,Beta,Night,8.0,6.94,428,14,78.5
2024-03-31,Gamma,Day,8.0,6.6,342,14,71.4
2024-03-31,Gamma,Evening,8.0,6.95,332,14,68.3
2024-03-31,Gamma,Night,8.0,6.77,318,8,67.5
2024-04-01,Alpha,Day,8.0,7.44,424,9,87.5
2024-04-01,Alpha,Evening,8.0,7.85,410,6,83.4
2024-04-01,Alpha,Night,8.0,7.49,392,8,86.6
2024-04-01,Beta,Day,8.0,7.09,364,7,79.3
2024-04-01,Beta,Evening,8.0,7.28,385,8,71.5
2024-04-01,Beta,Night,8.0,7.34,385,11,80.6
2024-04-01,Gamma,Day,8.0,6.73,359,16,74.4
2024-04-01,Gamma,Evening,8.0,6.5,329,16,65.5
2024-04-01,Gamma,Night,8.0,6.7,368,17,65.9
2024-04-02,Alpha,Day,8.0,7.23,343,5,93.9
2024-04-02,Alpha,Evening,8.0,7.82,405,3,90.5
2024-04-02,Alpha,Night,8.0,8.0,422,5,88.1
2024-04-02,Beta,Day,8.0,7.05,366,13,74.9
2024-04-02,Beta,Evening,8.0,6.76,377,15,78.4
2024-04-02,Beta,Night,8.0,7.08,342,12,81.4
2024-04-02,Gamma,Day,8.0,7.03,357,17,71.6
2024-04-02,Gamma,Evening,8.0,6.39,313,16,69.3
2024-04-02,Gamma,Night,8.0,6.96,347,15,70.4
2024-04-03,Alpha,Day,8.0,7.56,326,7,84.3
2024-04-03,Alpha,Evening,8.0,7.38,380,9,82.6
2024-04-03,Alpha,Night,8.0,7.85,416,8,90.2
2024-04-03,Beta,Day,8.0,7.01,356,11,76.9
2024-04-03,Beta,Evening,8.0,7.21,368,8,69.1
2024-04-03,Beta,Night,8.0,6.89,371,10,77.1
2024-04-03,Gamma,Day,8.0,7.0,347,16,68.9
2024-04-03,Gamma,Evening,8.0,7.02,354,16,68.2
2024-04-03,Gamma,Night,8.0,6.7,370,13,65.9
2024-04-04,Alpha,Day,8.0,7.88,465,8,84.8
2024-04-04,Alpha,Evening,8.0,7.6,382,8,87.1
2024-04-04,Alpha,Night,8.0,7.84,388,6,93.0
2024-04-04,Beta,Day,8.0,7.03,389,13,72.3
2024-04-04,Beta,Evening,8.0,6.94,408,12,75.8
2024-04-04,Beta,Night,8.0,6.9,365,13,68.7
2024-04-04,Gamma,Day,8.0,6.6,338,14,70.1
2024-04-04,Gamma,Evening,8.0,6.94,379,16,71.3
2024-04-04,Gamma,Night,8.0,6.66,295,13,69.8
2024-04-05,Alpha,Day,8.0,7.52,406,7,88.4
2024-04-05,Alpha,Evening,8.0,7.9,357,6,84.5
2024-04-05,Alpha,Night,8.0,7.54,375,8,86.2
2024-04-05,Beta,Day,8.0,6.87,367,9,69.6
2024-04-05,Beta,Evening,8.0,6.81,330,10,71.0
2024-04-05,Beta,Night,8.0,6.97,378,11,72.1
2024-04-05,Gamma,Day,8.0,6.87,344,15,68.7
2024-04-05,Gamma,Evening,8.0,7.01,386,14,70.3
2024-04-05,Gamma,Night,8.0,6.72,352,17,67.8
2024-04-06,Alpha,Day,8.0,7.37,362,5,85.4
2024-04-06,Alpha,Evening,8.0,7.34,388,7,90.3
2024-04-06,Alpha,Night,8.0,7.61,446,6,93.8
2024-04-06,Beta,Day,8.0,6.99,309,9,80.4
2024-04-06,Beta,Evening,8.0,7.11,357,8,71.4
2024-04-06,Beta,Night,8.0,7.3,375,11,80.8
2024-04-06,Gamma,Day,8.0,6.75,346,15,74.2
2024-04-06,Gamma,Evening,8.0,6.96,365,14,69.3
2024-04-06,Gamma,Night,8.0,6.86,349,16,76.2
2024-04-07,Alpha,Day,8.0,7.2,369,8,94.5
2024-04-07,Alpha,Evening,8.0,7.24,373,9,82.9
2024-04-07,Alpha,Night,8.0,7.31,370,7,90.9
2024-04-07,Beta,Day,8.0,7.11,391,11,73.2
2024-04-07,Beta,Evening,8.0,6.96,339,12,77.7
2024-04-07,Beta,Night,8.0,6.66,373,12,77.0
2024-04-07,Gamma,Day,8.0,6.86,406,18,68.9
2024-04-07,Gamma,Evening,8.0,6.32,324,13,74.2
2024-04-07,Gamma,Night,8.0,6.87,377,16,71.0
2024-04-08,Alpha,Day,8.0,7.13,376,9,85.1
2024-04-08,Alpha,Evening,8.0,7.07,407,8,86.8
2024-04-08,Alpha,Night,8.0,7.57,378,5,85.4
2024-04-08,Beta,Day,8.0,6.74,384,11,81.6
2024-04-08,Beta,Evening,8.0,7.34,394,12,73.6
2024-04-08,Beta,Night,8.0,7.11,371,10,72.2
2024-04-08,Gamma,Day,8.0,6.81,359,18,66.3
2024-04-08,Gamma,Evening,8.0,6.71,326,15,70.8
2024-04-08,Gamma,Night,8.0,6.51,317,13,72.8
2024-04-09,Alpha,Day,8.0,7.38,359,6,82.8
2024-04-09,Alpha,Evening,8.0,7.19,369,9,84.5
2024-04-09,Alpha,Night,8.0,7.32,359,5,88.6
2024-04-09,Beta,Day,8.0,7.24,361,11,70.0
2024-04-09,Beta,Evening,8.0,6.83,328,10,72.2
2024-04-09,Beta,Night,8.0,6.92,358,10,72.8
2024-04-09,Gamma,Day,8.0,7.16,392,15,71.0
2024-04-09,Gamma,Evening,8.0,6.61,310,13,69.0
2024-04-09,Gamma,Night,8.0,6.99,389,18,74.4
2024-04-10,Alpha,Day,8.0,7.85,356,2,88.9
2024-04-10,Alpha,Evening,8.0,7.52,354,7,85.6
2024-04-10,Alpha,Night,8.0,7.47,400,6,94.9
2024-04-10,Beta,Day,8.0,6.68,367,14,83.6
2024-04-10,Beta,Evening,8.0,7.15,370,12,76.2
2024-04-10,Beta,Night,8.0,7.33,387,11,77.1
2024-04-10,Gamma,Day,8.0,6.4,322,12,67.7
2024-04-10,Gamma,Evening,8.0,7.25,372,20,74.1
2024-04-10,Gamma,Night,8.0,6.78,356,17,64.8
2024-04-11,Alpha,Day,8.0,7.12,327,8,85.8
2024-04-11,Alpha,Evening,8.0,7.42,372,8,89.4
2024-04-11,Alpha,Night,8.0,7.72,409,5,85.6
2024-04-11,Beta,Day,8.0,6.9,367,12,71.0
2024-04-11,Beta,Evening,8.0,6.8,324,10,69.7
2024-04-11,Beta,Night,8.0,7.42,391,12,73.9
2024-04-11,Gamma,Day,8.0,6.91,338,16,72.5
2024-04-11,Gamma,Evening,8.0,6.8,339,12,67.2
2024-04-11,Gamma,Night,8.0,6.96,372,17,68.6
2024-04-12,Alpha,Day,8.0,7.28,363,8,92.2
2024-04-12,Alpha,Evening,8.0,7.42,403,4,89.0
2024-04-12,Alpha,Night,8.0,7.44,362,5,86.6
2024-04-12,Beta,Day,8.0,6.92,359,11,75.2
2024-04-12,Beta,Evening,8.0,7.15,386,10,74.9
2024-04-12,Beta,Night,8.0,7.5,351,11,69.9
2024-04-12,Gamma,Day,8.0,6.91,404,19,72.9
2024-04-12,Gamma,Evening,8.0,6.85,381,16,66.5
2024-04-12,Gamma,Night,8.0,6.81,379,17,68.8
2024-04-13,Alpha,Day,8.0,7.74,403,5,93.4
2024-04-13,Alpha,Evening,8.0,7.53,311,7,89.7
2024-04-13,Alpha,Night,8.0,7.43,428,9,88.6
2024-04-13,Beta,Day,8.0,6.86,374,9,71.7
2024-04-13,Beta,Evening,8.0,6.78,390,13,76.3
2024-04-13,Beta,Night,8.0,7.05,437,11,70.6
2024-04-13,Gamma,Day,8.0,7.08,315,13,70.4
2024-04-13,Gamma,Evening,8.0,6.94,363,11,63.4
2024-04-13,Gamma,Night,8.0,6.66,324,13,72.2
2024-04-14,Alpha,Day,8.0,7.56,404,7,84.5
2024-04-14,Alpha,Evening,8.0,7.67,356,9,90.4
2024-04-14,Alpha,Night,8.0,7.26,346,7,86.2
2024-04-14,Beta,Day,8.0,7.21,358,13,70.4
2024-04-14,Beta,Evening,8.0,6.9,408,14,74.9
2024-04-14,Beta,Night,8.0,7.15,384,12,73.9
2024-04-14,Gamma,Day,8.0,6.63,345,15,74.0
2024-04-14,Gamma,Evening,8.0,6.83,369,18,64.4
2024-04-14,Gamma,Night,8.0,6.78,373,16,71.7
2024-04-15,Alpha,Day,8.0,7.53,369,6,89.2
2024-04-15,Alpha,Evening,8.0,7.76,407,7,83.5
2024-04-15,Alpha,Night,8.0,7.22,401,9,83.1
2024-04-15,Beta,Day,8.0,6.55,298,11,71.8
2024-04-15,Beta,Evening,8.0,7.18,404,15,67.6
2024-04-15,Beta,Night,8.0,6.63,342,12,69.8
2024-04-15,Gamma,Day,8.0,6.52,380,17,76.6
2024-04-15,Gamma,Evening,8.0,6.61,382,13,71.9
2024-04-15,Gamma,Night,8.0,6.93,375,17,74.7
2024-04-16,Alpha,Day,8.0,7.25,393,6,86.3
2024-04-16,Alpha,Evening,8.0,7.71,419,8,84.6
2024-04-16,Alpha,Night,8.0,7.44,331,7,95.1
2024-04-16,Beta,Day,8.0,6.7,323,11,71.6
2024-04-16,Beta,Evening,8.0,7.11,400,11,71.3
2024-04-16,Beta,Night,8.0,6.65,342,11,76.8
2024-04-16,Gamma,Day,8.0,6.76,352,15,72.5
2024-04-16,Gamma,Evening,8.0,6.84,355,19,65.7
2024-04-16,Gamma,Night,8.0,6.63,370,15,67.2
2024-04-17,Alpha,Day,8.0,7.82,412,5,89.0
2024-04-17,Alpha,Evening,8.0,7.67,319,6,86.4
2024-04-17,Alpha,Night,8.0,7.79,354,6,88.5
2024-04-17,Beta,Day,8.0,7.38,393,11,74.6
2024-04-17,Beta,Evening,8.0,7.02,387,15,74.7
2024-04-17,Beta,Night,8.0,6.72,350,10,72.5
2024-04-17,Gamma,Day,8.0,6.84,376,18,70.0
2024-04-17,Gamma,Evening,8.0,6.71,345,13,66.2
2024-04-17,Gamma,Night,8.0,6.58,403,19,69.1
2024-04-18,Alpha,Day,8.0,7.42,457,11,88.0
2024-04-18,Alpha,Evening,8.0,7.39,378,5,88.7
2024-04-18,Alpha,Night,8.0,7.74,389,7,90.1
2024-04-18,Beta,Day,8.0,7.5,387,12,71.8
2024-04-18,Beta,Evening,8.0,7.49,394,11,69.1
2024-04-18,Beta,Night,8.0,7.09,380,9,73.0
2024-04-18,Gamma,Day,8.0,7.0,369,15,69.7
2024-04-18,Gamma,Evening,8.0,6.74,356,18,70.3
2024-04-18,Gamma,Night,8.0,6.47,348,19,72.8
2024-04-19,Alpha,Day,8.0,7.53,384,5,92.3
2024-04-19,Alpha,Evening,8.0,7.19,406,7,85.7
2024-04-19,Alpha,Night,8.0,7.36,405,6,86.8
2024-04-19,Beta,Day,8.0,6.9,385,12,75.1
2024-04-19,Beta,Evening,8.0,6.91,359,13,72.8
2024-04-19,Beta,Night,8.0,7.47,392,13,77.8
2024-04-19,Gamma,Day,8.0,6.95,406,17,68.2
2024-04-19,Gamma,Evening,8.0,6.93,370,17,65.8
2024-04-19,Gamma,Night,8.0,6.79,322,15,71.6
2024-04-20,Alpha,Day,8.0,7.6,407,7,84.5
2024-04-20,Alpha,Evening,8.0,7.78,368,6,90.5
2024-04-20,Alpha,Night,8.0,7.73,425,5,85.1
2024-04-20,Beta,Day,8.0,7.13,370,12,70.7
2024-04-20,Beta,Evening,8.0,6.95,388,13,73.8
2024-04-20,Beta,Night,8.0,7.07,391,15,67.7
2024-04-20,Gamma,Day,8.0,6.95,380,18,71.9
2024-04-20,Gamma,Evening,8.0,6.89,371,17,68.5
2024-04-20,Gamma,Night,8.0,7.32,416,21,67.3
2024-04-21,Alpha,Day,8.0,7.71,403,7,83.2
2024-04-21,Alpha,Evening,8.0,7.79,351,6,87.5
2024-04-21,Alpha,Night,8.0,7.41,357,5,84.8
2024-04-21,Beta,Day,8.0,7.06,381,9,76.8
2024-04-21,Beta,Evening,8.0,6.88,343,6,70.7
2024-04-21,Beta,Night,8.0,6.96,342,9,78.4
2024-04-21,Gamma,Day,8.0,6.61,331,14,71.3
2024-04-21,Gamma,Evening,8.0,7.08,394,15,77.3
2024-04-21,Gamma,Night,8.0,6.4,308,14,73.3
2024-04-22,Alpha,Day,8.0,8.0,347,5,81.6
2024-04-22,Alpha,Evening,8.0,7.68,338,6,91.5
2024-04-22,Alpha,Night,8.0,7.65,333,4,86.7
2024-04-22,Beta,Day,8.0,7.09,395,12,74.2
2024-04-22,Beta,Evening,8.0,6.84,351,11,78.2
2024-04-22,Beta,Night,8.0,7.09,420,12,73.5
2024-04-22,Gamma,Day,8.0,6.51,325,12,70.3
2024-04-22,Gamma,Evening,8.0,6.71,344,15,71.1
2024-04-22,Gamma,Night,8.0,6.45,317,11,68.8
2024-04-23,Alpha,Day,8.0,8.0,362,2,92.6
2024-04-23,Alpha,Evening,8.0,7.2,335,7,77.5
2024-04-23,Alpha,Night,8.0,7.49,412,5,88.5
2024-04-23,Beta,Day,8.0,7.31,369,13,77.1
2024-04-23,Beta,Evening,8.0,6.83,351,10,74.8
2024-04-23,Beta,Night,8.0,7.13,357,12,74.0
2024-04-23,Gamma,Day,8.0,6.75,310,13,63.0
2024-04-23,Gamma,Evening,8.0,6.66,364,18,65.9
2024-04-23,Gamma,Night,8.0,6.85,356,14,69.0
2024-04-24,Alpha,Day,8.0,7.63,348,8,86.9
2024-04-24,Alpha,Evening,8.0,7.25,354,8,87.1
2024-04-24,Alpha,Night,8.0,7.56,354,7,88.4
2024-04-24,Beta,Day,8.0,7.03,366,8,70.7
2024-04-24,Beta,Evening,8.0,7.3,400,12,72.0
2024-04-24,Beta,Night,8.0,7.07,410,13,77.7
2024-04-24,Gamma,Day,8.0,6.98,326,16,68.4
2024-04-24,Gamma,Evening,8.0,6.43,344,15,70.1
2024-04-24,Gamma,Night,8.0,6.86,332,11,68.2
2024-04-25,Alpha,Day,8.0,7.93,443,9,85.0
2024-04-25,Alpha,Evening,8.0,7.76,403,7,87.2
2024-04-25,Alpha,Night,8.0,7.14,339,4,85.5
2024-04-25,Beta,Day,8.0,7.09,398,15,70.4
2024-04-25,Beta,Evening,8.0,7.05,397,14,72.2
2024-04-25,Beta,Night,8.0,7.13,377,9,70.9
2024-04-25,Gamma,Day,8.0,6.73,327,16,73.5
2024-04-25,Gamma,Evening,8.0,6.85,341,17,70.6
2024-04-25,Gamma,Night,8.0,6.92,321,15,71.0
2024-04-26,Alpha,Day,8.0,7.54,367,4,89.0
2024-04-26,Alpha,Evening,8.0,7.3,406,5,85.4
2024-04-26,Alpha,Night,8.0,7.67,383,5,89.1
2024-04-26,Beta,Day,8.0,7.02,352,9,73.1
2024-04-26,Beta,Evening,8.0,7.01,360,13,78.6
2024-04-26,Beta,Night,8.0,7.35,358,12,75.6
2024-04-26,Gamma,Day,8.0,6.84,385,18,68.6
2024-04-26,Gamma,Evening,8.0,7.41,385,16,70.6
2024-04-26,Gamma,Night,8.0,6.51,383,14,70.1
2024-04-27,Alpha,Day,8.0,7.74,382,7,83.8
2024-04-27,Alpha,Evening,8.0,7.76,397,9,93.8
2024-04-27,Alpha,Night,8.0,7.37,410,8,87.1
2024-04-27,Beta,Day,8.0,6.49,281,8,73.3
2024-04-27,Beta,Evening,8.0,7.01,351,12,76.4
2024-04-27,Beta,Night,8.0,7.18,380,11,71.7
2024-04-27,Gamma,Day,8.0,6.62,335,16,67.4
2024-04-27,Gamma,Evening,8.0,6.86,350,14,68.5
2024-04-27,Gamma,Night,8.0,6.78,380,18,70.6
2024-04-28,Alpha,Day,8.0,7.53,408,8,87.8
2024-04-28,Alpha,Evening,8.0,7.9,363,7,94.2
2024-04-28,Alpha,Night,8.0,6.86,322,5,86.1
2024-04-28,Beta,Day,8.0,7.09,372,15,69.2
2024-04-28,Beta,Evening,8.0,7.03,361,11,70.3
2024-04-28,Beta,Night,8.0,6.77,412,13,68.4
2024-04-28,Gamma,Day,8.0,6.98,359,15,70.7
2024-04-28,Gamma,Evening,8.0,7.05,337,18,64.0
2024-04-28,Gamma,Night,8.0,6.65,354,14,67.4
2024-04-29,Alpha,Day,8.0,7.63,393,8,88.4
2024-04-29,Alpha,Evening,8.0,7.27,412,9,77.5
2024-04-29,Alpha,Night,8.0,7.72,395,7,84.8
2024-04-29,Beta,Day,8.0,6.68,402,19,80.6
2024-04-29,Beta,Evening,8.0,6.9,355,11,75.5
2024-04-29,Beta,Night,8.0,6.85,309,9,72.1
2024-04-29,Gamma,Day,8.0,6.78,353,14,72.3
2024-04-29,Gamma,Evening,8.0,7.0,303,16,67.5
2024-04-29,Gamma,Night,8.0,7.25,360,16,71.4
2024-04-30,Alpha,Day,8.0,7.96,384,8,84.6
2024-04-30,Alpha,Evening,8.0,7.24,366,8,81.9
2024-04-30,Alpha,Night,8.0,7.45,419,8,88.0
2024-04-30,Beta,Day,8.0,7.19,381,14,74.3
2024-04-30,Beta,Evening,8.0,7.44,364,10,78.3
2024-04-30,Beta,Night,8.0,7.69,396,13,76.2
2024-04-30,Gamma,Day,8.0,6.78,370,19,71.9
2024-04-30,Gamma,Evening,8.0,7.09,335,11,67.5
2024-04-30,Gamma,Night,8.0,6.93,380,14,64.9
2024-05-01,Alpha,Day,8.0,7.2,345,6,89.3
2024-05-01,Alpha,Evening,8.0,7.53,386,4,90.2
2024-05-01,Alpha,Night,8.0,7.63,355,7,87.9
2024-05-01,Beta,Day,8.0,6.88,324,10,69.6
2024-05-01,Beta,Evening,8.0,7.16,380,12,80.9
2024-05-01,Beta,Night,8.0,6.85,366,10,78.0
2024-05-01,Gamma,Day,8.0,6.69,400,16,70.0
2024-05-01,Gamma,Evening,8.0,7.07,381,15,68.1
2024-05-01,Gamma,Night,8.0,7.04,370,16,76.0
2024-05-02,Alpha,Day,8.0,7.46,399,7,87.6
2024-05-02,Alpha,Evening,8.0,7.89,441,6,88.7
2024-05-02,Alpha,Night,8.0,7.52,378,6,84.4
2024-05-02,Beta,Day,8.0,7.41,393,15,75.5
2024-05-02,Beta,Evening,8.0,7.28,369,12,71.7
2024-05-02,Beta,Night,8.0,7.28,414,11,70.8
2024-05-02,Gamma,Day,8.0,6.88,360,19,81.7
2024-05-02,Gamma,Evening,8.0,6.9,394,15,68.5
2024-05-02,Gamma,Night,8.0,6.32,289,15,73.1
2024-05-03,Alpha,Day,8.0,7.56,394,5,94.9
2024-05-03,Alpha,Evening,8.0,7.59,373,6,82.9
2024-05-03,Alpha,Night,8.0,7.88,443,8,82.6
2024-05-03,Beta,Day,8.0,7.42,399,15,70.1
2024-05-03,Beta,Evening,8.0,7.14,360,13,73.7
2024-05-03,Beta,Night,8.0,6.9,284,11,73.7
2024-05-03,Gamma,Day,8.0,6.78,388,16,79.4
2024-05-03,Gamma,Evening,8.0,6.51,345,18,64.2
2024-05-03,Gamma,Night,8.0,6.73,342,16,69.2
2024-05-04,Alpha,Day,8.0,7.44,402,8,89.7
2024-05-04,Alpha,Evening,8.0,7.67,431,9,84.2
2024-05-04,Alpha,Night,8.0,7.51,356,6,82.4
2024-05-04,Beta,Day,8.0,7.2,381,13,76.3
2024-05-04,Beta,Evening,8.0,6.77,367,8,73.5
2024-05-04,Beta,Night,8.0,6.59,352,12,75.7
2024-05-04,Gamma,Day,8.0,6.47,311,12,67.4
2024-05-04,Gamma,Evening,8.0,6.39,337,13,69.1
2024-05-04,Gamma,Night,8.0,6.84,348,17,66.9
2024-05-05,Alpha,Day,8.0,7.93,454,8,89.6
2024-05-05,Alpha,Evening,8.0,7.9,415,4,85.1
2024-05-05,Alpha,Night,8.0,6.9,374,7,87.4
2024-05-05,Beta,Day,8.0,7.02,421,14,79.6
2024-05-05,Beta,Evening,8.0,7.1,396,14,82.5
2024-05-05,Beta,Night,8.0,7.27,404,13,70.7
2024-05-05,Gamma,Day,8.0,6.69,324,13,73.1
2024-05-05,Gamma,Evening,8.0,6.58,359,14,72.4
2024-05-05,Gamma,Night,8.0,6.76,342,14,68.8
2024-05-06,Alpha,Day,8.0,6.92,322,8,84.7
2024-05-06,Alpha,Evening,8.0,8.0,387,7,87.6
2024-05-06,Alpha,Night,8.0,7.7,421,7,88.9
2024-05-06,Beta,Day,8.0,7.29,393,13,74.1
2024-05-06,Beta,Evening,8.0,7.59,415,14,70.1
2024-05-06,Beta,Night,8.0,7.02,413,12,76.4
2024-05-06,Gamma,Day,8.0,6.8,340,14,69.4
2024-05-06,Gamma,Evening,8.0,7.0,390,17,71.2
2024-05-06,Gamma,Night,8.0,7.0,367,18,72.3
2024-05-07,Alpha,Day,8.0,7.55,381,10,87.7
2024-05-07,Alpha,Evening,8.0,7.63,400,8,85.2
2024-05-07,Alpha,Night,8.0,7.44,337,4,76.7
2024-05-07,Beta,Day,8.0,6.96,335,11,71.6
2024-05-07,Beta,Evening,8.0,7.26,347,10,76.6
2024-05-07,Beta,Night,8.0,7.06,368,12,74.2
2024-05-07,Gamma,Day,8.0,6.84,295,11,72.9
2024-05-07,Gamma,Evening,8.0,6.96,389,18,64.3
2024-05-07,Gamma,Night,8.0,6.88,346,13,70.8
2024-05-08,Alpha,Day,8.0,7.34,426,8,85.6
2024-05-08,Alpha,Evening,8.0,7.59,329,7,85.3
2024-05-08,Alpha,Night,8.0,7.66,411,5,90.2
2024-05-08,Beta,Day,8.0,6.82,353,11,77.4
2024-05-08,Beta,Evening,8.0,7.11,366,10,69.8
2024-05-08,Beta,Night,8.0,7.25,416,15,74.3
2024-05-08,Gamma,Day,8.0,6.69,391,18,67.2
2024-05-08,Gamma,Evening,8.0,6.72,394,17,70.2
2024-05-08,Gamma,Night,8.0,6.9,363,15,70.3
2024-05-09,Alpha,Day,8.0,7.4,384,5,88.8
2024-05-09,Alpha,Evening,8.0,7.35,352,5,85.0
2024-05-09,Alpha,Night,8.0,7.48,379,8,88.8
2024-05-09,Beta,Day,8.0,7.33,376,12,66.8
2024-05-09,Beta,Evening,8.0,7.01,374,10,80.4
2024-05-09,Beta,Night,8.0,6.94,321,9,75.4
2024-05-09,Gamma,Day,8.0,6.89,377,16,64.7
2024-05-09,Gamma,Evening,8.0,6.69,356,13,71.4
2024-05-09,Gamma,Night,8.0,7.21,289,11,71.2
2024-05-10,Alpha,Day,8.0,7.69,425,10,83.7
2024-05-10,Alpha,Evening,8.0,7.88,469,10,82.8
2024-05-10,Alpha,Night,8.0,7.67,391,2,84.6
2024-05-10,Beta,Day,8.0,6.68,353,10,75.4
2024-05-10,Beta,Evening,8.0,7.24,357,9,73.9
2024-05-10,Beta,Night,8.0,7.52,411,11,68.1
2024-05-10,Gamma,Day,8.0,6.24,318,16,69.8
2024-05-10,Gamma,Evening,8.0,6.81,363,15,72.9
2024-05-10,Gamma,Night,8.0,6.8,356,16,64.8
2024-05-11,Alpha,Day,8.0,7.83,392,7,88.8
2024-05-11,Alpha,Evening,8.0,7.43,392,9,84.3
2024-05-11,Alpha,Night,8.0,6.96,383,7,84.0
2024-05-11,Beta,Day,8.0,6.88,316,9,74.6
2024-05-11,Beta,Evening,8.0,6.72,355,8,75.3
2024-05-11,Beta,Night,8.0,6.96,375,13,70.2
2024-05-11,Gamma,Day,8.0,6.92,344,15,67.3
2024-05-11,Gamma,Evening,8.0,6.95,335,16,65.5
2024-05-11,Gamma,Night,8.0,7.06,400,19,75.0
2024-05-12,Alpha,Day,8.0,7.68,438,6,87.2
2024-05-12,Alpha,Evening,8.0,7.76,419,4,92.3
2024-05-12,Alpha,Night,8.0,7.41,392,5,87.2
2024-05-12,Beta,Day,8.0,7.23,384,10,71.1
2024-05-12,Beta,Evening,8.0,7.18,388,10,72.5
2024-05-12,Beta,Night,8.0,7.07,394,16,71.6
2024-05-12,Gamma,Day,8.0,6.83,354,13,66.8
2024-05-12,Gamma,Evening,8.0,7.0,419,18,58.6
2024-05-12,Gamma,Night,8.0,7.22,370,22,71.0
2024-05-13,Alpha,Day,8.0,7.64,384,5,89.5
2024-05-13,Alpha,Evening,8.0,7.74,417,8,87.2
2024-05-13,Alpha,Night,8.0,7.03,378,8,87.3
2024-05-13,Beta,Day,8.0,7.28,378,13,80.9
2024-05-13,Beta,Evening,8.0,7.25,383,12,74.1
2024-05-13,Beta,Night,8.0,6.9,349,9,76.0
2024-05-13,Gamma,Day,8.0,6.8,375,13,66.8
2024-05-13,Gamma,Evening,8.0,6.97,339,12,67.6
2024-05-13,Gamma,Night,8.0,6.64,353,13,68.5
2024-05-14,Alpha,Day,8.0,7.58,392,3,91.8
2024-05-14,Alpha,Evening,8.0,7.51,407,5,91.6
2024-05-14,Alpha,Night,8.0,7.65,362,8,90.0
2024-05-14,Beta,Day,8.0,7.03,345,10,74.5
2024-05-14,Beta,Evening,8.0,7.05,348,11,72.4
2024-05-14,Beta,Night,8.0,6.64,323,10,79.0
2024-05-14,Gamma,Day,8.0,6.68,391,17,68.9
2024-05-14,Gamma,Evening,8.0,6.99,324,12,71.5
2024-05-14,Gamma,Night,8.0,6.92,332,16,74.4
2024-05-15,Alpha,Day,8.0,7.42,401,4,87.3
2024-05-15,Alpha,Evening,8.0,7.36,362,6,87.0
2024-05-15,Alpha,Night,8.0,7.68,373,7,83.7
2024-05-15,Beta,Day,8.0,6.81,354,8,77.7
2024-05-15,Beta,Evening,8.0,7.19,405,10,67.2
2024-05-15,Beta,Night,8.0,6.62,324,10,75.0
2024-05-15,Gamma,Day,8.0,6.84,365,14,74.7
2024-05-15,Gamma,Evening,8.0,6.67,393,16,68.1
2024-05-15,Gamma,Night,8.0,6.29,312,13,68.9
2024-05-16,Alpha,Day,8.0,7.85,473,8,89.2
2024-05-16,Alpha,Evening,8.0,7.69,393,8,87.8
2024-05-16,Alpha,Night,8.0,7.27,408,5,93.0
2024-05-16,Beta,Day,8.0,7.35,397,11,63.5
2024-05-16,Beta,Evening,8.0,6.95,409,12,73.2
2024-05-16,Beta,Night,8.0,7.23,345,12,68.1
2024-05-16,Gamma,Day,8.0,6.71,394,15,65.9
2024-05-16,Gamma,Evening,8.0,6.81,409,17,72.5
2024-05-16,Gamma,Night,8.0,7.08,349,17,74.7
2024-05-17,Alpha,Day,8.0,7.83,413,6,72.5
2024-05-17,Alpha,Evening,8.0,7.54,407,8,86.4
2024-05-17,Alpha,Night,8.0,7.5,407,5,85.2
2024-05-17,Beta,Day,8.0,6.88,389,10,80.6
2024-05-17,Beta,Evening,8.0,6.94,352,12,74.7
2024-05-17,Beta,Night,8.0,7.28,372,13,75.8
2024-05-17,Gamma,Day,8.0,6.64,334,15,70.2
2024-05-17,Gamma,Evening,8.0,6.97,406,18,71.5
2024-05-17,Gamma,Night,8.0,6.88,386,14,65.7
2024-05-18,Alpha,Day,8.0,7.39,374,3,88.8
2024-05-18,Alpha,Evening,8.0,7.71,418,7,85.2
2024-05-18,Alpha,Night,8.0,7.0,395,5,87.3
2024-05-18,Beta,Day,8.0,7.24,343,9,76.0
2024-05-18,Beta,Evening,8.0,7.15,362,14,74.8
2024-05-18,Beta,Night,8.0,7.36,419,13,74.3
2024-05-18,Gamma,Day,8.0,6.51,317,16,64.8
2024-05-18,Gamma,Evening,8.0,6.75,364,17,70.8
2024-05-18,Gamma,Night,8.0,6.98,379,17,73.1
2024-05-19,Alpha,Day,8.0,7.63,397,7,92.8
2024-05-19,Alpha,Evening,8.0,7.8,431,6,91.9
2024-05-19,Alpha,Night,8.0,7.97,433,4,87.4
2024-05-19,Beta,Day,8.0,6.92,343,10,72.9
2024-05-19,Beta,Evening,8.0,6.98,343,14,80.8
2024-05-19,Beta,Night,8.0,6.86,356,12,69.5
2024-05-19,Gamma,Day,8.0,6.63,308,13,69.6
2024-05-19,Gamma,Evening,8.0,7.03,423,22,70.3
2024-05-19,Gamma,Night,8.0,6.73,350,14,70.2
2024-05-20,Alpha,Day,8.0,6.97,330,7,83.0
2024-05-20,Alpha,Evening,8.0,6.92,316,5,87.7
2024-05-20,Alpha,Night,8.0,7.92,357,7,90.4
2024-05-20,Beta,Day,8.0,6.85,350,10,74.5
2024-05-20,Beta,Evening,8.0,6.7,343,11,70.8
2024-05-20,Beta,Night,8.0,6.89,355,11,71.9
2024-05-20,Gamma,Day,8.0,6.86,314,13,66.1
2024-05-20,Gamma,Evening,8.0,6.68,356,15,67.3
2024-05-20,Gamma,Night,8.0,6.45,339,15,66.7
2024-05-21,Alpha,Day,8.0,7.94,383,5,84.7
2024-05-21,Alpha,Evening,8.0,7.23,412,5,89.8
2024-05-21,Alpha,Night,8.0,7.75,458,9,87.1
2024-05-21,Beta,Day,8.0,7.2,416,11,69.7
2024-05-21,Beta,Evening,8.0,7.28,431,13,76.0
2024-05-21,Beta,Night,8.0,6.77,371,11,76.2
2024-05-21,Gamma,Day,8.0,7.27,382,17,71.8
2024-05-21,Gamma,Evening,8.0,6.89,352,14,69.1
2024-05-21,Gamma,Night,8.0,6.84,356,15,66.5
2024-05-22,Alpha,Day,8.0,7.7,441,10,87.9
2024-05-22,Alpha,Evening,8.0,8.0,416,10,82.9
2024-05-22,Alpha,Night,8.0,7.82,420,6,87.9
2024-05-22,Beta,Day,8.0,6.85,359,14,75.4
2024-05-22,Beta,Evening,8.0,6.98,357,11,69.4
2024-05-22,Beta,Night,8.0,7.05,414,11,73.5
2024-05-22,Gamma,Day,8.0,7.04,411,22,74.7
2024-05-22,Gamma,Evening,8.0,6.88,410,17,66.6
2024-05-22,Gamma,Night,8.0,7.09,373,14,71.2
2024-05-23,Alpha,Day,8.0,7.44,408,9,90.4
2024-05-23,Alpha,Evening,8.0,7.12,397,5,87.6
2024-05-23,Alpha,Night,8.0,7.65,415,6,81.7
2024-05-23,Beta,Day,8.0,7.01,368,10,77.5
2024-05-23,Beta,Evening,8.0,7.12,398,10,75.3
2024-05-23,Beta,Night,8.0,7.14,387,16,80.4
2024-05-23,Gamma,Day,8.0,7.12,337,16,73.3
2024-05-23,Gamma,Evening,8.0,6.85,335,14,61.2
2024-05-23,Gamma,Night,8.0,6.63,404,17,66.6
2024-05-24,Alpha,Day,8.0,7.45,441,10,90.9
2024-05-24,Alpha,Evening,8.0,7.26,385,5,84.1
2024-05-24,Alpha,Night,8.0,7.14,424,10,83.4
2024-05-24,Beta,Day,8.0,6.71,368,12,69.4
2024-05-24,Beta,Evening,8.0,7.32,452,16,67.5
2024-05-24,Beta,Night,8.0,7.14,341,11,72.8
2024-05-24,Gamma,Day,8.0,6.75,349,18,73.5
2024-05-24,Gamma,Evening,8.0,6.57,318,15,74.8
2024-05-24,Gamma,Night,8.0,6.94,365,14,68.6
2024-05-25,Alpha,Day,8.0,7.5,413,7,84.9
2024-05-25,Alpha,Evening,8.0,7.49,420,6,89.0
2024-05-25,Alpha,Night,8.0,7.66,362,3,88.9
2024-05-25,Beta,Day,8.0,7.27,379,11,78.2
2024-05-25,Beta,Evening,8.0,7.03,338,10,70.4
2024-05-25,Beta,Night,8.0,6.86,347,9,74.5
2024-05-25,Gamma,Day,8.0,6.46,352,16,70.2
2024-05-25,Gamma,Evening,8.0,7.11,359,16,77.1
2024-05-25,Gamma,Night,8.0,6.65,329,14,67.2
2024-05-26,Alpha,Day,8.0,7.84,435,8,93.1
2024-05-26,Alpha,Evening,8.0,7.16,339,8,88.2
2024-05-26,Alpha,Night,8.0,7.42,387,6,86.0
2024-05-26,Beta,Day,8.0,6.69,350,10,74.8
2024-05-26,Beta,Evening,8.0,7.09,401,14,72.5
2024-05-26,Beta,Night,8.0,7.06,376,11,72.6
2024-05-26,Gamma,Day,8.0,6.81,301,14,69.3
2024-05-26,Gamma,Evening,8.0,6.36,358,16,68.5
2024-05-26,Gamma,Night,8.0,7.09,335,11,74.5
2024-05-27,Alpha,Day,8.0,7.86,376,5,89.2
2024-05-27,Alpha,Evening,8.0,7.42,352,7,81.7
2024-05-27,Alpha,Night,8.0,7.01,335,7,90.2
2024-05-27,Beta,Day,8.0,6.93,326,12,77.9
2024-05-27,Beta,Evening,8.0,7.02,372,8,75.9
2024-05-27,Beta,Night,8.0,6.99,361,13,73.5
2024-05-27,Gamma,Day,8.0,6.8,324,14,70.8
2024-05-27,Gamma,Evening,8.0,6.73,321,16,67.6
2024-05-27,Gamma,Night,8.0,6.8,359,14,70.4
2024-05-28,Alpha,Day,8.0,7.63,451,4,88.1
2024-05-28,Alpha,Evening,8.0,7.77,381,8,91.3
2024-05-28,Alpha,Night,8.0,7.08,396,4,87.7
2024-05-28,Beta,Day,8.0,7.02,376,14,74.4
2024-05-28,Beta,Evening,8.0,6.75,349,10,77.6
2024-05-28,Beta,Night,8.0,6.88,390,13,70.9
2024-05-28,Gamma,Day,8.0,6.8,318,14,75.1
2024-05-28,Gamma,Evening,8.0,6.94,390,14,65.4
2024-05-28,Gamma,Night,8.0,6.83,274,14,71.0
2024-05-29,Alpha,Day,8.0,7.62,354,8,81.5
2024-05-29,Alpha,Evening,8.0,7.32,351,6,88.3
2024-05-29,Alpha,Night,8.0,7.34,388,8,84.1
2024-05-29,Beta,Day,8.0,7.01,353,13,70.0
2024-05-29,Beta,Evening,8.0,6.81,363,12,80.4
2024-05-29,Beta,Night,8.0,7.06,338,12,80.9
2024-05-29,Gamma,Day,8.0,6.58,293,9,71.3
2024-05-29,Gamma,Evening,8.0,6.67,338,16,64.3
2024-05-29,Gamma,Night,8.0,7.49,436,21,62.6
2024-05-30,Alpha,Day,8.0,7.21,377,5,88.5
2024-05-30,Alpha,Evening,8.0,7.64,383,7,83.3
2024-05-30,Alpha,Night,8.0,7.01,380,8,87.1
2024-05-30,Beta,Day,8.0,7.2,339,11,78.1
2024-05-30,Beta,Evening,8.0,7.13,386,11,69.9
2024-05-30,Beta,Night,8.0,7.21,368,13,70.5
2024-05-30,Gamma,Day,8.0,6.82,378,15,65.4
2024-05-30,Gamma,Evening,8.0,6.76,339,13,73.5
2024-05-30,Gamma,Night,8.0,7.06,362,18,69.8
2024-05-31,Alpha,Day,8.0,7.72,412,6,86.5
2024-05-31,Alpha,Evening,8.0,6.98,431,2,85.3
2024-05-31,Alpha,Night,8.0,7.48,427,4,86.5
2024-05-31,Beta,Day,8.0,6.94,343,11,74.7
2024-05-31,Beta,Evening,8.0,7.29,347,10,70.1
2024-05-31,Beta,Night,8.0,6.8,346,7,73.9
2024-05-31,Gamma,Day,8.0,6.62,361,14,66.0
2024-05-31,Gamma,Evening,8.0,6.7,326,13,66.4
2024-05-31,Gamma,Night,8.0,6.82,295,14,71.1
2024-06-01,Alpha,Day,8.0,7.81,354,3,84.3
2024-06-01,Alpha,Evening,8.0,7.81,453,6,86.8
2024-06-01,Alpha,Night,8.0,7.6,426,9,88.1
2024-06-01,Beta,Day,8.0,7.65,365,10,75.5
2024-06-01,Beta,Evening,8.0,6.97,365,14,75.0
2024-06-01,Beta,Night,8.0,7.38,392,15,68.8
2024-06-01,Gamma,Day,8.0,6.57,349,13,69.1
2024-06-01,Gamma,Evening,8.0,6.67,355,16,67.9
2024-06-01,Gamma,Night,8.0,6.71,380,17,69.1
2024-06-02,Alpha,Day,8.0,7.68,371,3,86.5
2024-06-02,Alpha,Evening,8.0,8.0,399,8,91.6
2024-06-02,Alpha,Night,8.0,7.45,377,6,87.1
2024-06-02,Beta,Day,8.0,7.38,366,10,66.9
2024-06-02,Beta,Evening,8.0,6.95,370,12,70.6
2024-06-02,Beta,Night,8.0,7.25,404,9,72.7
2024-06-02,Gamma,Day,8.0,6.81,367,19,72.1
2024-06-02,Gamma,Evening,8.0,7.05,423,20,77.1
2024-06-02,Gamma,Night,8.0,6.78,373,15,74.2
2024-06-03,Alpha,Day,8.0,7.42,372,6,99.5
2024-06-03,Alpha,Evening,8.0,7.31,326,6,86.2
2024-06-03,Alpha,Night,8.0,7.92,415,9,79.5
2024-06-03,Beta,Day,8.0,7.13,384,13,72.3
2024-06-03,Beta,Evening,8.0,6.78,332,11,73.2
2024-06-03,Beta,Night,8.0,7.08,394,15,74.2
2024-06-03,Gamma,Day,8.0,6.77,381,19,62.8
2024-06-03,Gamma,Evening,8.0,7.11,383,15,66.9
2024-06-03,Gamma,Night,8.0,7.07,402,18,73.1
2024-06-04,Alpha,Day,8.0,7.8,351,5,90.0
2024-06-04,Alpha,Evening,8.0,7.59,445,7,92.9
2024-06-04,Alpha,Night,8.0,7.38,332,6,81.1
2024-06-04,Beta,Day,8.0,7.03,370,11,77.5
2024-06-04,Beta,Evening,8.0,6.9,308,11,71.4
2024-06-04,Beta,Night,8.0,7.4,425,6,68.7
2024-06-04,Gamma,Day,8.0,6.8,379,18,68.7
2024-06-04,Gamma,Evening,8.0,6.89,373,18,72.7
2024-06-04,Gamma,Night,8.0,6.48,368,14,67.0
2024-06-05,Alpha,Day,8.0,7.33,376,8,88.5
2024-06-05,Alpha,Evening,8.0,7.36,433,11,85.6
2024-06-05,Alpha,Night,8.0,7.45,371,6,78.4
2024-06-05,Beta,Day,8.0,7.15,403,14,82.2
2024-06-05,Beta,Evening,8.0,6.92,354,9,76.4
2024-06-05,Beta,Night,8.0,7.61,380,10,72.5
2024-06-05,Gamma,Day,8.0,6.88,381,15,67.0
2024-06-05,Gamma,Evening,8.0,7.05,342,16,65.8
2024-06-05,Gamma,Night,8.0,6.77,304,13,67.4
2024-06-06,Alpha,Day,8.0,7.39,418,1,88.3
2024-06-06,Alpha,Evening,8.0,7.27,366,4,87.1
2024-06-06,Alpha,Night,8.0,7.23,412,8,87.1
2024-06-06,Beta,Day,8.0,7.04,383,8,73.0
2024-06-06,Beta,Evening,8.0,7.04,404,12,77.1
2024-06-06,Beta,Night,8.0,6.72,322,12,73.3
2024-06-06,Gamma,Day,8.0,6.87,369,16,70.0
2024-06-06,Gamma,Evening,8.0,6.98,372,15,65.8
2024-06-06,Gamma,Night,8.0,6.56,346,17,65.3
2024-06-07,Alpha,Day,8.0,8.0,388,6,91.8
2024-06-07,Alpha,Evening,8.0,7.53,399,6,95.0
2024-06-07,Alpha,Night,8.0,7.7,411,9,87.4
2024-06-07,Beta,Day,8.0,6.85,345,13,70.1
2024-06-07,Beta,Evening,8.0,6.98,364,10,71.6
2024-06-07,Beta,Night,8.0,6.87,393,11,79.5
2024-06-07,Gamma,Day,8.0,6.62,308,13,70.5
2024-06-07,Gamma,Evening,8.0,6.53,311,15,73.4
2024-06-07,Gamma,Night,8.0,6.85,407,22,71.6
2024-06-08,Alpha,Day,8.0,7.77,402,8,86.4
2024-06-08,Alpha,Evening,8.0,7.81,392,6,85.8
2024-06-08,Alpha,Night,8.0,8.0,387,8,83.1
2024-06-08,Beta,Day,8.0,7.48,379,9,68.4
2024-06-08,Beta,Evening,8.0,6.94,369,13,74.1
2024-06-08,Beta,Night,8.0,6.82,383,14,74.1
2024-06-08,Gamma,Day,8.0,6.33,361,14,71.3
2024-06-08,Gamma,Evening,8.0,6.4,338,13,65.4
2024-06-08,Gamma,Night,8.0,6.99,358,16,67.5
2024-06-09,Alpha,Day,8.0,7.58,369,6,92.5
2024-06-09,Alpha,Evening,8.0,7.26,445,6,83.7
2024-06-09,Alpha,Night,8.0,7.18,335,6,87.7
2024-06-09,Beta,Day,8.0,6.88,358,12,77.6
2024-06-09,Beta,Evening,8.0,7.12,368,9,76.9
2024-06-09,Beta,Night,8.0,7.05,348,13,75.5
2024-06-09,Gamma,Day,8.0,7.0,323,12,67.2
2024-06-09,Gamma,Evening,8.0,6.56,324,15,73.6
2024-06-09,Gamma,Night,8.0,6.94,402,19,63.6
2024-06-10,Alpha,Day,8.0,7.35,435,7,91.7
2024-06-10,Alpha,Evening,8.0,7.57,358,9,87.9
2024-06-10,Alpha,Night,8.0,7.05,354,6,84.0
2024-06-10,Beta,Day,8.0,7.62,428,17,74.2
2024-06-10,Beta,Evening,8.0,6.96,367,11,72.7
2024-06-10,Beta,Night,8.0,6.98,364,13,71.8
2024-06-10,Gamma,Day,8.0,6.84,330,13,70.3
2024-06-10,Gamma,Evening,8.0,6.54,296,12,69.2
2024-06-10,Gamma,Night,8.0,6.71,363,16,74.8
2024-06-11,Alpha,Day,8.0,7.9,435,5,86.8
2024-06-11,Alpha,Evening,8.0,7.43,383,6,85.4
2024-06-11,Alpha,Night,8.0,7.73,381,6,93.2
2024-06-11,Beta,Day,8.0,6.86,373,11,73.0
2024-06-11,Beta,Evening,8.0,6.76,374,12,73.8
2024-06-11,Beta,Night,8.0,6.97,398,15,70.1
2024-06-11,Gamma,Day,8.0,6.76,328,13,74.0
2024-06-11,Gamma,Evening,8.0,7.57,384,17,77.9
2024-06-11,Gamma,Night,8.0,6.77,337,16,72.1
2024-06-12,Alpha,Day,8.0,7.39,348,5,88.3
2024-06-12,Alpha,Evening,8.0,7.88,390,7,90.4
2024-06-12,Alpha,Night,8.0,7.65,362,5,84.4
2024-06-12,Beta,Day,8.0,7.43,377,10,70.3
2024-06-12,Beta,Evening,8.0,7.28,380,13,78.5
2024-06-12,Beta,Night,8.0,7.48,423,13,77.7
2024-06-12,Gamma,Day,8.0,6.41,302,13,66.8
2024-06-12,Gamma,Evening,8.0,6.66,355,18,68.0
2024-06-12,Gamma,Night,8.0,6.62,348,19,71.0
2024-06-13,Alpha,Day,8.0,7.85,376,7,83.6
2024-06-13,Alpha,Evening,8.0,6.9,356,1,83.1
2024-06-13,Alpha,Night,8.0,7.66,403,10,86.3
2024-06-13,Beta,Day,8.0,6.77,330,8,72.6
2024-06-13,Beta,Evening,8.0,6.86,303,9,76.4
2024-06-13,Beta,Night,8.0,7.34,405,16,70.6
2024-06-13,Gamma,Day,8.0,6.72,357,13,69.0
2024-06-13,Gamma,Evening,8.0,6.6,334,15,67.5
2024-06-13,Gamma,Night,8.0,6.74,339,15,69.3
2024-06-14,Alpha,Day,8.0,7.95,411,6,85.2
2024-06-14,Alpha,Evening,8.0,7.69,402,9,84.0
2024-06-14,Alpha,Night,8.0,6.94,371,5,89.1
2024-06-14,Beta,Day,8.0,6.67,351,12,67.2
2024-06-14,Beta,Evening,8.0,6.88,320,11,77.8
2024-06-14,Beta,Night,8.0,7.13,399,14,75.4
2024-06-14,Gamma,Day,8.0,7.1,386,16,72.2
2024-06-14,Gamma,Evening,8.0,6.73,404,16,70.3
2024-06-14,Gamma,Night,8.0,6.39,360,16,72.8
2024-06-15,Alpha,Day,8.0,7.53,362,7,87.0
2024-06-15,Alpha,Evening,8.0,7.92,416,9,88.9
2024-06-15,Alpha,Night,8.0,7.75,406,9,80.0
2024-06-15,Beta,Day,8.0,7.56,395,12,73.9
2024-06-15,Beta,Evening,8.0,7.11,365,11,77.5
2024-06-15,Beta,Night,8.0,7.07,420,12,75.3
2024-06-15,Gamma,Day,8.0,6.46,328,13,67.0
2024-06-15,Gamma,Evening,8.0,6.98,329,14,69.7
2024-06-15,Gamma,Night,8.0,6.82,362,17,71.4
2024-06-16,Alpha,Day,8.0,7.58,373,8,87.6
2024-06-16,Alpha,Evening,8.0,7.71,404,8,89.0
2024-06-16,Alpha,Night,8.0,7.9,392,4,84.7
2024-06-16,Beta,Day,8.0,6.72,388,9,71.1
2024-06-16,Beta,Evening,8.0,7.11,368,10,71.0
2024-06-16,Beta,Night,8.0,7.5,405,8,75.8
2024-06-16,Gamma,Day,8.0,7.33,358,15,67.7
2024-06-16,Gamma,Evening,8.0,6.75,388,18,69.7
2024-06-16,Gamma,Night,8.0,6.73,383,14,66.7
2024-06-17,Alpha,Day,8.0,7.67,388,9,89.4
2024-06-17,Alpha,Evening,8.0,7.44,375,4,86.0
2024-06-17,Alpha,Night,8.0,7.32,354,5,93.5
2024-06-17,Beta,Day,8.0,7.0,388,13,73.7
2024-06-17,Beta,Evening,8.0,7.25,421,12,75.3
2024-06-17,Beta,Night,8.0,6.98,356,10,70.7
2024-06-17,Gamma,Day,8.0,6.84,405,19,72.2
2024-06-17,Gamma,Evening,8.0,6.99,390,17,70.1
2024-06-17,Gamma,Night,8.0,6.47,348,15,62.5
2024-06-18,Alpha,Day,8.0,7.41,394,3,96.0
2024-06-18,Alpha,Evening,8.0,7.37,404,11,90.8
2024-06-18,Alpha,Night,8.0,7.48,378,7,92.6
2024-06-18,Beta,Day,8.0,7.28,369,12,71.2
2024-06-18,Beta,Evening,8.0,7.32,392,10,72.5
2024-06-18,Beta,Night,8.0,7.13,392,13,78.5
2024-06-18,Gamma,Day,8.0,6.69,380,18,71.2
2024-06-18,Gamma,Evening,8.0,6.76,396,18,75.1
2024-06-18,Gamma,Night,8.0,6.56,397,20,67.7
2024-06-19,Alpha,Day,8.0,7.41,415,4,84.5
2024-06-19,Alpha,Evening,8.0,7.55,322,4,83.7
2024-06-19,Alpha,Night,8.0,7.16,391,6,92.3
2024-06-19,Beta,Day,8.0,6.82,340,10,75.2
2024-06-19,Beta,Evening,8.0,7.09,426,13,70.0
2024-06-19,Beta,Night,8.0,6.83,330,7,79.3
2024-06-19,Gamma,Day,8.0,6.61,364,17,60.8
2024-06-19,Gamma,Evening,8.0,7.17,371,18,64.9
2024-06-19,Gamma,Night,8.0,6.96,373,18,65.0
2024-06-20,Alpha,Day,8.0,7.64,408,9,87.5
2024-06-20,Alpha,Evening,8.0,7.35,383,7,85.4
2024-06-20,Alpha,Night,8.0,7.42,341,6,92.2
2024-06-20,Beta,Day,8.0,7.25,477,13,75.5
2024-06-20,Beta,Evening,8.0,7.16,406,13,75.9
2024-06-20,Beta,Night,8.0,7.16,396,14,65.5
2024-06-20,Gamma,Day,8.0,6.46,371,15,67.8
2024-06-20,Gamma,Evening,8.0,6.3,348,13,66.2
2024-06-20,Gamma,Night,8.0,6.85,389,16,71.6
2024-06-21,Alpha,Day,8.0,7.76,439,8,87.2
2024-06-21,Alpha,Evening,8.0,7.52,390,5,88.0
2024-06-21,Alpha,Night,8.0,7.53,372,6,88.9
2024-06-21,Beta,Day,8.0,7.31,371,14,76.0
2024-06-21,Beta,Evening,8.0,7.23,407,13,70.2
2024-06-21,Beta,Night,8.0,7.24,324,9,76.4
2024-06-21,Gamma,Day,8.0,6.52,385,21,72.8
2024-06-21,Gamma,Evening,8.0,6.66,377,16,69.2
2024-06-21,Gamma,Night,8.0,6.64,339,17,71.0
2024-06-22,Alpha,Day,8.0,7.37,398,7,92.2
2024-06-22,Alpha,Evening,8.0,7.68,446,11,86.7
2024-06-22,Alpha,Night,8.0,7.59,407,5,88.2
2024-06-22,Beta,Day,8.0,7.07,378,13,71.3
2024-06-22,Beta,Evening,8.0,7.62,377,10,75.7
2024-06-22,Beta,Night,8.0,6.5,346,9,74.8
2024-06-22,Gamma,Day,8.0,6.69,362,16,67.0
2024-06-22,Gamma,Evening,8.0,6.67,381,17,68.2
2024-06-22,Gamma,Night,8.0,6.71,391,19,70.9
2024-06-23,Alpha,Day,8.0,7.42,339,7,90.0
2024-06-23,Alpha,Evening,8.0,7.86,413,4,89.4
2024-06-23,Alpha,Night,8.0,7.42,399,6,87.5
2024-06-23,Beta,Day,8.0,7.02,364,14,71.0
2024-06-23,Beta,Evening,8.0,7.11,370,11,71.8
2024-06-23,Beta,Night,8.0,6.36,326,8,69.4
2024-06-23,Gamma,Day,8.0,7.27,357,17,61.9
2024-06-23,Gamma,Evening,8.0,6.77,330,13,71.0
2024-06-23,Gamma,Night,8.0,6.48,340,18,74.9
2024-06-24,Alpha,Day,8.0,7.89,404,5,85.3
2024-06-24,Alpha,Evening,8.0,7.25,360,5,98.8
2024-06-24,Alpha,Night,8.0,7.57,370,8,84.9
2024-06-24,Beta,Day,8.0,7.42,396,15,69.9
2024-06-24,Beta,Evening,8.0,7.23,378,11,69.1
2024-06-24,Beta,Night,8.0,7.2,397,13,71.9
2024-06-24,Gamma,Day,8.0,7.08,401,19,69.6
2024-06-24,Gamma,Evening,8.0,6.71,358,17,73.7
2024-06-24,Gamma,Night,8.0,6.66,293,13,68.7
2024-06-25,Alpha,Day,8.0,7.6,384,5,84.0
2024-06-25,Alpha,Evening,8.0,7.42,404,8,87.0
2024-06-25,Alpha,Night,8.0,7.42,356,5,79.5
2024-06-25,Beta,Day,8.0,7.31,434,16,65.4
2024-06-25,Beta,Evening,8.0,6.98,340,9,74.0
2024-06-25,Beta,Night,8.0,7.3,353,9,78.7
2024-06-25,Gamma,Day,8.0,6.79,311,15,71.6
2024-06-25,Gamma,Evening,8.0,6.67,346,16,69.5
2024-06-25,Gamma,Night,8.0,6.5,332,13,70.3
2024-06-26,Alpha,Day,8.0,7.07,351,8,88.7
2024-06-26,Alpha,Evening,8.0,7.45,395,6,81.6
2024-06-26,Alpha,Night,8.0,7.51,433,5,89.3
2024-06-26,Beta,Day,8.0,7.36,377,16,72.4
2024-06-26,Beta,Evening,8.0,6.73,378,11,77.3
2024-06-26,Beta,Night,8.0,6.86,364,11,70.6
2024-06-26,Gamma,Day,8.0,7.02,341,18,68.8
2024-06-26,Gamma,Evening,8.0,6.96,338,16,76.0
2024-06-26,Gamma,Night,8.0,7.09,379,16,69.1
2024-06-27,Alpha,Day,8.0,7.73,417,9,87.2
2024-06-27,Alpha,Evening,8.0,7.39,404,4,88.3
2024-06-27,Alpha,Night,8.0,7.72,393,5,83.3
2024-06-27,Beta,Day,8.0,6.87,371,12,66.7
2024-06-27,Beta,Evening,8.0,6.6,408,14,77.5
2024-06-27,Beta,Night,8.0,7.04,369,10,76.5
2024-06-27,Gamma,Day,8.0,6.37,325,15,63.6
2024-06-27,Gamma,Evening,8.0,6.78,361,17,71.5
2024-06-27,Gamma,Night,8.0,6.8,366,17,72.4
2024-06-28,Alpha,Day,8.0,7.49,400,4,86.6
2024-06-28,Alpha,Evening,8.0,7.54,390,8,80.7
2024-06-28,Alpha,Night,8.0,7.59,424,5,86.2
2024-06-28,Beta,Day,8.0,6.87,355,10,77.6
2024-06-28,Beta,Evening,8.0,7.12,372,13,74.3
2024-06-28,Beta,Night,8.0,7.21,430,12,81.8
2024-06-28,Gamma,Day,8.0,6.89,373,16,69.0
2024-06-28,Gamma,Evening,8.0,7.15,384,16,65.7
2024-06-28,Gamma,Night,8.0,6.78,333,17,69.4
2024-06-29,Alpha,Day,8.0,7.5,401,6,91.6
2024-06-29,Alpha,Evening,8.0,7.3,363,8,88.9
2024-06-29,Alpha,Night,8.0,7.12,337,9,83.4
2024-06-29,Beta,Day,8.0,7.13,360,10,84.5
2024-06-29,Beta,Evening,8.0,6.93,355,9,77.6
2024-06-29,Beta,Night,8.0,6.84,351,12,72.0
2024-06-29,Gamma,Day,8.0,6.55,376,16,65.9
2024-06-29,Gamma,Evening,8.0,7.45,381,18,70.3
2024-06-29,Gamma,Night,8.0,6.42,284,10,67.7
2024-06-30,Alpha,Day,8.0,7.76,376,5,83.8
2024-06-30,Alpha,Evening,8.0,7.95,483,12,87.0
2024-06-30,Alpha,Night,8.0,7.52,408,10,82.0
2024-06-30,Beta,Day,8.0,7.24,303,8,77.4
2024-06-30,Beta,Evening,8.0,7.17,370,9,73.4
2024-06-30,Beta,Night,8.0,7.23,352,11,72.3
2024-06-30,Gamma,Day,8.0,6.84,390,15,71.4
2024-06-30,Gamma,Evening,8.0,6.74,378,15,72.5
2024-06-30,Gamma,Night,8.0,7.13,357,19,73.1
2024-07-01,Alpha,Day,8.0,7.46,293,4,81.8
2024-07-01,Alpha,Evening,8.0,7.6,429,7,85.2
2024-07-01,Alpha,Night,8.0,7.19,342,4,86.6
2024-07-01,Beta,Day,8.0,6.48,331,11,76.3
2024-07-01,Beta,Evening,8.0,7.05,414,15,80.4
2024-07-01,Beta,Night,8.0,7.38,391,12,70.6
2024-07-01,Gamma,Day,8.0,6.66,331,11,71.7
2024-07-01,Gamma,Evening,8.0,6.72,380,21,75.8
2024-07-01,Gamma,Night,8.0,6.81,355,13,73.9
2024-07-02,Alpha,Day,8.0,7.66,476,9,86.2
2024-07-02,Alpha,Evening,8.0,7.89,441,11,84.1
2024-07-02,Alpha,Night,8.0,7.77,424,9,91.9
2024-07-02,Beta,Day,8.0,7.38,347,12,69.9
2024-07-02,Beta,Evening,8.0,6.78,370,14,67.0
2024-07-02,Beta,Night,8.0,7.2,365,10,74.5
2024-07-02,Gamma,Day,8.0,6.73,338,12,64.0
2024-07-02,Gamma,Evening,8.0,6.94,363,17,73.5
2024-07-02,Gamma,Night,8.0,6.84,347,14,64.0
2024-07-03,Alpha,Day,8.0,7.73,398,6,93.2
2024-07-03,Alpha,Evening,8.0,7.19,363,10,89.5
2024-07-03,Alpha,Night,8.0,7.47,421,5,88.0
2024-07-03,Beta,Day,8.0,7.02,404,10,75.4
2024-07-03,Beta,Evening,8.0,6.91,393,15,77.0
2024-07-03,Beta,Night,8.0,7.24,349,9,67.8
2024-07-03,Gamma,Day,8.0,6.8,323,16,71.9
2024-07-03,Gamma,Evening,8.0,6.66,379,15,68.9
2024-07-03,Gamma,Night,8.0,6.47,334,14,66.6
2024-07-04,Alpha,Day,8.0,7.27,398,4,86.8
2024-07-04,Alpha,Evening,8.0,7.37,390,8,87.3
2024-07-04,Alpha,Night,8.0,7.79,408,8,88.2
2024-07-04,Beta,Day,8.0,6.95,369,13,77.3
2024-07-04,Beta,Evening,8.0,7.01,358,13,69.4
2024-07-04,Beta,Night,8.0,6.62,330,13,78.7
2024-07-04,Gamma,Day,8.0,6.62,317,12,64.7
2024-07-04,Gamma,Evening,8.0,6.82,342,15,63.6
2024-07-04,Gamma,Night,8.0,7.24,385,19,70.2
2024-07-05,Alpha,Day,8.0,7.42,329,3,83.0
2024-07-05,Alpha,Evening,8.0,7.82,418,8,93.0
2024-07-05,Alpha,Night,8.0,7.41,376,3,84.6
2024-07-05,Beta,Day,8.0,7.13,431,8,73.4
2024-07-05,Beta,Evening,8.0,6.85,365,15,69.4
2024-07-05,Beta,Night,8.0,7.05,391,10,75.5
2024-07-05,Gamma,Day,8.0,6.55,338,12,69.3
2024-07-05,Gamma,Evening,8.0,6.9,432,17,74.6
2024-07-05,Gamma,Night,8.0,7.08,370,16,71.6
2024-07-06,Alpha,Day,8.0,7.73,451,9,85.5
2024-07-06,Alpha,Evening,8.0,7.42,410,11,88.8
2024-07-06,Alpha,Night,8.0,7.37,423,8,87.4
2024-07-06,Beta,Day,8.0,7.27,396,9,69.7
2024-07-06,Beta,Evening,8.0,7.07,389,13,71.5
2024-07-06,Beta,Night,8.0,6.79,424,12,73.6
2024-07-06,Gamma,Day,8.0,6.88,362,19,64.4
2024-07-06,Gamma,Evening,8.0,6.58,308,13,61.8
2024-07-06,Gamma,Night,8.0,7.22,368,17,68.1
2024-07-07,Alpha,Day,8.0,7.27,371,5,92.2
2024-07-07,Alpha,Evening,8.0,7.69,351,3,83.6
2024-07-07,Alpha,Night,8.0,7.3,364,8,83.5
2024-07-07,Beta,Day,8.0,6.57,329,12,77.9
2024-07-07,Beta,Evening,8.0,6.9,404,12,77.7
2024-07-07,Beta,Night,8.0,6.98,390,8,75.1
2024-07-07,Gamma,Day,8.0,7.2,381,17,76.0
2024-07-07,Gamma,Evening,8.0,6.76,323,14,70.7
2024-07-07,Gamma,Night,8.0,6.29,351,14,67.4
2024-07-08,Alpha,Day,8.0,7.54,356,6,88.7
2024-07-08,Alpha,Evening,8.0,7.27,361,2,89.3
2024-07-08,Alpha,Night,8.0,7.22,348,7,90.0
2024-07-08,Beta,Day,8.0,7.23,393,9,71.9
2024-07-08,Beta,Evening,8.0,7.01,349,11,71.2
2024-07-08,Beta,Night,8.0,6.79,384,11,76.0
2024-07-08,Gamma,Day,8.0,6.87,339,14,73.2
2024-07-08,Gamma,Evening,8.0,7.03,364,13,68.5
2024-07-08,Gamma,Night,8.0,6.8,374,15,71.4
2024-07-09,Alpha,Day,8.0,8.0,392,5,92.9
2024-07-09,Alpha,Evening,8.0,7.74,362,4,90.6
2024-07-09,Alpha,Night,8.0,7.33,415,6,89.2
2024-07-09,Beta,Day,8.0,7.33,401,12,82.1
2024-07-09,Beta,Evening,8.0,7.15,365,11,74.1
2024-07-09,Beta,Night,8.0,7.18,374,13,77.6
2024-07-09,Gamma,Day,8.0,7.06,387,20,72.9
2024-07-09,Gamma,Evening,8.0,6.6,435,20,75.9
2024-07-09,Gamma,Night,8.0,6.99,328,12,74.8
2024-07-10,Alpha,Day,8.0,7.47,366,3,84.9
2024-07-10,Alpha,Evening,8.0,7.59,371,6,85.2
2024-07-10,Alpha,Night,8.0,7.7,343,4,86.4
2024-07-10,Beta,Day,8.0,6.92,344,12,81.8
2024-07-10,Beta,Evening,8.0,7.14,343,11,71.4
2024-07-10,Beta,Night,8.0,7.09,365,11,69.4
2024-07-10,Gamma,Day,8.0,6.76,334,14,69.2
2024-07-10,Gamma,Evening,8.0,6.61,364,14,68.0
2024-07-10,Gamma,Night,8.0,6.58,356,16,70.9
2024-07-11,Alpha,Day,8.0,7.43,413,7,89.2
2024-07-11,Alpha,Evening,8.0,7.58,391,8,80.6
2024-07-11,Alpha,Night,8.0,7.77,439,8,91.7
2024-07-11,Beta,Day,8.0,6.95,358,14,73.6
2024-07-11,Beta,Evening,8.0,7.34,375,13,71.4
2024-07-11,Beta,Night,8.0,7.01,361,9,74.6
2024-07-11,Gamma,Day,8.0,6.92,366,15,76.1
2024-07-11,Gamma,Evening,8.0,6.95,377,16,68.4
2024-07-11,Gamma,Night,8.0,6.84,330,11,71.8
2024-07-12,Alpha,Day,8.0,7.73,383,5,93.6
2024-07-12,Alpha,Evening,8.0,7.46,394,5,86.2
2024-07-12,Alpha,Night,8.0,7.52,361,8,88.9
2024-07-12,Beta,Day,8.0,7.04,320,8,68.2
2024-07-12,Beta,Evening,8.0,6.89,339,10,69.0
2024-07-12,Beta,Night,8.0,6.78,355,12,71.8
2024-07-12,Gamma,Day,8.0,7.07,388,21,71.3
2024-07-12,Gamma,Evening,8.0,7.33,368,16,69.9
2024-07-12,Gamma,Night,8.0,6.99,408,16,74.7
2024-07-13,Alpha,Day,8.0,7.97,406,7,84.3
2024-07-13,Alpha,Evening,8.0,7.43,430,9,84.5
2024-07-13,Alpha,Night,8.0,7.71,430,5,86.0
2024-07-13,Beta,Day,8.0,6.91,403,13,73.7
2024-07-13,Beta,Evening,8.0,7.21,364,11,68.6
2024-07-13,Beta,Night,8.0,6.85,378,10,72.9
2024-07-13,Gamma,Day,8.0,6.73,360,15,65.6
2024-07-13,Gamma,Evening,8.0,6.53,334,15,67.8
2024-07-13,Gamma,Night,8.0,7.04,398,17,74.5
2024-07-14,Alpha,Day,8.0,7.46,419,6,84.0
2024-07-14,Alpha,Evening,8.0,7.44,386,5,86.4
2024-07-14,Alpha,Night,8.0,7.62,400,6,83.2
2024-07-14,Beta,Day,8.0,7.05,390,10,72.5
2024-07-14,Beta,Evening,8.0,7.21,366,9,75.8
2024-07-14,Beta,Night,8.0,7.09,380,12,70.2
2024-07-14,Gamma,Day,8.0,6.51,328,16,72.8
2024-07-14,Gamma,Evening,8.0,6.56,359,15,70.9
2024-07-14,Gamma,Night,8.0,6.83,303,12,72.4
2024-07-15,Alpha,Day,8.0,7.59,380,4,89.0
2024-07-15,Alpha,Evening,8.0,7.7,466,7,83.7
2024-07-15,Alpha,Night,8.0,7.49,436,8,90.4
2024-07-15,Beta,Day,8.0,7.19,380,13,77.8
2024-07-15,Beta,Evening,8.0,7.5,331,10,71.0
2024-07-15,Beta,Night,8.0,6.92,320,10,73.0
2024-07-15,Gamma,Day,8.0,6.77,363,16,72.0
2024-07-15,Gamma,Evening,8.0,6.57,358,16,70.8
2024-07-15,Gamma,Night,8.0,6.66,378,17,71.2
2024-07-16,Alpha,Day,8.0,7.68,374,6,93.8
2024-07-16,Alpha,Evening,8.0,7.39,382,7,84.7
2024-07-16,Alpha,Night,8.0,7.73,407,9,83.6
2024-07-16,Beta,Day,8.0,7.1,385,11,75.4
2024-07-16,Beta,Evening,8.0,7.64,410,12,68.1
2024-07-16,Beta,Night,8.0,7.11,358,12,78.2
2024-07-16,Gamma,Day,8.0,6.88,392,18,74.7
2024-07-16,Gamma,Evening,8.0,6.61,367,17,69.5
2024-07-16,Gamma,Night,8.0,6.84,375,15,68.2
2024-07-17,Alpha,Day,8.0,7.75,366,5,89.1
2024-07-17,Alpha,Evening,8.0,7.62,424,7,84.1
2024-07-17,Alpha,Night,8.0,7.12,388,8,91.1
2024-07-17,Beta,Day,8.0,6.9,366,11,75.0
2024-07-17,Beta,Evening,8.0,7.26,311,9,79.8
2024-07-17,Beta,Night,8.0,6.86,333,13,70.3
2024-07-17,Gamma,Day,8.0,6.75,385,16,67.5
2024-07-17,Gamma,Evening,8.0,6.47,302,11,75.2
2024-07-17,Gamma,Night,8.0,7.11,393,23,69.8
2024-07-18,Alpha,Day,8.0,7.16,402,6,86.5
2024-07-18,Alpha,Evening,8.0,7.01,369,8,86.2
2024-07-18,Alpha,Night,8.0,7.53,434,12,89.9
2024-07-18,Beta,Day,8.0,6.94,367,6,75.9
2024-07-18,Beta,Evening,8.0,7.09,397,11,72.3
2024-07-18,Beta,Night,8.0,6.98,392,14,73.9
2024-07-18,Gamma,Day,8.0,6.82,325,14,72.3
2024-07-18,Gamma,Evening,8.0,6.88,392,15,62.6
2024-07-18,Gamma,Night,8.0,7.04,394,17,65.6
2024-07-19,Alpha,Day,8.0,7.42,404,6,94.0
2024-07-19,Alpha,Evening,8.0,7.33,295,3,87.2
2024-07-19,Alpha,Night,8.0,7.46,413,10,89.5
2024-07-19,Beta,Day,8.0,7.28,344,10,75.1
2024-07-19,Beta,Evening,8.0,6.65,302,9,76.2
2024-07-19,Beta,Night,8.0,6.91,335,9,79.1
2024-07-19,Gamma,Day,8.0,6.81,389,16,70.8
2024-07-19,Gamma,Evening,8.0,6.78,337,13,68.1
2024-07-19,Gamma,Night,8.0,6.83,392,19,67.2
2024-07-20,Alpha,Day,8.0,7.38,358,5,89.0
2024-07-20,Alpha,Evening,8.0,7.61,391,4,90.8
2024-07-20,Alpha,Night,8.0,7.31,342,7,88.4
2024-07-20,Beta,Day,8.0,6.88,358,11,74.9
2024-07-20,Beta,Evening,8.0,6.89,313,10,65.7
2024-07-20,Beta,Night,8.0,6.99,401,14,65.9
2024-07-20,Gamma,Day,8.0,6.84,352,17,67.9
2024-07-20,Gamma,Evening,8.0,6.77,370,17,71.3
2024-07-20,Gamma,Night,8.0,6.71,394,16,68.4
2024-07-21,Alpha,Day,8.0,7.56,363,5,89.5
2024-07-21,Alpha,Evening,8.0,7.71,432,8,85.2
2024-07-21,Alpha,Night,8.0,7.63,375,6,84.6
2024-07-21,Beta,Day,8.0,7.17,337,8,75.4
2024-07-21,Beta,Evening,8.0,6.67,322,9,71.8
2024-07-21,Beta,Night,8.0,7.14,422,13,80.8
2024-07-21,Gamma,Day,8.0,7.11,390,18,73.3
2024-07-21,Gamma,Evening,8.0,7.12,346,14,69.4
2024-07-21,Gamma,Night,8.0,6.19,361,18,70.8
2024-07-22,Alpha,Day,8.0,7.36,376,6,88.7
2024-07-22,Alpha,Evening,8.0,7.71,419,9,92.4
2024-07-22,Alpha,Night,8.0,7.41,379,7,84.4
2024-07-22,Beta,Day,8.0,6.73,323,12,75.2
2024-07-22,Beta,Evening,8.0,7.1,388,13,73.6
2024-07-22,Beta,Night,8.0,7.26,362,8,74.7
2024-07-22,Gamma,Day,8.0,6.98,357,16,67.3
2024-07-22,Gamma,Evening,8.0,6.94,329,14,68.6
2024-07-22,Gamma,Night,8.0,6.89,362,14,71.9
2024-07-23,Alpha,Day,8.0,8.0,440,8,86.2
2024-07-23,Alpha,Evening,8.0,6.99,408,4,84.4
2024-07-23,Alpha,Night,8.0,7.47,377,10,88.1
2024-07-23,Beta,Day,8.0,6.74,299,9,73.4
2024-07-23,Beta,Evening,8.0,6.6,333,9,75.8
2024-07-23,Beta,Night,8.0,7.43,431,17,74.0
2024-07-23,Gamma,Day,8.0,7.1,386,18,70.7
2024-07-23,Gamma,Evening,8.0,7.13,409,19,73.9
2024-07-23,Gamma,Night,8.0,6.79,328,11,67.6
2024-07-24,Alpha,Day,8.0,7.68,398,7,90.5
2024-07-24,Alpha,Evening,8.0,7.42,349,5,83.4
2024-07-24,Alpha,Night,8.0,7.82,391,7,91.2
2024-07-24,Beta,Day,8.0,7.24,385,8,74.8
2024-07-24,Beta,Evening,8.0,7.36,347,13,78.8
2024-07-24,Beta,Night,8.0,7.06,354,9,66.7
2024-07-24,Gamma,Day,8.0,7.13,283,12,73.7
2024-07-24,Gamma,Evening,8.0,6.9,346,17,68.2
2024-07-24,Gamma,Night,8.0,6.69,329,17,74.6
2024-07-25,Alpha,Day,8.0,7.19,384,5,94.0
2024-07-25,Alpha,Evening,8.0,7.61,390,8,86.0
2024-07-25,Alpha,Night,8.0,7.09,390,5,89.5
2024-07-25,Beta,Day,8.0,7.14,357,13,75.9
2024-07-25,Beta,Evening,8.0,7.1,367,10,71.7
2024-07-25,Beta,Night,8.0,7.39,376,9,78.2
2024-07-25,Gamma,Day,8.0,6.95,361,15,68.6
2024-07-25,Gamma,Evening,8.0,6.78,360,16,68.6
2024-07-25,Gamma,Night,8.0,6.69,368,14,72.7
2024-07-26,Alpha,Day,8.0,7.67,394,9,88.8
2024-07-26,Alpha,Evening,8.0,7.61,370,7,87.0
2024-07-26,Alpha,Night,8.0,7.3,339,6,86.9
2024-07-26,Beta,Day,8.0,6.91,342,10,72.7
2024-07-26,Beta,Evening,8.0,6.96,326,8,71.2
2024-07-26,Beta,Night,8.0,6.51,331,9,76.7
2024-07-26,Gamma,Day,8.0,6.74,384,18,69.2
2024-07-26,Gamma,Evening,8.0,7.02,374,14,67.3
2024-07-26,Gamma,Night,8.0,6.77,323,13,74.2
2024-07-27,Alpha,Day,8.0,7.33,397,7,84.1
2024-07-27,Alpha,Evening,8.0,7.97,491,5,88.8
2024-07-27,Alpha,Night,8.0,7.29,387,8,90.8
2024-07-27,Beta,Day,8.0,6.99,367,11,74.3
2024-07-27,Beta,Evening,8.0,7.11,370,9,86.5
2024-07-27,Beta,Night,8.0,7.14,364,12,84.1
2024-07-27,Gamma,Day,8.0,6.55,366,19,68.3
2024-07-27,Gamma,Evening,8.0,6.77,399,14,69.5
2024-07-27,Gamma,Night,8.0,6.82,356,20,68.1
2024-07-28,Alpha,Day,8.0,7.27,397,8,88.0
2024-07-28,Alpha,Evening,8.0,7.92,402,4,87.4
2024-07-28,Alpha,Night,8.0,7.77,405,8,92.2
2024-07-28,Beta,Day,8.0,7.39,425,12,72.4
2024-07-28,Beta,Evening,8.0,7.12,382,12,75.8
2024-07-28,Beta,Night,8.0,7.23,377,11,75.8
2024-07-28,Gamma,Day,8.0,7.17,489,20,68.4
2024-07-28,Gamma,Evening,8.0,6.91,359,15,65.6
2024-07-28,Gamma,Night,8.0,6.39,345,16,77.3
2024-07-29,Alpha,Day,8.0,7.62,405,7,92.2
2024-07-29,Alpha,Evening,8.0,7.79,338,5,89.8
2024-07-29,Alpha,Night,8.0,7.57,361,8,91.7
2024-07-29,Beta,Day,8.0,6.92,357,12,68.5
2024-07-29,Beta,Evening,8.0,6.93,365,10,69.1
2024-07-29,Beta,Night,8.0,7.33,371,14,75.5
2024-07-29,Gamma,Day,8.0,6.74,349,15,69.7
2024-07-29,Gamma,Evening,8.0,7.26,404,19,71.7
2024-07-29,Gamma,Night,8.0,7.18,322,14,71.4
2024-07-30,Alpha,Day,8.0,7.32,423,8,82.9
2024-07-30,Alpha,Evening,8.0,7.98,374,6,90.9
2024-07-30,Alpha,Night,8.0,7.3,396,6,82.1
2024-07-30,Beta,Day,8.0,6.9,353,9,69.9
2024-07-30,Beta,Evening,8.0,7.19,364,9,77.9
2024-07-30,Beta,Night,8.0,6.51,339,8,66.8
2024-07-30,Gamma,Day,8.0,6.72,332,12,67.8
2024-07-30,Gamma,Evening,8.0,6.75,340,16,65.6
2024-07-30,Gamma,Night,8.0,7.02,347,19,66.8
2024-07-31,Alpha,Day,8.0,7.63,368,5,85.6
2024-07-31,Alpha,Evening,8.0,7.42,408,6,90.4
2024-07-31,Alpha,Night,8.0,7.3,406,7,86.3
2024-07-31,Beta,Day,8.0,7.05,348,11,73.9
2024-07-31,Beta,Evening,8.0,6.5,370,11,73.6
2024-07-31,Beta,Night,8.0,6.89,414,9,73.2
2024-07-31,Gamma,Day,8.0,6.59,353,15,66.6
2024-07-31,Gamma,Evening,8.0,6.64,354,14,70.8
2024-07-31,Gamma,Night,8.0,6.73,352,15,71.2
2024-08-01,Alpha,Day,8.0,7.05,399,4,89.2
2024-08-01,Alpha,Evening,8.0,7.36,442,9,88.2
2024-08-01,Alpha,Night,8.0,7.33,354,7,92.3
2024-08-01,Beta,Day,8.0,6.93,349,9,71.7
2024-08-01,Beta,Evening,8.0,7.01,395,14,68.1
2024-08-01,Beta,Night,8.0,7.22,422,14,70.0
2024-08-01,Gamma,Day,8.0,6.72,331,15,72.1
2024-08-01,Gamma,Evening,8.0,6.87,389,17,67.2
2024-08-01,Gamma,Night,8.0,6.68,351,17,72.0
2024-08-02,Alpha,Day,8.0,7.53,452,6,85.2
2024-08-02,Alpha,Evening,8.0,7.38,411,8,83.2
2024-08-02,Alpha,Night,8.0,7.67,402,3,87.0
2024-08-02,Beta,Day,8.0,7.23,378,11,74.9
2024-08-02,Beta,Evening,8.0,7.21,374,10,69.9
2024-08-02,Beta,Night,8.0,6.87,388,9,80.3
2024-08-02,Gamma,Day,8.0,6.92,339,12,68.5
2024-08-02,Gamma,Evening,8.0,6.63,341,14,77.6
2024-08-02,Gamma,Night,8.0,6.96,384,18,76.6
2024-08-03,Alpha,Day,8.0,7.44,378,7,90.4
2024-08-03,Alpha,Evening,8.0,7.83,394,7,86.3
2024-08-03,Alpha,Night,8.0,7.75,420,8,86.0
2024-08-03,Beta,Day,8.0,7.31,410,9,70.0
2024-08-03,Beta,Evening,8.0,6.92,372,14,68.8
2024-08-03,Beta,Night,8.0,6.48,382,13,68.7
2024-08-03,Gamma,Day,8.0,6.92,357,16,72.0
2024-08-03,Gamma,Evening,8.0,7.08,377,18,68.7
2024-08-03,Gamma,Night,8.0,6.83,362,18,72.6
2024-08-04,Alpha,Day,8.0,7.66,412,7,90.4
2024-08-04,Alpha,Evening,8.0,7.57,434,8,87.6
2024-08-04,Alpha,Night,8.0,7.57,395,6,82.1
2024-08-04,Beta,Day,8.0,6.83,366,12,76.9
2024-08-04,Beta,Evening,8.0,6.96,321,10,72.8
2024-08-04,Beta,Night,8.0,7.03,339,10,73.9
2024-08-04,Gamma,Day,8.0,6.01,338,15,68.2
2024-08-04,Gamma,Evening,8.0,7.23,376,15,75.2
2024-08-04,Gamma,Night,8.0,6.88,402,19,71.7
2024-08-05,Alpha,Day,8.0,7.33,357,7,81.1
2024-08-05,Alpha,Evening,8.0,7.47,416,5,88.0
2024-08-05,Alpha,Night,8.0,7.52,395,6,82.2
2024-08-05,Beta,Day,8.0,7.25,367,10,69.1
2024-08-05,Beta,Evening,8.0,7.12,377,9,75.2
2024-08-05,Beta,Night,8.0,7.41,376,11,76.7
2024-08-05,Gamma,Day,8.0,6.61,311,14,68.7
2024-08-05,Gamma,Evening,8.0,7.11,375,13,67.8
2024-08-05,Gamma,Night,8.0,6.64,321,16,71.7
2024-08-06,Alpha,Day,8.0,7.62,355,7,89.2
2024-08-06,Alpha,Evening,8.0,7.41,359,4,83.2
2024-08-06,Alpha,Night,8.0,7.3,389,8,82.6
2024-08-06,Beta,Day,8.0,7.09,389,14,78.3
2024-08-06,Beta,Evening,8.0,7.2,393,14,79.8
2024-08-06,Beta,Night,8.0,6.79,379,11,69.0
2024-08-06,Gamma,Day,8.0,6.69,361,15,70.0
2024-08-06,Gamma,Evening,8.0,6.99,332,15,70.9
2024-08-06,Gamma,Night,8.0,6.97,354,17,64.7
2024-08-07,Alpha,Day,8.0,7.53,441,4,84.9
2024-08-07,Alpha,Evening,8.0,7.78,369,7,87.9
2024-08-07,Alpha,Night,8.0,7.22,390,4,82.1
2024-08-07,Beta,Day,8.0,6.92,372,14,72.9
2024-08-07,Beta,Evening,8.0,6.86,352,9,74.3
2024-08-07,Beta,Night,8.0,7.13,339,10,75.1
2024-08-07,Gamma,Day,8.0,7.31,374,17,69.1
2024-08-07,Gamma,Evening,8.0,7.15,399,17,69.2
2024-08-07,Gamma,Night,8.0,6.63,360,15,66.7
2024-08-08,Alpha,Day,8.0,7.62,426,8,84.6
2024-08-08,Alpha,Evening,8.0,7.59,387,7,88.8
2024-08-08,Alpha,Night,8.0,7.41,455,8,93.2
2024-08-08,Beta,Day,8.0,7.04,435,12,76.6
2024-08-08,Beta,Evening,8.0,7.25,364,9,74.7
2024-08-08,Beta,Night,8.0,6.76,345,10,72.9
2024-08-08,Gamma,Day,8.0,6.72,397,17,73.3
2024-08-08,Gamma,Evening,8.0,6.95,377,15,67.8
2024-08-08,Gamma,Night,8.0,7.1,359,17,69.3
2024-08-09,Alpha,Day,8.0,7.11,413,8,85.5
2024-08-09,Alpha,Evening,8.0,7.29,327,6,81.2
2024-08-09,Alpha,Night,8.0,7.79,370,8,94.6
2024-08-09,Beta,Day,8.0,7.02,321,8,71.0
2024-08-09,Beta,Evening,8.0,7.12,412,13,75.9
2024-08-09,Beta,Night,8.0,7.12,380,9,76.4
2024-08-09,Gamma,Day,8.0,6.78,354,16,71.8
2024-08-09,Gamma,Evening,8.0,7.01,345,18,69.5
2024-08-09,Gamma,Night,8.0,7.02,332,14,67.3
2024-08-10,Alpha,Day,8.0,7.36,411,3,84.2
2024-08-10,Alpha,Evening,8.0,7.6,406,4,86.3
2024-08-10,Alpha,Night,8.0,7.57,395,7,91.8
2024-08-10,Beta,Day,8.0,7.17,390,8,71.7
2024-08-10,Beta,Evening,8.0,7.59,369,11,71.7
2024-08-10,Beta,Night,8.0,6.74,306,8,66.5
2024-08-10,Gamma,Day,8.0,6.74,330,18,73.1
2024-08-10,Gamma,Evening,8.0,6.39,335,13,71.2
2024-08-10,Gamma,Night,8.0,6.66,356,18,75.4
2024-08-11,Alpha,Day,8.0,7.81,401,7,88.6
2024-08-11,Alpha,Evening,8.0,8.0,411,7,86.3
2024-08-11,Alpha,Night,8.0,7.59,391,9,83.6
2024-08-11,Beta,Day,8.0,6.9,418,16,78.6
2024-08-11,Beta,Evening,8.0,7.11,312,11,84.5
2024-08-11,Beta,Night,8.0,7.15,425,12,70.9
2024-08-11,Gamma,Day,8.0,7.07,356,18,68.0
2024-08-11,Gamma,Evening,8.0,6.58,323,14,68.5
2024-08-11,Gamma,Night,8.0,6.81,357,14,74.5
2024-08-12,Alpha,Day,8.0,7.37,368,2,90.1
2024-08-12,Alpha,Evening,8.0,7.73,431,6,89.7
2024-08-12,Alpha,Night,8.0,7.11,347,7,88.5
2024-08-12,Beta,Day,8.0,7.02,391,15,68.3
2024-08-12,Beta,Evening,8.0,7.25,365,13,65.8
2024-08-12,Beta,Night,8.0,7.11,361,12,72.3
2024-08-12,Gamma,Day,8.0,6.97,378,19,66.7
2024-08-12,Gamma,Evening,8.0,7.07,342,14,69.7
2024-08-12,Gamma,Night,8.0,7.17,358,13,67.3
2024-08-13,Alpha,Day,8.0,7.5,365,6,86.1
2024-08-13,Alpha,Evening,8.0,7.69,408,6,89.8
2024-08-13,Alpha,Night,8.0,7.42,385,7,90.1
2024-08-13,Beta,Day,8.0,6.69,342,10,79.0
2024-08-13,Beta,Evening,8.0,6.78,356,11,74.9
2024-08-13,Beta,Night,8.0,7.37,394,14,76.1
2024-08-13,Gamma,Day,8.0,7.01,353,13,71.3
2024-08-13,Gamma,Evening,8.0,6.92,327,18,72.0
2024-08-13,Gamma,Night,8.0,6.69,338,11,71.8
2024-08-14,Alpha,Day,8.0,7.93,453,5,86.2
2024-08-14,Alpha,Evening,8.0,7.44,354,6,87.9
2024-08-14,Alpha,Night,8.0,7.15,420,4,89.9
2024-08-14,Beta,Day,8.0,7.16,370,9,72.3
2024-08-14,Beta,Evening,8.0,7.17,345,8,71.4
2024-08-14,Beta,Night,8.0,7.09,386,10,76.1
2024-08-14,Gamma,Day,8.0,7.0,370,21,71.6
2024-08-14,Gamma,Evening,8.0,6.57,335,14,75.0
2024-08-14,Gamma,Night,8.0,7.0,374,15,74.8
2024-08-15,Alpha,Day,8.0,7.35,375,12,83.9
2024-08-15,Alpha,Evening,8.0,7.24,358,6,84.9
2024-08-15,Alpha,Night,8.0,7.65,423,9,90.1
2024-08-15,Beta,Day,8.0,7.09,336,10,73.5
2024-08-15,Beta,Evening,8.0,6.83,399,14,72.4
2024-08-15,Beta,Night,8.0,6.56,346,14,74.2
2024-08-15,Gamma,Day,8.0,6.84,370,15,69.8
2024-08-15,Gamma,Evening,8.0,7.02,346,13,70.5
2024-08-15,Gamma,Night,8.0,6.43,308,14,73.0
2024-08-16,Alpha,Day,8.0,7.24,336,5,85.0
2024-08-16,Alpha,Evening,8.0,7.72,427,9,85.7
2024-08-16,Alpha,Night,8.0,7.54,391,3,85.2
2024-08-16,Beta,Day,8.0,7.07,366,15,70.0
2024-08-16,Beta,Evening,8.0,7.31,413,15,74.2
2024-08-16,Beta,Night,8.0,7.18,341,10,71.9
2024-08-16,Gamma,Day,8.0,6.53,342,12,71.6
2024-08-16,Gamma,Evening,8.0,6.8,339,15,67.1
2024-08-16,Gamma,Night,8.0,6.64,382,14,70.5
2024-08-17,Alpha,Day,8.0,7.51,391,6,86.7
2024-08-17,Alpha,Evening,8.0,7.63,387,7,87.6
2024-08-17,Alpha,Night,8.0,7.6,382,6,89.8
2024-08-17,Beta,Day,8.0,7.12,412,16,75.8
2024-08-17,Beta,Evening,8.0,6.6,348,8,65.3
2024-08-17,Beta,Night,8.0,7.32,403,15,71.6
2024-08-17,Gamma,Day,8.0,6.69,353,13,67.6
2024-08-17,Gamma,Evening,8.0,6.98,379,15,67.9
2024-08-17,Gamma,Night,8.0,6.47,362,15,70.6
2024-08-18,Alpha,Day,8.0,7.24,348,5,86.6
2024-08-18,Alpha,Evening,8.0,7.48,411,10,87.6
2024-08-18,Alpha,Night,8.0,7.84,467,11,79.9
2024-08-18,Beta,Day,8.0,7.27,375,11,71.7
2024-08-18,Beta,Evening,8.0,6.88,362,11,72.3
2024-08-18,Beta,Night,8.0,7.12,376,11,84.1
2024-08-18,Gamma,Day,8.0,6.72,320,13,72.2
2024-08-18,Gamma,Evening,8.0,6.68,322,14,66.9
2024-08-18,Gamma,Night,8.0,6.88,322,17,74.2
2024-08-19,Alpha,Day,8.0,7.88,421,9,88.0
2024-08-19,Alpha,Evening,8.0,7.59,379,9,87.2
2024-08-19,Alpha,Night,8.0,7.67,420,6,86.0
2024-08-19,Beta,Day,8.0,7.02,396,11,77.3
2024-08-19,Beta,Evening,8.0,6.6,325,10,76.8
2024-08-19,Beta,Night,8.0,6.88,357,10,74.1
2024-08-19,Gamma,Day,8.0,6.88,378,14,72.6
2024-08-19,Gamma,Evening,8.0,6.9,334,17,69.0
2024-08-19,Gamma,Night,8.0,7.42,346,14,71.9
2024-08-20,Alpha,Day,8.0,7.74,353,7,87.3
2024-08-20,Alpha,Evening,8.0,8.0,388,5,81.0
2024-08-20,Alpha,Night,8.0,7.33,396,7,85.1
2024-08-20,Beta,Day,8.0,6.87,372,13,70.4
2024-08-20,Beta,Evening,8.0,7.23,415,12,71.5
2024-08-20,Beta,Night,8.0,7.1,371,13,70.4
2024-08-20,Gamma,Day,8.0,6.99,390,17,68.7
2024-08-20,Gamma,Evening,8.0,6.68,324,15,70.2
2024-08-20,Gamma,Night,8.0,7.2,381,16,76.4
2024-08-21,Alpha,Day,8.0,7.4,385,8,86.3
2024-08-21,Alpha,Evening,8.0,7.84,423,6,76.7
2024-08-21,Alpha,Night,8.0,7.41,413,6,85.0
2024-08-21,Beta,Day,8.0,6.71,322,12,70.1
2024-08-21,Beta,Evening,8.0,7.11,374,11,69.4
2024-08-21,Beta,Night,8.0,6.72,343,11,78.4
2024-08-21,Gamma,Day,8.0,6.42,328,15,67.2
2024-08-21,Gamma,Evening,8.0,7.08,301,14,74.5
2024-08-21,Gamma,Night,8.0,7.01,356,16,69.6
2024-08-22,Alpha,Day,8.0,6.97,344,6,82.1
2024-08-22,Alpha,Evening,8.0,7.89,426,9,87.8
2024-08-22,Alpha,Night,8.0,7.57,425,6,88.2
2024-08-22,Beta,Day,8.0,6.91,367,12,73.6
2024-08-22,Beta,Evening,8.0,7.06,355,14,73.5
2024-08-22,Beta,Night,8.0,6.96,366,13,68.4
2024-08-22,Gamma,Day,8.0,6.42,314,17,63.9
2024-08-22,Gamma,Evening,8.0,6.86,303,15,64.4
2024-08-22,Gamma,Night,8.0,6.94,447,20,68.9
2024-08-23,Alpha,Day,8.0,7.88,403,10,85.3
2024-08-23,Alpha,Evening,8.0,7.52,387,5,84.3
2024-08-23,Alpha,Night,8.0,7.6,426,1,86.8
2024-08-23,Beta,Day,8.0,7.3,401,14,76.1
2024-08-23,Beta,Evening,8.0,6.88,325,8,74.6
2024-08-23,Beta,Night,8.0,7.27,346,11,72.4
2024-08-23,Gamma,Day,8.0,6.9,331,14,68.5
2024-08-23,Gamma,Evening,8.0,6.56,341,17,66.9
2024-08-23,Gamma,Night,8.0,6.22,306,12,71.4
2024-08-24,Alpha,Day,8.0,7.02,348,6,86.3
2024-08-24,Alpha,Evening,8.0,7.49,359,6,82.1
2024-08-24,Alpha,Night,8.0,7.28,385,5,85.8
2024-08-24,Beta,Day,8.0,6.8,365,12,70.3
2024-08-24,Beta,Evening,8.0,6.71,331,9,75.1
2024-08-24,Beta,Night,8.0,7.73,372,11,76.0
2024-08-24,Gamma,Day,8.0,7.08,348,17,67.3
2024-08-24,Gamma,Evening,8.0,6.59,324,13,68.7
2024-08-24,Gamma,Night,8.0,6.68,377,18,72.4
2024-08-25,Alpha,Day,8.0,7.25,381,2,90.8
2024-08-25,Alpha,Evening,8.0,7.64,371,10,88.0
2024-08-25,Alpha,Night,8.0,7.72,385,6,86.2
2024-08-25,Beta,Day,8.0,7.13,372,10,66.1
2024-08-25,Beta,Evening,8.0,7.22,397,15,70.2
2024-08-25,Beta,Night,8.0,6.89,388,12,75.2
2024-08-25,Gamma,Day,8.0,6.94,327,16,69.0
2024-08-25,Gamma,Evening,8.0,6.46,364,14,69.2
2024-08-25,Gamma,Night,8.0,6.53,299,12,73.5
2024-08-26,Alpha,Day,8.0,7.85,423,7,86.7
2024-08-26,Alpha,Evening,8.0,7.37,369,4,84.2
2024-08-26,Alpha,Night,8.0,7.26,372,7,83.5
2024-08-26,Beta,Day,8.0,6.56,278,7,70.4
2024-08-26,Beta,Evening,8.0,7.09,331,11,74.2
2024-08-26,Beta,Night,8.0,7.2,356,13,74.4
2024-08-26,Gamma,Day,8.0,6.54,363,15,70.1
2024-08-26,Gamma,Evening,8.0,6.8,347,14,66.0
2024-08-26,Gamma,Night,8.0,6.89,372,16,72.2
2024-08-27,Alpha,Day,8.0,7.17,340,5,86.5
2024-08-27,Alpha,Evening,8.0,7.55,400,7,83.0
2024-08-27,Alpha,Night,8.0,7.71,469,10,81.3
2024-08-27,Beta,Day,8.0,7.33,357,10,75.3
2024-08-27,Beta,Evening,8.0,7.13,341,11,82.4
2024-08-27,Beta,Night,8.0,7.02,341,13,75.0
2024-08-27,Gamma,Day,8.0,6.38,333,16,72.7
2024-08-27,Gamma,Evening,8.0,6.76,378,15,66.0
2024-08-27,Gamma,Night,8.0,7.09,343,16,68.5
2024-08-28,Alpha,Day,8.0,7.46,351,5,87.1
2024-08-28,Alpha,Evening,8.0,7.41,367,5,88.9
2024-08-28,Alpha,Night,8.0,7.49,365,4,80.8
2024-08-28,Beta,Day,8.0,7.39,377,8,77.9
2024-08-28,Beta,Evening,8.0,6.69,344,12,71.0
2024-08-28,Beta,Night,8.0,7.11,334,12,70.0
2024-08-28,Gamma,Day,8.0,7.11,351,18,68.3
2024-08-28,Gamma,Evening,8.0,7.08,325,15,79.5
2024-08-28,Gamma,Night,8.0,6.94,331,14,70.9
2024-08-29,Alpha,Day,8.0,7.38,355,5,90.0
2024-08-29,Alpha,Evening,8.0,7.98,383,6,89.0
2024-08-29,Alpha,Night,8.0,7.7,379,7,82.8
2024-08-29,Beta,Day,8.0,6.85,323,9,80.7
2024-08-29,Beta,Evening,8.0,6.93,267,7,67.5
2024-08-29,Beta,Night,8.0,7.09,369,11,71.1
2024-08-29,Gamma,Day,8.0,6.87,332,14,65.4
2024-08-29,Gamma,Evening,8.0,6.56,335,16,75.6
2024-08-29,Gamma,Night,8.0,6.95,367,19,79.0
2024-08-30,Alpha,Day,8.0,7.39,372,8,88.1
2024-08-30,Alpha,Evening,8.0,7.58,443,11,83.3
2024-08-30,Alpha,Night,8.0,7.36,370,7,83.9
2024-08-30,Beta,Day,8.0,6.79,323,10,82.0
2024-08-30,Beta,Evening,8.0,7.16,378,10,72.8
2024-08-30,Beta,Night,8.0,6.82,387,11,69.4
2024-08-30,Gamma,Day,8.0,6.73,373,14,62.6
2024-08-30,Gamma,Evening,8.0,6.94,371,16,71.3
2024-08-30,Gamma,Night,8.0,7.07,346,15,64.7
2024-08-31,Alpha,Day,8.0,7.34,331,5,82.1
2024-08-31,Alpha,Evening,8.0,7.63,373,9,89.7
2024-08-31,Alpha,Night,8.0,7.62,387,7,90.3
2024-08-31,Beta,Day,8.0,7.79,423,14,76.9
2024-08-31,Beta,Evening,8.0,7.37,347,12,77.0
2024-08-31,Beta,Night,8.0,6.8,300,10,71.0
2024-08-31,Gamma,Day,8.0,6.7,317,12,70.1
2024-08-31,Gamma,Evening,8.0,6.46,322,13,72.6
2024-08-31,Gamma,Night,8.0,7.1,388,16,70.4
2024-09-01,Alpha,Day,8.0,7.1,331,7,88.2
2024-09-01,Alpha,Evening,8.0,7.75,422,9,85.3
2024-09-01,Alpha,Night,8.0,7.62,373,5,82.1
2024-09-01,Beta,Day,8.0,6.87,298,8,76.0
2024-09-01,Beta,Evening,8.0,6.93,356,10,74.7
2024-09-01,Beta,Night,8.0,7.04,378,14,68.4
2024-09-01,Gamma,Day,8.0,6.58,299,12,72.6
2024-09-01,Gamma,Evening,8.0,6.71,295,14,73.2
2024-09-01,Gamma,Night,8.0,6.91,347,13,71.9
2024-09-02,Alpha,Day,8.0,7.24,370,7,83.3
2024-09-02,Alpha,Evening,8.0,7.69,434,9,85.5
2024-09-02,Alpha,Night,8.0,7.55,433,7,87.3
2024-09-02,Beta,Day,8.0,7.34,326,7,69.1
2024-09-02,Beta,Evening,8.0,6.78,364,13,75.2
2024-09-02,Beta,Night,8.0,6.95,318,11,70.1
2024-09-02,Gamma,Day,8.0,6.91,352,14,65.0
2024-09-02,Gamma,Evening,8.0,6.46,350,16,71.3
2024-09-02,Gamma,Night,8.0,6.81,332,15,76.0
2024-09-03,Alpha,Day,8.0,7.78,386,9,88.0
2024-09-03,Alpha,Evening,8.0,7.58,383,6,88.9
2024-09-03,Alpha,Night,8.0,7.72,434,7,89.9
2024-09-03,Beta,Day,8.0,7.39,397,9,72.0
2024-09-03,Beta,Evening,8.0,7.05,387,13,76.5
2024-09-03,Beta,Night,8.0,6.88,377,13,78.4
2024-09-03,Gamma,Day,8.0,6.97,378,14,66.9
2024-09-03,Gamma,Evening,8.0,6.69,335,17,73.5
2024-09-03,Gamma,Night,8.0,6.86,378,14,71.9
2024-09-04,Alpha,Day,8.0,7.59,448,10,83.5
2024-09-04,Alpha,Evening,8.0,7.74,366,4,84.9
2024-09-04,Alpha,Night,8.0,7.47,375,7,87.2
2024-09-04,Beta,Day,8.0,6.54,307,11,72.1
2024-09-04,Beta,Evening,8.0,6.72,379,11,75.1
2024-09-04,Beta,Night,8.0,6.59,358,8,73.6
2024-09-04,Gamma,Day,8.0,7.01,394,17,64.3
2024-09-04,Gamma,Evening,8.0,6.36,333,15,71.3
2024-09-04,Gamma,Night,8.0,6.57,333,17,66.4
2024-09-05,Alpha,Day,8.0,7.18,388,4,88.6
2024-09-05,Alpha,Evening,8.0,7.55,364,4,84.9
2024-09-05,Alpha,Night,8.0,7.26,380,5,93.6
2024-09-05,Beta,Day,8.0,7.01,310,12,77.4
2024-09-05,Beta,Evening,8.0,7.22,383,15,76.0
2024-09-05,Beta,Night,8.0,7.1,382,10,69.4
2024-09-05,Gamma,Day,8.0,6.49,333,14,69.7
2024-09-05,Gamma,Evening,8.0,6.93,424,16,64.5
2024-09-05,Gamma,Night,8.0,6.9,379,14,73.5
2024-09-06,Alpha,Day,8.0,7.85,421,7,87.1
2024-09-06,Alpha,Evening,8.0,7.6,342,5,92.3
2024-09-06,Alpha,Night,8.0,7.31,386,5,83.9
2024-09-06,Beta,Day,8.0,7.01,344,9,75.9
2024-09-06,Beta,Evening,8.0,7.52,408,14,69.5
2024-09-06,Beta,Night,8.0,6.95,364,12,71.8
2024-09-06,Gamma,Day,8.0,6.81,376,19,71.6
2024-09-06,Gamma,Evening,8.0,6.81,355,16,75.1
2024-09-06,Gamma,Night,8.0,7.01,408,19,75.3
2024-09-07,Alpha,Day,8.0,7.5,344,8,89.7
2024-09-07,Alpha,Evening,8.0,7.43,396,7,83.5
2024-09-07,Alpha,Night,8.0,7.49,391,4,85.8
2024-09-07,Beta,Day,8.0,6.89,322,8,63.8
2024-09-07,Beta,Evening,8.0,7.02,327,8,74.9
2024-09-07,Beta,Night,8.0,6.95,322,9,75.0
2024-09-07,Gamma,Day,8.0,7.02,372,19,72.6
2024-09-07,Gamma,Evening,8.0,6.86,361,16,70.1
2024-09-07,Gamma,Night,8.0,6.93,373,13,67.4
2024-09-08,Alpha,Day,8.0,7.86,416,4,86.0
2024-09-08,Alpha,Evening,8.0,7.65,410,9,87.1
2024-09-08,Alpha,Night,8.0,7.57,331,5,86.3
2024-09-08,Beta,Day,8.0,7.01,404,9,80.2
2024-09-08,Beta,Evening,8.0,6.8,368,10,71.8
2024-09-08,Beta,Night,8.0,6.95,370,12,77.4
2024-09-08,Gamma,Day,8.0,7.03,379,16,63.6
2024-09-08,Gamma,Evening,8.0,6.66,309,11,70.0
2024-09-08,Gamma,Night,8.0,6.9,341,14,71.3
2024-09-09,Alpha,Day,8.0,7.5,339,3,91.1
2024-09-09,Alpha,Evening,8.0,6.97,344,4,89.9
2024-09-09,Alpha,Night,8.0,7.37,388,8,83.5
2024-09-09,Beta,Day,8.0,7.03,313,12,75.6
2024-09-09,Beta,Evening,8.0,7.11,410,12,65.5
2024-09-09,Beta,Night,8.0,6.74,290,8,79.8
2024-09-09,Gamma,Day,8.0,6.91,348,13,72.6
2024-09-09,Gamma,Evening,8.0,7.39,384,19,74.1
2024-09-09,Gamma,Night,8.0,6.71,355,15,74.7
2024-09-10,Alpha,Day,8.0,7.64,409,6,86.9
2024-09-10,Alpha,Evening,8.0,7.28,400,3,90.5
2024-09-10,Alpha,Night,8.0,7.28,395,8,84.1
2024-09-10,Beta,Day,8.0,6.57,391,10,76.7
2024-09-10,Beta,Evening,8.0,6.99,364,9,77.1
2024-09-10,Beta,Night,8.0,7.06,366,11,76.4
2024-09-10,Gamma,Day,8.0,6.58,288,13,75.6
2024-09-10,Gamma,Evening,8.0,6.76,341,12,77.9
2024-09-10,Gamma,Night,8.0,6.8,338,20,67.1
2024-09-11,Alpha,Day,8.0,7.23,352,8,94.1
2024-09-11,Alpha,Evening,8.0,7.28,404,7,88.0
2024-09-11,Alpha,Night,8.0,7.5,419,8,86.2
2024-09-11,Beta,Day,8.0,7.29,399,13,77.7
2024-09-11,Beta,Evening,8.0,7.02,379,12,75.4
2024-09-11,Beta,Night,8.0,7.32,410,13,65.6
2024-09-11,Gamma,Day,8.0,6.53,298,11,70.6
2024-09-11,Gamma,Evening,8.0,6.42,327,15,66.4
2024-09-11,Gamma,Night,8.0,6.8,389,19,67.2
2024-09-12,Alpha,Day,8.0,7.21,387,5,94.4
2024-09-12,Alpha,Evening,8.0,7.7,427,9,89.8
2024-09-12,Alpha,Night,8.0,7.34,396,5,89.1
2024-09-12,Beta,Day,8.0,7.32,403,9,64.3
2024-09-12,Beta,Evening,8.0,7.07,365,12,75.1
2024-09-12,Beta,Night,8.0,7.19,320,11,71.7
2024-09-12,Gamma,Day,8.0,6.87,347,12,73.6
2024-09-12,Gamma,Evening,8.0,6.93,387,20,68.2
2024-09-12,Gamma,Night,8.0,6.66,351,17,67.3
2024-09-13,Alpha,Day,8.0,7.34,393,5,89.2
2024-09-13,Alpha,Evening,8.0,7.43,382,3,83.7
2024-09-13,Alpha,Night,8.0,7.16,365,4,84.5
2024-09-13,Beta,Day,8.0,6.83,341,11,73.7
2024-09-13,Beta,Evening,8.0,7.43,401,12,73.6
2024-09-13,Beta,Night,8.0,7.69,443,11,79.1
2024-09-13,Gamma,Day,8.0,6.76,338,16,79.9
2024-09-13,Gamma,Evening,8.0,6.98,422,19,67.5
2024-09-13,Gamma,Night,8.0,6.33,338,14,74.0
2024-09-14,Alpha,Day,8.0,7.52,381,5,80.8
2024-09-14,Alpha,Evening,8.0,7.54,437,4,83.5
2024-09-14,Alpha,Night,8.0,7.23,412,5,86.9
2024-09-14,Beta,Day,8.0,6.49,369,13,70.1
2024-09-14,Beta,Evening,8.0,7.3,361,12,72.2
2024-09-14,Beta,Night,8.0,7.58,301,10,78.8
2024-09-14,Gamma,Day,8.0,6.93,379,18,69.2
2024-09-14,Gamma,Evening,8.0,6.62,352,17,65.3
2024-09-14,Gamma,Night,8.0,6.92,392,19,66.6
2024-09-15,Alpha,Day,8.0,7.81,349,7,81.2
2024-09-15,Alpha,Evening,8.0,7.87,359,7,86.1
2024-09-15,Alpha,Night,8.0,7.48,370,7,92.9
2024-09-15,Beta,Day,8.0,7.26,402,13,78.7
2024-09-15,Beta,Evening,8.0,6.97,372,12,79.8
2024-09-15,Beta,Night,8.0,7.04,386,11,76.3
2024-09-15,Gamma,Day,8.0,6.97,369,19,66.1
2024-09-15,Gamma,Evening,8.0,6.56,322,14,64.0
2024-09-15,Gamma,Night,8.0,6.55,314,12,72.2
2024-09-16,Alpha,Day,8.0,7.25,415,6,86.5
2024-09-16,Alpha,Evening,8.0,7.45,434,4,84.8
2024-09-16,Alpha,Night,8.0,7.4,373,8,89.5
2024-09-16,Beta,Day,8.0,7.07,349,9,69.2
2024-09-16,Beta,Evening,8.0,7.24,392,16,76.8
2024-09-16,Beta,Night,8.0,7.11,408,13,77.5
2024-09-16,Gamma,Day,8.0,7.16,380,19,73.5
2024-09-16,Gamma,Evening,8.0,6.62,275,12,67.9
2024-09-16,Gamma,Night,8.0,6.9,371,18,76.0
2024-09-17,Alpha,Day,8.0,7.47,433,4,86.0
2024-09-17,Alpha,Evening,8.0,7.44,333,8,89.0
2024-09-17,Alpha,Night,8.0,7.53,440,6,88.2
2024-09-17,Beta,Day,8.0,7.54,397,15,77.6
2024-09-17,Beta,Evening,8.0,7.0,380,12,69.6
2024-09-17,Beta,Night,8.0,7.12,357,11,73.9
2024-09-17,Gamma,Day,8.0,6.74,331,15,67.1
2024-09-17,Gamma,Evening,8.0,6.73,328,12,72.9
2024-09-17,Gamma,Night,8.0,6.91,354,15,66.3
2024-09-18,Alpha,Day,8.0,7.72,412,7,87.0
2024-09-18,Alpha,Evening,8.0,7.58,370,6,90.0
2024-09-18,Alpha,Night,8.0,7.28,350,7,87.9
2024-09-18,Beta,Day,8.0,7.24,382,11,71.8
2024-09-18,Beta,Evening,8.0,6.99,374,11,73.1
2024-09-18,Beta,Night,8.0,7.17,363,13,70.0
2024-09-18,Gamma,Day,8.0,6.84,346,14,67.6
2024-09-18,Gamma,Evening,8.0,6.72,368,16,65.3
2024-09-18,Gamma,Night,8.0,6.95,396,18,73.6
2024-09-19,Alpha,Day,8.0,7.46,357,3,75.9
2024-09-19,Alpha,Evening,8.0,7.18,344,5,85.9
2024-09-19,Alpha,Night,8.0,7.42,382,6,93.6
2024-09-19,Beta,Day,8.0,6.83,331,10,69.2
2024-09-19,Beta,Evening,8.0,7.37,387,12,80.2
2024-09-19,Beta,Night,8.0,7.28,408,14,71.7
2024-09-19,Gamma,Day,8.0,6.54,367,15,69.8
2024-09-19,Gamma,Evening,8.0,6.66,355,15,74.0
2024-09-19,Gamma,Night,8.0,6.33,291,13,74.0
2024-09-20,Alpha,Day,8.0,8.0,464,5,86.4
2024-09-20,Alpha,Evening,8.0,7.22,345,3,86.7
2024-09-20,Alpha,Night,8.0,7.39,402,6,92.5
2024-09-20,Beta,Day,8.0,7.3,442,16,72.5
2024-09-20,Beta,Evening,8.0,6.89,383,13,80.2
2024-09-20,Beta,Night,8.0,7.51,398,14,79.0
2024-09-20,Gamma,Day,8.0,6.32,308,11,69.3
2024-09-20,Gamma,Evening,8.0,6.67,362,18,69.6
2024-09-20,Gamma,Night,8.0,6.78,349,12,67.3
2024-09-21,Alpha,Day,8.0,7.04,322,5,89.3
2024-09-21,Alpha,Evening,8.0,7.15,339,4,87.6
2024-09-21,Alpha,Night,8.0,7.51,405,5,86.3
2024-09-21,Beta,Day,8.0,7.35,391,11,72.5
2024-09-21,Beta,Evening,8.0,6.48,317,10,76.7
2024-09-21,Beta,Night,8.0,6.96,405,11,69.9
2024-09-21,Gamma,Day,8.0,6.55,337,13,71.3
2024-09-21,Gamma,Evening,8.0,6.57,327,14,70.9
2024-09-21,Gamma,Night,8.0,6.66,296,16,71.0
2024-09-22,Alpha,Day,8.0,7.72,369,7,88.4
2024-09-22,Alpha,Evening,8.0,7.43,390,10,88.0
2024-09-22,Alpha,Night,8.0,7.58,371,9,85.3
2024-09-22,Beta,Day,8.0,7.15,367,9,78.1
2024-09-22,Beta,Evening,8.0,6.7,369,13,74.0
2024-09-22,Beta,Night,8.0,6.77,343,13,72.2
2024-09-22,Gamma,Day,8.0,6.54,365,16,77.3
2024-09-22,Gamma,Evening,8.0,6.73,333,13,61.3
2024-09-22,Gamma,Night,8.0,6.46,375,19,69.5
2024-09-23,Alpha,Day,8.0,7.29,432,9,86.9
2024-09-23,Alpha,Evening,8.0,7.52,385,5,90.1
2024-09-23,Alpha,Night,8.0,7.72,369,8,85.7
2024-09-23,Beta,Day,8.0,6.99,377,11,66.7
2024-09-23,Beta,Evening,8.0,7.39,353,9,75.6
2024-09-23,Beta,Night,8.0,6.95,325,12,70.3
2024-09-23,Gamma,Day,8.0,7.23,427,20,67.4
2024-09-23,Gamma,Evening,8.0,7.16,366,16,73.1
2024-09-23,Gamma,Night,8.0,6.72,319,14,64.1
2024-09-24,Alpha,Day,8.0,7.66,379,7,86.9
2024-09-24,Alpha,Evening,8.0,7.18,398,5,86.7
2024-09-24,Alpha,Night,8.0,7.53,441,10,81.6
2024-09-24,Beta,Day,8.0,6.96,345,9,73.8
2024-09-24,Beta,Evening,8.0,7.02,353,11,67.2
2024-09-24,Beta,Night,8.0,7.23,404,11,76.2
2024-09-24,Gamma,Day,8.0,7.12,362,17,75.7
2024-09-24,Gamma,Evening,8.0,6.62,319,11,75.6
2024-09-24,Gamma,Night,8.0,7.03,347,14,72.7
2024-09-25,Alpha,Day,8.0,7.02,374,5,89.4
2024-09-25,Alpha,Evening,8.0,7.67,405,5,88.3
2024-09-25,Alpha,Night,8.0,7.45,368,5,85.0
2024-09-25,Beta,Day,8.0,7.09,341,10,71.4
2024-09-25,Beta,Evening,8.0,7.11,376,13,73.5
2024-09-25,Beta,Night,8.0,6.79,382,14,76.9
2024-09-25,Gamma,Day,8.0,6.8,345,17,65.5
2024-09-25,Gamma,Evening,8.0,6.95,345,16,67.1
2024-09-25,Gamma,Night,8.0,6.91,348,14,71.0
2024-09-26,Alpha,Day,8.0,7.53,421,4,85.7
2024-09-26,Alpha,Evening,8.0,7.0,360,2,84.6
2024-09-26,Alpha,Night,8.0,7.24,378,7,78.1
2024-09-26,Beta,Day,8.0,7.25,345,10,69.4
2024-09-26,Beta,Evening,8.0,7.47,367,11,72.1
2024-09-26,Beta,Night,8.0,6.95,375,11,67.8
2024-09-26,Gamma,Day,8.0,7.15,331,17,68.6
2024-09-26,Gamma,Evening,8.0,6.53,343,14,69.0
2024-09-26,Gamma,Night,8.0,6.79,368,18,69.0
2024-09-27,Alpha,Day,8.0,7.42,388,5,85.1
2024-09-27,Alpha,Evening,8.0,7.49,400,7,81.0
2024-09-27,Alpha,Night,8.0,7.43,369,6,86.2
2024-09-27,Beta,Day,8.0,7.41,394,11,72.8
2024-09-27,Beta,Evening,8.0,7.28,384,9,77.4
2024-09-27,Beta,Night,8.0,7.27,416,12,70.8
2024-09-27,Gamma,Day,8.0,6.2,312,12,74.4
2024-09-27,Gamma,Evening,8.0,6.65,364,16,72.1
2024-09-27,Gamma,Night,8.0,6.55,284,12,70.4
2024-09-28,Alpha,Day,8.0,7.3,320,6,80.1
2024-09-28,Alpha,Evening,8.0,7.78,412,9,83.4
2024-09-28,Alpha,Night,8.0,7.59,399,7,90.0
2024-09-28,Beta,Day,8.0,7.39,381,12,72.7
2024-09-28,Beta,Evening,8.0,6.71,322,8,73.9
2024-09-28,Beta,Night,8.0,6.87,371,13,76.1
2024-09-28,Gamma,Day,8.0,6.71,327,15,78.7
2024-09-28,Gamma,Evening,8.0,6.85,334,13,71.4
2024-09-28,Gamma,Night,8.0,6.71,376,18,68.1
2024-09-29,Alpha,Day,8.0,7.54,361,6,87.0
2024-09-29,Alpha,Evening,8.0,7.45,339,3,89.8
2024-09-29,Alpha,Night,8.0,7.81,360,5,86.4
2024-09-29,Beta,Day,8.0,6.74,321,9,70.7
2024-09-29,Beta,Evening,8.0,6.86,387,10,77.0
2024-09-29,Beta,Night,8.0,6.9,343,11,76.2
2024-09-29,Gamma,Day,8.0,6.84,399,16,69.0
2024-09-29,Gamma,Evening,8.0,6.63,354,17,70.3
2024-09-29,Gamma,Night,8.0,6.62,346,14,69.5
2024-09-30,Alpha,Day,8.0,7.62,415,6,88.9
2024-09-30,Alpha,Evening,8.0,7.72,417,9,87.8
2024-09-30,Alpha,Night,8.0,7.35,388,3,84.9
2024-09-30,Beta,Day,8.0,7.03,411,11,74.0
2024-09-30,Beta,Evening,8.0,6.58,356,11,73.8
2024-09-30,Beta,Night,8.0,6.95,380,15,78.9
2024-09-30,Gamma,Day,8.0,6.79,312,15,68.7
2024-09-30,Gamma,Evening,8.0,6.45,334,17,60.7
2024-09-30,Gamma,Night,8.0,6.41,323,13,63.4
2024-10-01,Alpha,Day,8.0,7.05,399,8,84.0
2024-10-01,Alpha,Evening,8.0,7.61,403,7,90.2
2024-10-01,Alpha,Night,8.0,7.37,382,8,90.3
2024-10-01,Beta,Day,8.0,7.21,433,17,72.9
2024-10-01,Beta,Evening,8.0,6.95,358,12,78.7
2024-10-01,Beta,Night,8.0,6.75,345,9,69.9
2024-10-01,Gamma,Day,8.0,6.47,338,13,74.1
2024-10-01,Gamma,Evening,8.0,6.48,304,11,69.2
2024-10-01,Gamma,Night,8.0,6.52,275,15,65.3
2024-10-02,Alpha,Day,8.0,7.3,370,5,90.2
2024-10-02,Alpha,Evening,8.0,7.88,368,5,89.3
2024-10-02,Alpha,Night,8.0,7.4,370,7,93.6
2024-10-02,Beta,Day,8.0,6.86,344,11,69.5
2024-10-02,Beta,Evening,8.0,6.68,334,11,74.3
2024-10-02,Beta,Night,8.0,7.14,404,14,67.6
2024-10-02,Gamma,Day,8.0,6.85,369,13,66.0
2024-10-02,Gamma,Evening,8.0,6.75,365,15,63.4
2024-10-02,Gamma,Night,8.0,6.45,316,14,75.9
2024-10-03,Alpha,Day,8.0,7.82,420,8,86.0
2024-10-03,Alpha,Evening,8.0,7.38,382,8,85.3
2024-10-03,Alpha,Night,8.0,7.72,399,6,88.3
2024-10-03,Beta,Day,8.0,7.47,419,12,75.8
2024-10-03,Beta,Evening,8.0,7.12,373,12,76.2
2024-10-03,Beta,Night,8.0,7.11,347,9,75.3
2024-10-03,Gamma,Day,8.0,6.75,340,22,74.3
2024-10-03,Gamma,Evening,8.0,6.79,327,12,68.4
2024-10-03,Gamma,Night,8.0,6.7,375,16,64.5
2024-10-04,Alpha,Day,8.0,7.55,446,5,93.5
2024-10-04,Alpha,Evening,8.0,7.74,429,10,86.2
2024-10-04,Alpha,Night,8.0,7.72,419,4,82.0
2024-10-04,Beta,Day,8.0,7.03,381,9,76.6
2024-10-04,Beta,Evening,8.0,7.53,364,11,73.3
2024-10-04,Beta,Night,8.0,7.57,381,12,64.1
2024-10-04,Gamma,Day,8.0,6.56,365,20,70.8
2024-10-04,Gamma,Evening,8.0,7.16,336,14,65.1
2024-10-04,Gamma,Night,8.0,6.9,376,17,68.3
2024-10-05,Alpha,Day,8.0,7.28,371,5,87.0
2024-10-05,Alpha,Evening,8.0,7.39,345,2,87.0
2024-10-05,Alpha,Night,8.0,7.24,400,5,90.3
2024-10-05,Beta,Day,8.0,7.15,301,10,74.4
2024-10-05,Beta,Evening,8.0,7.0,400,13,73.4
2024-10-05,Beta,Night,8.0,7.26,378,12,79.1
2024-10-05,Gamma,Day,8.0,6.44,291,14,68.9
2024-10-05,Gamma,Evening,8.0,6.89,368,16,69.2
2024-10-05,Gamma,Night,8.0,6.84,370,19,71.5
2024-10-06,Alpha,Day,8.0,7.07,380,4,85.3
2024-10-06,Alpha,Evening,8.0,7.5,367,7,90.6
2024-10-06,Alpha,Night,8.0,7.76,433,9,88.7
2024-10-06,Beta,Day,8.0,7.4,353,8,84.1
2024-10-06,Beta,Evening,8.0,7.36,347,15,75.2
2024-10-06,Beta,Night,8.0,7.54,354,8,77.7
2024-10-06,Gamma,Day,8.0,7.09,378,19,77.3
2024-10-06,Gamma,Evening,8.0,6.82,358,16,63.4
2024-10-06,Gamma,Night,8.0,6.94,346,17,69.0
2024-10-07,Alpha,Day,8.0,8.0,405,9,88.2
2024-10-07,Alpha,Evening,8.0,7.52,403,3,86.9
2024-10-07,Alpha,Night,8.0,7.26,376,8,86.4
2024-10-07,Beta,Day,8.0,7.54,406,11,79.9
2024-10-07,Beta,Evening,8.0,6.92,366,9,73.6
2024-10-07,Beta,Night,8.0,6.75,349,10,70.6
2024-10-07,Gamma,Day,8.0,6.19,353,18,69.3
2024-10-07,Gamma,Evening,8.0,6.81,372,16,69.0
2024-10-07,Gamma,Night,8.0,6.5,294,14,73.6
2024-10-08,Alpha,Day,8.0,8.0,349,7,80.3
2024-10-08,Alpha,Evening,8.0,7.49,388,6,93.5
2024-10-08,Alpha,Night,8.0,7.45,436,8,86.2
2024-10-08,Beta,Day,8.0,7.0,361,10,73.9
2024-10-08,Beta,Evening,8.0,7.32,412,12,85.3
2024-10-08,Beta,Night,8.0,6.42,293,8,76.4
2024-10-08,Gamma,Day,8.0,6.99,402,17,71.3
2024-10-08,Gamma,Evening,8.0,6.77,338,13,71.1
2024-10-08,Gamma,Night,8.0,7.02,372,16,71.7
2024-10-09,Alpha,Day,8.0,7.54,420,10,90.1
2024-10-09,Alpha,Evening,8.0,7.18,379,7,84.2
2024-10-09,Alpha,Night,8.0,7.58,437,7,87.3
2024-10-09,Beta,Day,8.0,6.59,324,10,70.4
2024-10-09,Beta,Evening,8.0,6.76,319,7,77.2
2024-10-09,Beta,Night,8.0,6.78,379,11,72.8
2024-10-09,Gamma,Day,8.0,6.89,293,12,69.5
2024-10-09,Gamma,Evening,8.0,7.02,342,16,73.7
2024-10-09,Gamma,Night,8.0,7.21,375,15,69.7
2024-10-10,Alpha,Day,8.0,7.47,394,8,84.5
2024-10-10,Alpha,Evening,8.0,7.17,393,5,81.0
2024-10-10,Alpha,Night,8.0,7.27,380,6,87.0
2024-10-10,Beta,Day,8.0,7.22,368,12,71.7
2024-10-10,Beta,Evening,8.0,7.43,378,8,71.0
2024-10-10,Beta,Night,8.0,6.91,361,11,78.9
2024-10-10,Gamma,Day,8.0,7.04,381,19,66.8
2024-10-10,Gamma,Evening,8.0,6.72,314,15,73.5
2024-10-10,Gamma,Night,8.0,6.66,331,13,61.2
2024-10-11,Alpha,Day,8.0,7.83,431,7,84.2
2024-10-11,Alpha,Evening,8.0,7.16,365,7,86.8
2024-10-11,Alpha,Night,8.0,7.14,387,8,82.7
2024-10-11,Beta,Day,8.0,7.12,331,9,75.4
2024-10-11,Beta,Evening,8.0,7.01,392,12,72.7
2024-10-11,Beta,Night,8.0,6.82,385,11,75.6
2024-10-11,Gamma,Day,8.0,6.56,359,12,73.6
2024-10-11,Gamma,Evening,8.0,7.24,379,15,69.0
2024-10-11,Gamma,Night,8.0,6.76,301,14,70.6
2024-10-12,Alpha,Day,8.0,7.62,339,8,89.9
2024-10-12,Alpha,Evening,8.0,7.21,355,8,93.5
2024-10-12,Alpha,Night,8.0,7.7,430,7,80.8
2024-10-12,Beta,Day,8.0,7.13,418,11,71.6
2024-10-12,Beta,Evening,8.0,6.98,367,9,69.7
2024-10-12,Beta,Night,8.0,6.7,364,14,72.2
2024-10-12,Gamma,Day,8.0,7.25,322,14,76.1
2024-10-12,Gamma,Evening,8.0,6.87,379,20,70.2
2024-10-12,Gamma,Night,8.0,6.72,365,16,66.6
2024-10-13,Alpha,Day,8.0,7.7,379,9,86.7
2024-10-13,Alpha,Evening,8.0,7.71,389,6,94.1
2024-10-13,Alpha,Night,8.0,7.34,413,7,86.4
2024-10-13,Beta,Day,8.0,7.25,355,11,79.8
2024-10-13,Beta,Evening,8.0,7.38,381,12,75.4
2024-10-13,Beta,Night,8.0,6.77,319,8,77.3
2024-10-13,Gamma,Day,8.0,6.89,321,16,71.8
2024-10-13,Gamma,Evening,8.0,6.97,390,19,69.6
2024-10-13,Gamma,Night,8.0,6.76,290,14,73.4
2024-10-14,Alpha,Day,8.0,7.51,372,9,90.7
2024-10-14,Alpha,Evening,8.0,7.39,404,9,83.0
2024-10-14,Alpha,Night,8.0,7.61,377,6,87.7
2024-10-14,Beta,Day,8.0,6.82,355,10,75.7
2024-10-14,Beta,Evening,8.0,7.24,361,10,75.2
2024-10-14,Beta,Night,8.0,6.85,338,9,71.9
2024-10-14,Gamma,Day,8.0,6.8,351,12,67.7
2024-10-14,Gamma,Evening,8.0,7.07,372,15,74.3
2024-10-14,Gamma,Night,8.0,7.09,341,17,68.2
2024-10-15,Alpha,Day,8.0,7.77,418,6,88.5
2024-10-15,Alpha,Evening,8.0,7.43,364,7,88.7
2024-10-15,Alpha,Night,8.0,7.56,366,5,83.7
2024-10-15,Beta,Day,8.0,6.99,397,9,73.3
2024-10-15,Beta,Evening,8.0,7.05,415,11,77.9
2024-10-15,Beta,Night,8.0,7.0,394,10,78.9
2024-10-15,Gamma,Day,8.0,6.74,346,17,70.4
2024-10-15,Gamma,Evening,8.0,6.77,331,15,67.7
2024-10-15,Gamma,Night,8.0,6.89,341,15,65.7
2024-10-16,Alpha,Day,8.0,7.46,376,8,82.2
2024-10-16,Alpha,Evening,8.0,7.58,409,10,87.1
2024-10-16,Alpha,Night,8.0,7.57,334,7,88.2
2024-10-16,Beta,Day,8.0,7.21,368,12,71.6
2024-10-16,Beta,Evening,8.0,6.87,380,12,74.8
2024-10-16,Beta,Night,8.0,7.16,376,11,76.3
2024-10-16,Gamma,Day,8.0,6.63,350,14,78.7
2024-10-16,Gamma,Evening,8.0,6.81,364,17,68.3
2024-10-16,Gamma,Night,8.0,6.67,343,14,72.7
2024-10-17,Alpha,Day,8.0,7.73,395,7,89.5
2024-10-17,Alpha,Evening,8.0,7.44,463,7,84.8
2024-10-17,Alpha,Night,8.0,7.35,398,5,83.8
2024-10-17,Beta,Day,8.0,6.89,341,10,76.0
2024-10-17,Beta,Evening,8.0,6.88,377,8,71.8
2024-10-17,Beta,Night,8.0,6.89,325,11,73.4
2024-10-17,Gamma,Day,8.0,6.8,330,11,70.6
2024-10-17,Gamma,Evening,8.0,7.0,380,20,71.7
2024-10-17,Gamma,Night,8.0,7.15,345,15,75.0
2024-10-18,Alpha,Day,8.0,7.56,362,6,92.7
2024-10-18,Alpha,Evening,8.0,7.18,312,5,87.2
2024-10-18,Alpha,Night,8.0,7.63,398,5,89.7
2024-10-18,Beta,Day,8.0,7.38,377,14,77.2
2024-10-18,Beta,Evening,8.0,6.72,351,10,67.8
2024-10-18,Beta,Night,8.0,6.81,285,10,76.3
2024-10-18,Gamma,Day,8.0,6.71,371,19,71.4
2024-10-18,Gamma,Evening,8.0,6.6,343,15,66.5
2024-10-18,Gamma,Night,8.0,6.84,360,14,67.8
2024-10-19,Alpha,Day,8.0,7.78,408,6,86.4
2024-10-19,Alpha,Evening,8.0,7.75,360,6,87.4
2024-10-19,Alpha,Night,8.0,7.29,404,5,83.4
2024-10-19,Beta,Day,8.0,6.79,355,7,69.2
2024-10-19,Beta,Evening,8.0,6.9,397,10,77.3
2024-10-19,Beta,Night,8.0,7.37,416,10,71.1
2024-10-19,Gamma,Day,8.0,6.59,303,15,68.3
2024-10-19,Gamma,Evening,8.0,6.65,357,19,69.9
2024-10-19,Gamma,Night,8.0,6.62,345,17,65.7
2024-10-20,Alpha,Day,8.0,7.43,348,6,87.3
2024-10-20,Alpha,Evening,8.0,7.73,429,8,92.9
2024-10-20,Alpha,Night,8.0,7.69,395,6,88.4
2024-10-20,Beta,Day,8.0,7.05,369,11,75.1
2024-10-20,Beta,Evening,8.0,6.58,352,12,78.3
2024-10-20,Beta,Night,8.0,7.21,371,9,76.9
2024-10-20,Gamma,Day,8.0,6.84,386,17,65.5
2024-10-20,Gamma,Evening,8.0,6.38,348,18,72.1
2024-10-20,Gamma,Night,8.0,6.75,350,14,63.4
2024-10-21,Alpha,Day,8.0,7.55,389,9,88.2
2024-10-21,Alpha,Evening,8.0,7.44,333,6,83.3
2024-10-21,Alpha,Night,8.0,7.23,415,7,87.5
2024-10-21,Beta,Day,8.0,7.25,427,16,83.8
2024-10-21,Beta,Evening,8.0,6.6,371,9,74.9
2024-10-21,Beta,Night,8.0,7.0,412,17,77.0
2024-10-21,Gamma,Day,8.0,6.99,337,13,72.0
2024-10-21,Gamma,Evening,8.0,6.91,366,17,71.7
2024-10-21,Gamma,Night,8.0,6.83,344,14,68.5
2024-10-22,Alpha,Day,8.0,7.81,364,7,87.8
2024-10-22,Alpha,Evening,8.0,7.18,376,2,83.0
2024-10-22,Alpha,Night,8.0,7.76,356,7,84.4
2024-10-22,Beta,Day,8.0,7.05,341,13,72.9
2024-10-22,Beta,Evening,8.0,6.96,423,13,71.9
2024-10-22,Beta,Night,8.0,6.96,339,10,75.4
2024-10-22,Gamma,Day,8.0,6.37,325,13,65.2
2024-10-22,Gamma,Evening,8.0,6.83,313,15,71.8
2024-10-22,Gamma,Night,8.0,6.53,349,17,70.4
2024-10-23,Alpha,Day,8.0,7.8,419,5,83.5
2024-10-23,Alpha,Evening,8.0,7.46,368,8,82.2
2024-10-23,Alpha,Night,8.0,7.1,365,2,85.3
2024-10-23,Beta,Day,8.0,7.41,331,10,79.2
2024-10-23,Beta,Evening,8.0,7.33,442,13,78.2
2024-10-23,Beta,Night,8.0,7.11,393,16,72.8
2024-10-23,Gamma,Day,8.0,7.0,383,13,68.0
2024-10-23,Gamma,Evening,8.0,6.81,354,12,70.7
2024-10-23,Gamma,Night,8.0,7.04,350,12,70.6
2024-10-24,Alpha,Day,8.0,7.77,406,6,83.8
2024-10-24,Alpha,Evening,8.0,7.69,395,6,87.4
2024-10-24,Alpha,Night,8.0,7.51,389,5,88.9
2024-10-24,Beta,Day,8.0,7.22,340,11,75.4
2024-10-24,Beta,Evening,8.0,7.16,390,10,73.4
2024-10-24,Beta,Night,8.0,6.71,334,12,76.1
2024-10-24,Gamma,Day,8.0,6.74,346,17,66.6
2024-10-24,Gamma,Evening,8.0,6.65,360,15,73.1
2024-10-24,Gamma,Night,8.0,6.6,323,16,73.1
2024-10-25,Alpha,Day,8.0,7.35,397,9,83.7
2024-10-25,Alpha,Evening,8.0,7.48,385,7,84.4
2024-10-25,Alpha,Night,8.0,7.54,384,4,84.8
2024-10-25,Beta,Day,8.0,7.0,364,11,77.0
2024-10-25,Beta,Evening,8.0,6.98,351,13,73.1
2024-10-25,Beta,Night,8.0,7.33,393,12,70.6
2024-10-25,Gamma,Day,8.0,6.66,338,16,69.9
2024-10-25,Gamma,Evening,8.0,6.34,369,15,70.5
2024-10-25,Gamma,Night,8.0,7.33,364,17,71.1
2024-10-26,Alpha,Day,8.0,7.84,378,7,83.9
2024-10-26,Alpha,Evening,8.0,7.72,449,8,88.3
2024-10-26,Alpha,Night,8.0,7.02,337,8,87.9
2024-10-26,Beta,Day,8.0,6.63,357,10,73.8
2024-10-26,Beta,Evening,8.0,7.22,342,12,84.6
2024-10-26,Beta,Night,8.0,6.65,333,11,72.0
2024-10-26,Gamma,Day,8.0,6.98,329,16,70.1
2024-10-26,Gamma,Evening,8.0,6.83,404,19,66.8
2024-10-26,Gamma,Night,8.0,6.7,365,13,67.3
2024-10-27,Alpha,Day,8.0,7.49,374,8,83.0
2024-10-27,Alpha,Evening,8.0,7.34,442,8,85.0
2024-10-27,Alpha,Night,8.0,7.37,378,5,85.5
2024-10-27,Beta,Day,8.0,7.34,370,9,74.5
2024-10-27,Beta,Evening,8.0,7.24,365,11,69.2
2024-10-27,Beta,Night,8.0,7.49,429,15,76.0
2024-10-27,Gamma,Day,8.0,6.86,357,14,72.0
2024-10-27,Gamma,Evening,8.0,7.09,381,18,71.2
2024-10-27,Gamma,Night,8.0,7.01,353,13,77.9
2024-10-28,Alpha,Day,8.0,7.51,445,8,82.1
2024-10-28,Alpha,Evening,8.0,7.38,372,4,88.4
2024-10-28,Alpha,Night,8.0,7.75,429,7,83.5
2024-10-28,Beta,Day,8.0,6.69,356,11,73.6
2024-10-28,Beta,Evening,8.0,7.0,387,15,72.2
2024-10-28,Beta,Night,8.0,6.97,326,9,68.9
2024-10-28,Gamma,Day,8.0,6.71,331,17,72.9
2024-10-28,Gamma,Evening,8.0,6.8,345,15,72.7
2024-10-28,Gamma,Night,8.0,6.9,314,13,66.2
2024-10-29,Alpha,Day,8.0,8.0,368,7,85.3
2024-10-29,Alpha,Evening,8.0,7.6,384,9,87.0
2024-10-29,Alpha,Night,8.0,7.9,373,4,84.2
2024-10-29,Beta,Day,8.0,7.42,380,12,75.7
2024-10-29,Beta,Evening,8.0,7.22,390,14,74.4
2024-10-29,Beta,Night,8.0,6.97,393,9,75.7
2024-10-29,Gamma,Day,8.0,6.31,298,14,64.9
2024-10-29,Gamma,Evening,8.0,6.72,378,17,68.6
2024-10-29,Gamma,Night,8.0,7.36,405,16,68.4
2024-10-30,Alpha,Day,8.0,7.69,380,6,84.1
2024-10-30,Alpha,Evening,8.0,7.45,401,5,85.5
2024-10-30,Alpha,Night,8.0,7.7,440,8,91.0
2024-10-30,Beta,Day,8.0,6.96,444,15,74.4
2024-10-30,Beta,Evening,8.0,7.33,383,14,73.1
2024-10-30,Beta,Night,8.0,7.29,341,12,74.3
2024-10-30,Gamma,Day,8.0,6.74,307,15,76.4
2024-10-30,Gamma,Evening,8.0,6.52,296,14,71.7
2024-10-30,Gamma,Night,8.0,7.18,352,13,70.7
2024-10-31,Alpha,Day,8.0,7.84,358,7,84.6
2024-10-31,Alpha,Evening,8.0,7.47,394,5,83.3
2024-10-31,Alpha,Night,8.0,7.71,381,5,89.9
2024-10-31,Beta,Day,8.0,6.62,315,11,66.6
2024-10-31,Beta,Evening,8.0,7.42,407,15,75.3
2024-10-31,Beta,Night,8.0,7.06,393,14,77.4
2024-10-31,Gamma,Day,8.0,6.97,398,20,70.9
2024-10-31,Gamma,Evening,8.0,7.23,338,14,72.0
2024-10-31,Gamma,Night,8.0,7.0,426,19,76.2
2024-11-01,Alpha,Day,8.0,7.59,434,8,89.8
2024-11-01,Alpha,Evening,8.0,7.76,407,7,86.2
2024-11-01,Alpha,Night,8.0,7.86,346,1,83.2
2024-11-01,Beta,Day,8.0,6.94,320,12,74.1
2024-11-01,Beta,Evening,8.0,6.95,346,7,76.8
2024-11-01,Beta,Night,8.0,6.98,376,11,75.8
2024-11-01,Gamma,Day,8.0,6.65,371,16,69.2
2024-11-01,Gamma,Evening,8.0,6.38,372,16,77.3
2024-11-01,Gamma,Night,8.0,6.61,336,11,71.1
2024-11-02,Alpha,Day,8.0,7.52,406,4,84.2
2024-11-02,Alpha,Evening,8.0,7.65,346,6,90.3
2024-11-02,Alpha,Night,8.0,8.0,400,6,86.9
2024-11-02,Beta,Day,8.0,7.04,396,12,71.0
2024-11-02,Beta,Evening,8.0,7.19,392,15,74.8
2024-11-02,Beta,Night,8.0,7.29,373,7,72.3
2024-11-02,Gamma,Day,8.0,6.75,349,16,72.3
2024-11-02,Gamma,Evening,8.0,6.69,340,17,75.1
2024-11-02,Gamma,Night,8.0,6.85,352,17,67.1
2024-11-03,Alpha,Day,8.0,7.48,362,4,89.1
2024-11-03,Alpha,Evening,8.0,7.6,434,6,86.1
2024-11-03,Alpha,Night,8.0,7.64,360,6,85.0
2024-11-03,Beta,Day,8.0,7.25,354,12,69.2
2024-11-03,Beta,Evening,8.0,7.04,382,11,77.1
2024-11-03,Beta,Night,8.0,6.78,371,14,79.1
2024-11-03,Gamma,Day,8.0,6.62,333,15,70.3
2024-11-03,Gamma,Evening,8.0,6.85,372,16,69.9
2024-11-03,Gamma,Night,8.0,7.01,365,16,67.9
2024-11-04,Alpha,Day,8.0,7.3,381,10,91.0
2024-11-04,Alpha,Evening,8.0,7.61,410,6,81.4
2024-11-04,Alpha,Night,8.0,7.96,446,6,89.6
2024-11-04,Beta,Day,8.0,7.01,392,9,73.1
2024-11-04,Beta,Evening,8.0,6.84,320,13,76.5
2024-11-04,Beta,Night,8.0,6.93,368,9,75.1
2024-11-04,Gamma,Day,8.0,6.91,360,17,74.7
2024-11-04,Gamma,Evening,8.0,6.63,336,15,71.0
2024-11-04,Gamma,Night,8.0,6.96,341,11,70.9
2024-11-05,Alpha,Day,8.0,7.31,420,11,84.4
2024-11-05,Alpha,Evening,8.0,7.61,433,4,93.2
2024-11-05,Alpha,Night,8.0,7.63,414,5,85.8
2024-11-05,Beta,Day,8.0,7.03,361,12,74.5
2024-11-05,Beta,Evening,8.0,7.02,395,11,72.6
2024-11-05,Beta,Night,8.0,6.96,368,11,69.7
2024-11-05,Gamma,Day,8.0,6.69,347,15,69.7
2024-11-05,Gamma,Evening,8.0,6.55,372,14,68.4
2024-11-05,Gamma,Night,8.0,7.45,377,16,69.3
2024-11-06,Alpha,Day,8.0,7.58,402,7,88.3
2024-11-06,Alpha,Evening,8.0,7.24,362,6,85.2
2024-11-06,Alpha,Night,8.0,7.54,409,3,84.3
2024-11-06,Beta,Day,8.0,7.19,341,12,69.3
2024-11-06,Beta,Evening,8.0,6.8,337,10,73.1
2024-11-06,Beta,Night,8.0,6.49,323,13,69.8
2024-11-06,Gamma,Day,8.0,6.84,345,17,64.7
2024-11-06,Gamma,Evening,8.0,6.74,341,11,64.4
2024-11-06,Gamma,Night,8.0,7.02,347,16,66.6
2024-11-07,Alpha,Day,8.0,7.48,375,7,84.1
2024-11-07,Alpha,Evening,8.0,7.64,433,6,87.5
2024-11-07,Alpha,Night,8.0,7.32,395,6,88.2
2024-11-07,Beta,Day,8.0,7.2,364,13,75.3
2024-11-07,Beta,Evening,8.0,6.45,303,10,70.2
2024-11-07,Beta,Night,8.0,6.65,359,9,69.6
2024-11-07,Gamma,Day,8.0,6.66,350,15,67.1
2024-11-07,Gamma,Evening,8.0,6.69,334,17,65.4
2024-11-07,Gamma,Night,8.0,6.61,323,12,70.1
2024-11-08,Alpha,Day,8.0,7.67,377,9,91.8
2024-11-08,Alpha,Evening,8.0,7.53,332,6,91.2
2024-11-08,Alpha,Night,8.0,7.49,381,9,93.5
2024-11-08,Beta,Day,8.0,7.46,403,12,78.3
2024-11-08,Beta,Evening,8.0,7.24,379,11,78.5
2024-11-08,Beta,Night,8.0,6.97,366,12,74.2
2024-11-08,Gamma,Day,8.0,6.72,384,15,71.6
2024-11-08,Gamma,Evening,8.0,6.83,383,16,72.1
2024-11-08,Gamma,Night,8.0,6.49,367,16,68.2
2024-11-09,Alpha,Day,8.0,7.31,409,8,85.8
2024-11-09,Alpha,Evening,8.0,7.55,371,6,86.2
2024-11-09,Alpha,Night,8.0,8.0,396,6,86.1
2024-11-09,Beta,Day,8.0,7.21,390,11,74.3
2024-11-09,Beta,Evening,8.0,6.94,315,10,76.0
2024-11-09,Beta,Night,8.0,7.01,374,8,74.4
2024-11-09,Gamma,Day,8.0,6.24,355,16,70.0
2024-11-09,Gamma,Evening,8.0,6.97,371,19,66.9
2024-11-09,Gamma,Night,8.0,6.84,379,14,69.0
2024-11-10,Alpha,Day,8.0,7.33,389,8,90.6
2024-11-10,Alpha,Evening,8.0,7.54,445,8,81.1
2024-11-10,Alpha,Night,8.0,7.25,347,7,84.9
2024-11-10,Beta,Day,8.0,6.49,346,12,73.7
2024-11-10,Beta,Evening,8.0,6.69,321,11,79.2
2024-11-10,Beta,Night,8.0,7.15,392,12,71.5
2024-11-10,Gamma,Day,8.0,6.77,359,16,74.6
2024-11-10,Gamma,Evening,8.0,6.87,358,16,69.8
2024-11-10,Gamma,Night,8.0,6.72,377,20,72.8
2024-11-11,Alpha,Day,8.0,7.47,403,5,86.9
2024-11-11,Alpha,Evening,8.0,7.5,363,6,95.2
2024-11-11,Alpha,Night,8.0,7.48,365,5,85.6
2024-11-11,Beta,Day,8.0,6.8,328,10,68.2
2024-11-11,Beta,Evening,8.0,7.02,334,8,79.3
2024-11-11,Beta,Night,8.0,7.2,367,13,82.3
2024-11-11,Gamma,Day,8.0,6.7,323,15,70.4
2024-11-11,Gamma,Evening,8.0,6.9,405,17,68.8
2024-11-11,Gamma,Night,8.0,7.02,363,14,69.6
2024-11-12,Alpha,Day,8.0,7.57,426,7,93.3
2024-11-12,Alpha,Evening,8.0,7.01,360,6,95.2
2024-11-12,Alpha,Night,8.0,7.54,419,4,82.2
2024-11-12,Beta,Day,8.0,7.08,385,12,77.0
2024-11-12,Beta,Evening,8.0,7.12,356,11,65.9
2024-11-12,Beta,Night,8.0,7.35,387,10,77.9
2024-11-12,Gamma,Day,8.0,6.72,351,15,71.1
2024-11-12,Gamma,Evening,8.0,7.01,350,18,74.6
2024-11-12,Gamma,Night,8.0,6.59,385,16,70.1
2024-11-13,Alpha,Day,8.0,7.72,392,7,86.1
2024-11-13,Alpha,Evening,8.0,6.99,325,4,83.0
2024-11-13,Alpha,Night,8.0,7.5,407,5,82.7
2024-11-13,Beta,Day,8.0,6.97,386,12,75.3
2024-11-13,Beta,Evening,8.0,6.87,339,10,75.1
2024-11-13,Beta,Night,8.0,6.92,389,14,66.3
2024-11-13,Gamma,Day,8.0,6.81,343,16,71.4
2024-11-13,Gamma,Evening,8.0,7.44,375,16,70.6
2024-11-13,Gamma,Night,8.0,6.76,332,14,65.5
2024-11-14,Alpha,Day,8.0,7.51,441,11,89.3
2024-11-14,Alpha,Evening,8.0,7.31,384,3,87.1
2024-11-14,Alpha,Night,8.0,7.15,426,9,84.8
2024-11-14,Beta,Day,8.0,7.08,351,8,73.5
2024-11-14,Beta,Evening,8.0,7.28,374,15,74.7
2024-11-14,Beta,Night,8.0,7.22,395,13,72.9
2024-11-14,Gamma,Day,8.0,6.66,317,11,76.4
2024-11-14,Gamma,Evening,8.0,6.61,353,18,70.4
2024-11-14,Gamma,Night,8.0,6.25,340,14,72.7
2024-11-15,Alpha,Day,8.0,7.83,421,6,83.5
2024-11-15,Alpha,Evening,8.0,7.3,412,5,84.8
2024-11-15,Alpha,Night,8.0,7.66,407,8,95.8
2024-11-15,Beta,Day,8.0,7.59,405,16,75.6
2024-11-15,Beta,Evening,8.0,7.11,371,14,71.0
2024-11-15,Beta,Night,8.0,6.95,367,12,74.8
2024-11-15,Gamma,Day,8.0,7.07,410,15,69.3
2024-11-15,Gamma,Evening,8.0,6.64,341,14,79.3
2024-11-15,Gamma,Night,8.0,6.71,357,18,68.3
2024-11-16,Alpha,Day,8.0,7.99,470,5,87.7
2024-11-16,Alpha,Evening,8.0,7.34,410,5,79.5
2024-11-16,Alpha,Night,8.0,7.59,390,6,87.8
2024-11-16,Beta,Day,8.0,6.86,343,9,76.6
2024-11-16,Beta,Evening,8.0,7.05,339,11,74.8
2024-11-16,Beta,Night,8.0,6.9,360,8,74.5
2024-11-16,Gamma,Day,8.0,6.69,272,13,73.4
2024-11-16,Gamma,Evening,8.0,6.97,339,13,67.1
2024-11-16,Gamma,Night,8.0,6.68,364,15,70.5
2024-11-17,Alpha,Day,8.0,7.45,336,7,86.4
2024-11-17,Alpha,Evening,8.0,7.56,352,8,85.7
2024-11-17,Alpha,Night,8.0,7.24,352,5,86.3
2024-11-17,Beta,Day,8.0,7.02,442,12,72.5
2024-11-17,Beta,Evening,8.0,6.95,364,10,75.8
2024-11-17,Beta,Night,8.0,7.29,385,9,73.1
2024-11-17,Gamma,Day,8.0,6.71,352,13,67.8
2024-11-17,Gamma,Evening,8.0,6.88,350,15,73.5
2024-11-17,Gamma,Night,8.0,6.61,372,15,72.7
2024-11-18,Alpha,Day,8.0,7.7,399,7,82.9
2024-11-18,Alpha,Evening,8.0,7.82,383,8,94.9
2024-11-18,Alpha,Night,8.0,7.58,394,4,92.4
2024-11-18,Beta,Day,8.0,6.92,380,12,71.5
2024-11-18,Beta,Evening,8.0,6.77,357,11,73.4
2024-11-18,Beta,Night,8.0,7.11,396,11,70.3
2024-11-18,Gamma,Day,8.0,6.68,338,13,71.7
2024-11-18,Gamma,Evening,8.0,6.46,324,15,70.1
2024-11-18,Gamma,Night,8.0,6.79,362,20,67.5
2024-11-19,Alpha,Day,8.0,7.47,413,3,77.1
2024-11-19,Alpha,Evening,8.0,7.31,467,4,86.7
2024-11-19,Alpha,Night,8.0,7.82,415,10,83.7
2024-11-19,Beta,Day,8.0,6.78,339,10,72.1
2024-11-19,Beta,Evening,8.0,6.91,358,10,76.4
2024-11-19,Beta,Night,8.0,7.47,392,12,71.4
2024-11-19,Gamma,Day,8.0,6.87,397,20,70.8
2024-11-19,Gamma,Evening,8.0,6.75,373,14,66.8
2024-11-19,Gamma,Night,8.0,6.81,359,15,64.8
2024-11-20,Alpha,Day,8.0,8.0,477,5,85.0
2024-11-20,Alpha,Evening,8.0,7.45,409,7,85.0
2024-11-20,Alpha,Night,8.0,7.25,346,4,90.3
2024-11-20,Beta,Day,8.0,7.08,352,10,77.3
2024-11-20,Beta,Evening,8.0,6.93,385,13,74.0
2024-11-20,Beta,Night,8.0,7.21,379,12,73.7
2024-11-20,Gamma,Day,8.0,6.6,363,19,62.4
2024-11-20,Gamma,Evening,8.0,6.98,378,15,66.4
2024-11-20,Gamma,Night,8.0,6.76,301,14,72.5
2024-11-21,Alpha,Day,8.0,7.24,340,2,86.7
2024-11-21,Alpha,Evening,8.0,7.39,410,4,89.3
2024-11-21,Alpha,Night,8.0,7.67,342,6,88.8
2024-11-21,Beta,Day,8.0,6.84,351,10,78.9
2024-11-21,Beta,Evening,8.0,7.34,389,13,70.5
2024-11-21,Beta,Night,8.0,6.91,387,9,69.8
2024-11-21,Gamma,Day,8.0,6.97,311,13,72.9
2024-11-21,Gamma,Evening,8.0,6.94,362,19,69.2
2024-11-21,Gamma,Night,8.0,6.98,390,18,68.0
2024-11-22,Alpha,Day,8.0,7.96,441,8,88.4
2024-11-22,Alpha,Evening,8.0,7.4,400,10,90.0
2024-11-22,Alpha,Night,8.0,7.75,427,6,83.8
2024-11-22,Beta,Day,8.0,6.81,378,13,75.9
2024-11-22,Beta,Evening,8.0,7.33,415,12,70.9
2024-11-22,Beta,Night,8.0,7.0,368,8,75.7
2024-11-22,Gamma,Day,8.0,7.04,384,17,68.4
2024-11-22,Gamma,Evening,8.0,7.05,388,17,68.3
2024-11-22,Gamma,Night,8.0,6.57,400,20,68.6
2024-11-23,Alpha,Day,8.0,7.65,418,4,87.4
2024-11-23,Alpha,Evening,8.0,7.44,368,7,87.4
2024-11-23,Alpha,Night,8.0,7.51,414,7,88.3
2024-11-23,Beta,Day,8.0,7.5,433,16,74.0
2024-11-23,Beta,Evening,8.0,7.07,370,15,73.2
2024-11-23,Beta,Night,8.0,6.98,343,10,75.6
2024-11-23,Gamma,Day,8.0,7.05,336,14,73.6
2024-11-23,Gamma,Evening,8.0,6.55,340,14,68.8
2024-11-23,Gamma,Night,8.0,7.68,434,18,71.1
2024-11-24,Alpha,Day,8.0,7.37,353,5,86.8
2024-11-24,Alpha,Evening,8.0,7.58,416,8,81.4
2024-11-24,Alpha,Night,8.0,7.36,399,9,91.2
2024-11-24,Beta,Day,8.0,6.7,358,10,74.5
2024-11-24,Beta,Evening,8.0,7.4,400,14,74.4
2024-11-24,Beta,Night,8.0,7.3,378,11,78.9
2024-11-24,Gamma,Day,8.0,6.32,284,10,71.5
2024-11-24,Gamma,Evening,8.0,6.84,392,17,66.6
2024-11-24,Gamma,Night,8.0,7.13,363,19,73.4
2024-11-25,Alpha,Day,8.0,7.35,396,9,87.1
2024-11-25,Alpha,Evening,8.0,7.56,424,8,84.0
2024-11-25,Alpha,Night,8.0,7.87,391,5,85.9
2024-11-25,Beta,Day,8.0,7.26,364,14,77.5
2024-11-25,Beta,Evening,8.0,7.74,453,11,71.0
2024-11-25,Beta,Night,8.0,6.92,406,13,76.2
2024-11-25,Gamma,Day,8.0,7.34,397,19,70.4
2024-11-25,Gamma,Evening,8.0,6.73,381,15,70.7
2024-11-25,Gamma,Night,8.0,6.42,317,12,65.1
2024-11-26,Alpha,Day,8.0,7.28,359,4,86.6
2024-11-26,Alpha,Evening,8.0,7.66,384,7,86.3
2024-11-26,Alpha,Night,8.0,8.0,438,7,86.7
2024-11-26,Beta,Day,8.0,7.29,393,16,72.1
2024-11-26,Beta,Evening,8.0,6.92,340,12,71.4
2024-11-26,Beta,Night,8.0,7.2,325,12,72.5
2024-11-26,Gamma,Day,8.0,7.24,417,19,70.7
2024-11-26,Gamma,Evening,8.0,6.73,322,14,70.3
2024-11-26,Gamma,Night,8.0,6.69,336,16,71.6
2024-11-27,Alpha,Day,8.0,8.0,460,5,92.3
2024-11-27,Alpha,Evening,8.0,7.35,393,7,92.1
2024-11-27,Alpha,Night,8.0,7.17,367,5,76.9
2024-11-27,Beta,Day,8.0,7.25,364,12,77.9
2024-11-27,Beta,Evening,8.0,7.36,414,14,74.4
2024-11-27,Beta,Night,8.0,7.06,388,16,74.1
2024-11-27,Gamma,Day,8.0,7.11,383,17,65.6
2024-11-27,Gamma,Evening,8.0,6.62,362,14,74.6
2024-11-27,Gamma,Night,8.0,6.68,281,11,66.7
2024-11-28,Alpha,Day,8.0,7.41,389,2,89.5
2024-11-28,Alpha,Evening,8.0,7.8,366,6,85.1
2024-11-28,Alpha,Night,8.0,7.14,369,9,93.4
2024-11-28,Beta,Day,8.0,7.16,321,11,67.9
2024-11-28,Beta,Evening,8.0,6.89,375,10,68.4
2024-11-28,Beta,Night,8.0,7.2,401,13,69.9
2024-11-28,Gamma,Day,8.0,6.7,330,18,73.8
2024-11-28,Gamma,Evening,8.0,6.82,390,18,62.8
2024-11-28,Gamma,Night,8.0,6.47,340,14,70.3
2024-11-29,Alpha,Day,8.0,7.75,404,5,83.9
2024-11-29,Alpha,Evening,8.0,7.55,418,6,85.9
2024-11-29,Alpha,Night,8.0,7.47,359,5,90.0
2024-11-29,Beta,Day,8.0,7.16,338,12,80.6
2024-11-29,Beta,Evening,8.0,7.04,337,8,77.8
2024-11-29,Beta,Night,8.0,6.72,341,14,74.8
2024-11-29,Gamma,Day,8.0,6.62,312,13,73.6
2024-11-29,Gamma,Evening,8.0,6.9,342,15,67.4
2024-11-29,Gamma,Night,8.0,7.05,398,21,69.4
2024-11-30,Alpha,Day,8.0,7.76,400,7,77.9
2024-11-30,Alpha,Evening,8.0,7.44,398,8,82.6
2024-11-30,Alpha,Night,8.0,7.36,418,10,96.0
2024-11-30,Beta,Day,8.0,7.4,386,13,67.9
2024-11-30,Beta,Evening,8.0,7.36,415,16,76.2
2024-11-30,Beta,Night,8.0,6.82,367,12,70.8
2024-11-30,Gamma,Day,8.0,6.41,316,16,68.8
2024-11-30,Gamma,Evening,8.0,6.73,342,18,67.8
2024-11-30,Gamma,Night,8.0,7.16,372,15,69.3
2024-12-01,Alpha,Day,8.0,7.55,355,4,95.8
2024-12-01,Alpha,Evening,8.0,7.69,362,6,81.7
2024-12-01,Alpha,Night,8.0,7.81,374,4,85.7
2024-12-01,Beta,Day,8.0,7.29,410,13,75.2
2024-12-01,Beta,Evening,8.0,6.89,329,7,74.3
2024-12-01,Beta,Night,8.0,7.62,386,12,84.9
2024-12-01,Gamma,Day,8.0,7.15,318,16,68.9
2024-12-01,Gamma,Evening,8.0,6.92,366,19,69.5
2024-12-01,Gamma,Night,8.0,6.67,344,16,72.8
2024-12-02,Alpha,Day,8.0,7.52,354,9,86.3
2024-12-02,Alpha,Evening,8.0,7.69,420,5,83.2
2024-12-02,Alpha,Night,8.0,7.43,331,6,90.0
2024-12-02,Beta,Day,8.0,7.07,324,9,75.0
2024-12-02,Beta,Evening,8.0,6.83,354,9,70.7
2024-12-02,Beta,Night,8.0,6.81,369,11,80.6
2024-12-02,Gamma,Day,8.0,7.05,405,16,65.2
2024-12-02,Gamma,Evening,8.0,6.77,312,14,69.7
2024-12-02,Gamma,Night,8.0,6.91,350,18,65.9
2024-12-03,Alpha,Day,8.0,7.7,336,7,93.5
2024-12-03,Alpha,Evening,8.0,7.54,431,5,84.0
2024-12-03,Alpha,Night,8.0,7.31,432,9,85.8
2024-12-03,Beta,Day,8.0,7.25,360,11,77.0
2024-12-03,Beta,Evening,8.0,6.64,339,10,81.9
2024-12-03,Beta,Night,8.0,6.76,317,9,70.3
2024-12-03,Gamma,Day,8.0,7.29,429,20,72.0
2024-12-03,Gamma,Evening,8.0,6.97,358,15,70.3
2024-12-03,Gamma,Night,8.0,6.79,347,13,68.5
2024-12-04,Alpha,Day,8.0,7.63,374,5,91.3
2024-12-04,Alpha,Evening,8.0,7.54,382,5,84.3
2024-12-04,Alpha,Night,8.0,7.84,372,2,85.5
2024-12-04,Beta,Day,8.0,7.55,414,10,71.5
2024-12-04,Beta,Evening,8.0,7.43,391,17,71.6
2024-12-04,Beta,Night,8.0,6.92,362,12,79.1
2024-12-04,Gamma,Day,8.0,6.49,362,16,72.2
2024-12-04,Gamma,Evening,8.0,6.71,348,15,67.9
2024-12-04,Gamma,Night,8.0,6.65,381,13,65.4
2024-12-05,Alpha,Day,8.0,7.35,386,2,89.2
2024-12-05,Alpha,Evening,8.0,7.23,358,5,90.1
2024-12-05,Alpha,Night,8.0,7.16,349,10,90.7
2024-12-05,Beta,Day,8.0,7.11,349,8,75.6
2024-12-05,Beta,Evening,8.0,7.29,393,12,77.4
2024-12-05,Beta,Night,8.0,7.07,365,11,70.4
2024-12-05,Gamma,Day,8.0,7.03,358,14,64.3
2024-12-05,Gamma,Evening,8.0,6.91,369,18,69.1
2024-12-05,Gamma,Night,8.0,6.9,343,15,70.1
2024-12-06,Alpha,Day,8.0,7.75,411,7,92.8
2024-12-06,Alpha,Evening,8.0,7.39,383,9,85.9
2024-12-06,Alpha,Night,8.0,7.83,405,5,86.8
2024-12-06,Beta,Day,8.0,7.44,354,11,73.1
2024-12-06,Beta,Evening,8.0,6.67,354,10,73.8
2024-12-06,Beta,Night,8.0,6.93,345,9,75.5
2024-12-06,Gamma,Day,8.0,7.06,349,15,70.2
2024-12-06,Gamma,Evening,8.0,6.86,364,16,70.2
2024-12-06,Gamma,Night,8.0,6.72,381,17,75.2
2024-12-07,Alpha,Day,8.0,7.17,390,4,87.3
2024-12-07,Alpha,Evening,8.0,7.53,370,6,87.8
2024-12-07,Alpha,Night,8.0,7.24,343,5,88.2
2024-12-07,Beta,Day,8.0,7.03,360,11,75.1
2024-12-07,Beta,Evening,8.0,6.71,345,9,68.5
2024-12-07,Beta,Night,8.0,7.01,350,12,72.3
2024-12-07,Gamma,Day,8.0,6.96,367,18,70.3
2024-12-07,Gamma,Evening,8.0,6.95,379,18,74.2
2024-12-07,Gamma,Night,8.0,6.84,398,18,72.6
2024-12-08,Alpha,Day,8.0,7.8,450,6,98.4
2024-12-08,Alpha,Evening,8.0,7.44,404,8,89.5
2024-12-08,Alpha,Night,8.0,7.1,344,2,84.4
2024-12-08,Beta,Day,8.0,7.23,395,11,75.1
2024-12-08,Beta,Evening,8.0,7.27,335,8,69.7
2024-12-08,Beta,Night,8.0,6.69,355,12,74.1
2024-12-08,Gamma,Day,8.0,7.03,365,16,69.3
2024-12-08,Gamma,Evening,8.0,6.91,360,14,72.9
2024-12-08,Gamma,Night,8.0,7.17,374,16,76.0
2024-12-09,Alpha,Day,8.0,7.49,395,5,91.5
2024-12-09,Alpha,Evening,8.0,7.32,382,5,85.3
2024-12-09,Alpha,Night,8.0,7.42,352,5,85.5
2024-12-09,Beta,Day,8.0,7.06,369,12,69.4
2024-12-09,Beta,Evening,8.0,7.28,371,9,71.6
2024-12-09,Beta,Night,8.0,7.35,409,13,76.9
2024-12-09,Gamma,Day,8.0,6.91,380,17,72.2
2024-12-09,Gamma,Evening,8.0,6.98,397,22,69.0
2024-12-09,Gamma,Night,8.0,6.59,387,18,73.6
2024-12-10,Alpha,Day,8.0,7.33,389,6,89.3
2024-12-10,Alpha,Evening,8.0,7.87,426,7,83.0
2024-12-10,Alpha,Night,8.0,7.05,404,7,81.7
2024-12-10,Beta,Day,8.0,6.98,358,12,75.1
2024-12-10,Beta,Evening,8.0,6.97,376,11,77.7
2024-12-10,Beta,Night,8.0,6.9,365,9,75.5
2024-12-10,Gamma,Day,8.0,6.56,334,15,79.8
2024-12-10,Gamma,Evening,8.0,6.75,386,17,69.9
2024-12-10,Gamma,Night,8.0,6.99,349,18,65.8
2024-12-11,Alpha,Day,8.0,7.14,369,5,86.0
2024-12-11,Alpha,Evening,8.0,7.43,383,9,82.7
2024-12-11,Alpha,Night,8.0,7.58,379,3,82.3
2024-12-11,Beta,Day,8.0,6.79,384,15,72.5
2024-12-11,Beta,Evening,8.0,6.92,337,11,73.3
2024-12-11,Beta,Night,8.0,7.02,338,9,75.7
2024-12-11,Gamma,Day,8.0,6.47,337,15,68.7
2024-12-11,Gamma,Evening,8.0,6.9,386,15,67.6
2024-12-11,Gamma,Night,8.0,7.0,366,15,73.1
2024-12-12,Alpha,Day,8.0,7.82,456,6,93.3
2024-12-12,Alpha,Evening,8.0,8.0,482,11,87.0
2024-12-12,Alpha,Night,8.0,7.7,382,4,86.3
2024-12-12,Beta,Day,8.0,7.45,370,13,76.1
2024-12-12,Beta,Evening,8.0,7.17,365,12,75.6
2024-12-12,Beta,Night,8.0,6.83,378,12,72.8
2024-12-12,Gamma,Day,8.0,6.94,351,13,71.4
2024-12-12,Gamma,Evening,8.0,7.12,388,14,64.5
2024-12-12,Gamma,Night,8.0,6.47,314,18,70.5
2024-12-13,Alpha,Day,8.0,7.28,379,7,88.1
2024-12-13,Alpha,Evening,8.0,7.53,448,5,84.0
2024-12-13,Alpha,Night,8.0,7.1,342,4,84.8
2024-12-13,Beta,Day,8.0,6.67,301,8,66.3
2024-12-13,Beta,Evening,8.0,7.44,356,11,78.2
2024-12-13,Beta,Night,8.0,6.74,353,9,73.6
2024-12-13,Gamma,Day,8.0,6.94,331,14,61.1
2024-12-13,Gamma,Evening,8.0,6.49,324,12,73.1
2024-12-13,Gamma,Night,8.0,6.41,320,15,60.9
2024-12-14,Alpha,Day,8.0,7.16,381,10,89.4
2024-12-14,Alpha,Evening,8.0,7.21,357,4,87.8
2024-12-14,Alpha,Night,8.0,7.45,425,4,83.0
2024-12-14,Beta,Day,8.0,6.98,311,10,71.0
2024-12-14,Beta,Evening,8.0,6.9,322,10,80.3
2024-12-14,Beta,Night,8.0,6.96,415,15,75.0
2024-12-14,Gamma,Day,8.0,6.92,350,14,71.5
2024-12-14,Gamma,Evening,8.0,6.83,330,14,67.6
2024-12-14,Gamma,Night,8.0,6.59,350,13,67.8
2024-12-15,Alpha,Day,8.0,7.94,423,7,90.2
2024-12-15,Alpha,Evening,8.0,7.35,353,8,85.0
2024-12-15,Alpha,Night,8.0,7.85,395,9,82.6
2024-12-15,Beta,Day,8.0,6.72,358,12,65.1
2024-12-15,Beta,Evening,8.0,6.73,389,9,75.8
2024-12-15,Beta,Night,8.0,7.29,362,6,79.1
2024-12-15,Gamma,Day,8.0,6.58,333,9,68.1
2024-12-15,Gamma,Evening,8.0,6.84,378,20,71.6
2024-12-15,Gamma,Night,8.0,6.77,343,13,71.8
2024-12-16,Alpha,Day,8.0,7.68,344,4,87.7
2024-12-16,Alpha,Evening,8.0,7.79,372,7,84.6
2024-12-16,Alpha,Night,8.0,7.85,415,4,87.2
2024-12-16,Beta,Day,8.0,6.93,370,12,79.2
2024-12-16,Beta,Evening,8.0,6.84,355,11,76.3
2024-12-16,Beta,Night,8.0,6.76,333,12,77.2
2024-12-16,Gamma,Day,8.0,6.77,344,15,71.4
2024-12-16,Gamma,Evening,8.0,6.93,360,17,64.3
2024-12-16,Gamma,Night,8.0,6.74,365,16,75.4
2024-12-17,Alpha,Day,8.0,7.41,333,5,90.7
2024-12-17,Alpha,Evening,8.0,7.49,435,9,95.5
2024-12-17,Alpha,Night,8.0,7.53,426,9,88.7
2024-12-17,Beta,Day,8.0,6.66,310,7,71.2
2024-12-17,Beta,Evening,8.0,6.95,384,6,77.1
2024-12-17,Beta,Night,8.0,7.16,363,12,74.4
2024-12-17,Gamma,Day,8.0,6.8,371,18,69.6
2024-12-17,Gamma,Evening,8.0,7.01,353,15,73.9
2024-12-17,Gamma,Night,8.0,6.48,364,18,72.8
2024-12-18,Alpha,Day,8.0,7.81,387,8,86.5
2024-12-18,Alpha,Evening,8.0,7.34,337,7,87.3
2024-12-18,Alpha,Night,8.0,7.9,420,8,88.2
2024-12-18,Beta,Day,8.0,7.4,337,9,73.3
2024-12-18,Beta,Evening,8.0,7.03,359,10,75.9
2024-12-18,Beta,Night,8.0,6.83,346,9,66.8
2024-12-18,Gamma,Day,8.0,6.65,362,18,68.3
2024-12-18,Gamma,Evening,8.0,7.4,409,18,73.1
2024-12-18,Gamma,Night,8.0,7.08,369,16,65.3
2024-12-19,Alpha,Day,8.0,7.26,319,6,91.9
2024-12-19,Alpha,Evening,8.0,7.05,370,7,92.2
2024-12-19,Alpha,Night,8.0,7.85,426,7,87.5
2024-12-19,Beta,Day,8.0,7.21,417,13,78.5
2024-12-19,Beta,Evening,8.0,6.92,282,10,66.7
2024-12-19,Beta,Night,8.0,6.55,368,16,74.9
2024-12-19,Gamma,Day,8.0,6.83,364,12,72.9
2024-12-19,Gamma,Evening,8.0,6.69,323,12,71.2
2024-12-19,Gamma,Night,8.0,6.28,351,11,71.8
2024-12-20,Alpha,Day,8.0,7.72,412,7,87.6
2024-12-20,Alpha,Evening,8.0,7.64,454,8,91.8
2024-12-20,Alpha,Night,8.0,7.21,385,10,82.2
2024-12-20,Beta,Day,8.0,6.75,380,10,73.3
2024-12-20,Beta,Evening,8.0,7.07,410,13,79.7
2024-12-20,Beta,Night,8.0,7.1,360,9,71.4
2024-12-20,Gamma,Day,8.0,6.55,366,16,70.2
2024-12-20,Gamma,Evening,8.0,6.77,357,17,71.1
2024-12-20,Gamma,Night,8.0,6.38,356,16,68.9
2024-12-21,Alpha,Day,8.0,7.63,414,4,88.3
2024-12-21,Alpha,Evening,8.0,7.69,448,6,91.5
2024-12-21,Alpha,Night,8.0,7.34,424,5,86.2
2024-12-21,Beta,Day,8.0,7.19,405,14,76.8
2024-12-21,Beta,Evening,8.0,7.26,413,10,73.4
2024-12-21,Beta,Night,8.0,7.01,293,10,73.7
2024-12-21,Gamma,Day,8.0,7.1,363,17,68.4
2024-12-21,Gamma,Evening,8.0,6.73,325,13,69.1
2024-12-21,Gamma,Night,8.0,7.0,341,17,70.4
2024-12-22,Alpha,Day,8.0,7.71,348,4,81.2
2024-12-22,Alpha,Evening,8.0,7.77,393,6,84.5
2024-12-22,Alpha,Night,8.0,7.61,370,5,88.9
2024-12-22,Beta,Day,8.0,6.69,335,8,74.8
2024-12-22,Beta,Evening,8.0,7.0,362,14,74.1
2024-12-22,Beta,Night,8.0,6.84,338,8,74.5
2024-12-22,Gamma,Day,8.0,7.32,311,16,73.9
2024-12-22,Gamma,Evening,8.0,6.47,333,15,69.4
2024-12-22,Gamma,Night,8.0,6.72,374,19,71.8
2024-12-23,Alpha,Day,8.0,6.8,347,8,83.7
2024-12-23,Alpha,Evening,8.0,7.83,426,6,88.2
2024-12-23,Alpha,Night,8.0,7.74,407,7,86.0
2024-12-23,Beta,Day,8.0,6.79,350,9,78.9
2024-12-23,Beta,Evening,8.0,6.81,373,12,72.7
2024-12-23,Beta,Night,8.0,7.22,340,6,83.4
2024-12-23,Gamma,Day,8.0,7.11,362,15,70.9
2024-12-23,Gamma,Evening,8.0,6.51,345,18,65.7
2024-12-23,Gamma,Night,8.0,6.86,264,13,74.0
2024-12-24,Alpha,Day,8.0,7.54,421,7,85.7
2024-12-24,Alpha,Evening,8.0,7.48,392,6,86.3
2024-12-24,Alpha,Night,8.0,7.25,347,4,85.5
2024-12-24,Beta,Day,8.0,7.41,386,9,75.0
2024-12-24,Beta,Evening,8.0,7.11,327,6,74.7
2024-12-24,Beta,Night,8.0,6.99,369,10,74.3
2024-12-24,Gamma,Day,8.0,7.06,357,15,72.8
2024-12-24,Gamma,Evening,8.0,6.9,432,16,67.3
2024-12-24,Gamma,Night,8.0,6.58,325,16,76.3
2024-12-25,Alpha,Day,8.0,7.22,397,6,88.2
2024-12-25,Alpha,Evening,8.0,7.96,426,8,86.5
2024-12-25,Alpha,Night,8.0,7.09,378,3,87.1
2024-12-25,Beta,Day,8.0,7.19,377,11,75.4
2024-12-25,Beta,Evening,8.0,6.88,327,11,79.1
2024-12-25,Beta,Night,8.0,6.78,322,9,73.4
2024-12-25,Gamma,Day,8.0,7.16,375,14,65.0
2024-12-25,Gamma,Evening,8.0,6.58,369,15,68.3
2024-12-25,Gamma,Night,8.0,6.44,344,13,63.0
2024-12-26,Alpha,Day,8.0,7.21,330,3,89.2
2024-12-26,Alpha,Evening,8.0,7.52,358,5,93.2
2024-12-26,Alpha,Night,8.0,7.59,409,5,82.5
2024-12-26,Beta,Day,8.0,7.06,345,10,73.0
2024-12-26,Beta,Evening,8.0,7.21,386,10,78.5
2024-12-26,Beta,Night,8.0,6.98,365,12,68.9
2024-12-26,Gamma,Day,8.0,6.46,377,18,69.9
2024-12-26,Gamma,Evening,8.0,7.43,353,16,63.0
2024-12-26,Gamma,Night,8.0,6.9,311,12,72.8
2024-12-27,Alpha,Day,8.0,7.59,354,5,88.2
2024-12-27,Alpha,Evening,8.0,7.42,360,9,83.7
2024-12-27,Alpha,Night,8.0,7.4,416,10,90.3
2024-12-27,Beta,Day,8.0,6.93,398,13,70.0
2024-12-27,Beta,Evening,8.0,6.86,338,9,73.8
2024-12-27,Beta,Night,8.0,6.99,359,15,77.1
2024-12-27,Gamma,Day,8.0,6.88,326,15,75.0
2024-12-27,Gamma,Evening,8.0,6.68,321,14,70.8
2024-12-27,Gamma,Night,8.0,6.57,319,14,72.6
2024-12-28,Alpha,Day,8.0,7.54,365,9,86.1
2024-12-28,Alpha,Evening,8.0,7.92,455,13,91.8
2024-12-28,Alpha,Night,8.0,7.77,384,8,80.4
2024-12-28,Beta,Day,8.0,7.22,370,10,67.3
2024-12-28,Beta,Evening,8.0,6.76,325,10,69.3
2024-12-28,Beta,Night,8.0,7.08,357,9,77.6
2024-12-28,Gamma,Day,8.0,7.06,395,20,71.7
2024-12-28,Gamma,Evening,8.0,6.77,334,14,78.1
2024-12-28,Gamma,Night,8.0,6.32,318,15,70.5
2024-12-29,Alpha,Day,8.0,7.38,358,7,91.0
2024-12-29,Alpha,Evening,8.0,7.86,393,8,89.4
2024-12-29,Alpha,Night,8.0,7.37,415,8,90.9
2024-12-29,Beta,Day,8.0,7.42,336,12,71.9
2024-12-29,Beta,Evening,8.0,7.3,403,16,72.6
2024-12-29,Beta,Night,8.0,7.13,340,9,69.6
2024-12-29,Gamma,Day,8.0,6.55,333,13,71.9
2024-12-29,Gamma,Evening,8.0,6.31,298,15,69.0
2024-12-29,Gamma,Night,8.0,6.63,338,12,71.0
2024-12-30,Alpha,Day,8.0,7.6,416,8,88.1
2024-12-30,Alpha,Evening,8.0,7.48,396,6,93.2
2024-12-30,Alpha,Night,8.0,7.15,329,3,90.2
2024-12-30,Beta,Day,8.0,7.22,341,8,73.9
2024-12-30,Beta,Evening,8.0,6.31,350,7,72.7
2024-12-30,Beta,Night,8.0,6.95,381,8,73.4
2024-12-30,Gamma,Day,8.0,6.83,284,12,70.3
2024-12-30,Gamma,Evening,8.0,7.28,345,18,76.2
2024-12-30,Gamma,Night,8.0,7.49,384,13,73.7
2024-12-31,Alpha,Day,8.0,7.73,402,6,85.7
2024-12-31,Alpha,Evening,8.0,7.18,385,9,89.1
2024-12-31,Alpha,Night,8.0,7.58,422,7,91.8
2024-12-31,Beta,Day,8.0,7.39,420,14,70.4
2024-12-31,Beta,Evening,8.0,7.1,337,10,79.6
2024-12-31,Beta,Night,8.0,6.92,335,11,73.4
2024-12-31,Gamma,Day,8.0,6.61,369,14,73.2
2024-12-31,Gamma,Evening,8.0,6.75,331,18,64.5
2024-12-31,Gamma,Night,8.0,6.82,348,13,72.4
2025-01-01,Alpha,Day,8.0,7.04,359,7,86.7
2025-01-01,Alpha,Evening,8.0,7.89,421,3,89.5
2025-01-01,Alpha,Night,8.0,7.52,400,9,79.4
2025-01-01,Beta,Day,8.0,7.26,431,11,69.3
2025-01-01,Beta,Evening,8.0,6.74,352,10,72.4
2025-01-01,Beta,Night,8.0,6.89,411,12,75.8
2025-01-01,Gamma,Day,8.0,7.2,394,18,71.0
2025-01-01,Gamma,Evening,8.0,6.76,350,14,69.4
2025-01-01,Gamma,Night,8.0,7.05,346,16,62.7
2025-01-02,Alpha,Day,8.0,7.34,394,8,84.8
2025-01-02,Alpha,Evening,8.0,7.66,377,5,88.5
2025-01-02,Alpha,Night,8.0,7.18,391,6,91.1
2025-01-02,Beta,Day,8.0,7.37,390,10,72.7
2025-01-02,Beta,Evening,8.0,6.99,372,13,78.5
2025-01-02,Beta,Night,8.0,6.97,336,7,70.1
2025-01-02,Gamma,Day,8.0,6.56,400,17,74.6
2025-01-02,Gamma,Evening,8.0,6.74,318,13,74.0
2025-01-02,Gamma,Night,8.0,7.39,324,17,61.0
2025-01-03,Alpha,Day,8.0,7.46,390,7,89.1
2025-01-03,Alpha,Evening,8.0,7.3,330,7,91.2
2025-01-03,Alpha,Night,8.0,7.03,344,8,90.1
2025-01-03,Beta,Day,8.0,7.15,357,11,74.5
2025-01-03,Beta,Evening,8.0,7.43,333,6,72.6
2025-01-03,Beta,Night,8.0,7.22,397,14,71.1
2025-01-03,Gamma,Day,8.0,6.61,361,13,68.7
2025-01-03,Gamma,Evening,8.0,6.66,371,13,69.0
2025-01-03,Gamma,Night,8.0,7.18,368,17,73.4
2025-01-04,Alpha,Day,8.0,7.74,384,7,89.7
2025-01-04,Alpha,Evening,8.0,8.0,400,8,87.1
2025-01-04,Alpha,Night,8.0,7.08,356,6,91.9
2025-01-04,Beta,Day,8.0,7.2,329,12,73.3
2025-01-04,Beta,Evening,8.0,6.92,375,12,72.6
2025-01-04,Beta,Night,8.0,7.16,368,12,67.7
2025-01-04,Gamma,Day,8.0,6.42,333,16,70.6
2025-01-04,Gamma,Evening,8.0,6.87,390,16,66.2
2025-01-04,Gamma,Night,8.0,6.92,365,13,71.4
2025-01-05,Alpha,Day,8.0,7.46,374,3,85.0
2025-01-05,Alpha,Evening,8.0,7.72,336,8,87.8
2025-01-05,Alpha,Night,8.0,7.54,383,6,85.0
2025-01-05,Beta,Day,8.0,6.93,379,9,76.5
2025-01-05,Beta,Evening,8.0,7.13,328,13,73.3
2025-01-05,Beta,Night,8.0,7.57,339,10,71.6
2025-01-05,Gamma,Day,8.0,7.02,384,13,67.6
2025-01-05,Gamma,Evening,8.0,7.18,394,14,72.9
2025-01-05,Gamma,Night,8.0,6.69,400,15,71.1
2025-01-06,Alpha,Day,8.0,7.9,332,4,91.0
2025-01-06,Alpha,Evening,8.0,7.34,454,2,86.3
2025-01-06,Alpha,Night,8.0,7.49,433,6,87.0
2025-01-06,Beta,Day,8.0,7.1,385,15,66.6
2025-01-06,Beta,Evening,8.0,7.2,405,11,77.8
2025-01-06,Beta,Night,8.0,7.26,362,15,74.5
2025-01-06,Gamma,Day,8.0,6.94,347,12,64.5
2025-01-06,Gamma,Evening,8.0,6.52,321,16,62.6
2025-01-06,Gamma,Night,8.0,6.75,354,13,72.6
2025-01-07,Alpha,Day,8.0,7.38,372,10,91.3
2025-01-07,Alpha,Evening,8.0,7.97,432,7,91.2
2025-01-07,Alpha,Night,8.0,7.46,367,8,85.6
2025-01-07,Beta,Day,8.0,7.2,353,10,73.3
2025-01-07,Beta,Evening,8.0,6.74,367,10,80.6
2025-01-07,Beta,Night,8.0,7.05,355,11,73.8
2025-01-07,Gamma,Day,8.0,7.13,406,18,72.7
2025-01-07,Gamma,Evening,8.0,6.88,334,14,70.5
2025-01-07,Gamma,Night,8.0,6.64,319,12,69.7
2025-01-08,Alpha,Day,8.0,8.0,415,6,89.8
2025-01-08,Alpha,Evening,8.0,7.33,358,8,84.4
2025-01-08,Alpha,Night,8.0,7.35,453,7,89.7
2025-01-08,Beta,Day,8.0,6.45,305,11,74.5
2025-01-08,Beta,Evening,8.0,7.18,360,10,72.6
2025-01-08,Beta,Night,8.0,7.02,353,12,76.8
2025-01-08,Gamma,Day,8.0,7.23,324,14,71.3
2025-01-08,Gamma,Evening,8.0,6.84,380,17,72.6
2025-01-08,Gamma,Night,8.0,6.78,312,12,74.7
2025-01-09,Alpha,Day,8.0,7.76,416,6,83.2
2025-01-09,Alpha,Evening,8.0,7.66,395,7,83.5
2025-01-09,Alpha,Night,8.0,7.33,436,5,83.5
2025-01-09,Beta,Day,8.0,7.42,416,12,76.1
2025-01-09,Beta,Evening,8.0,7.0,379,12,73.1
2025-01-09,Beta,Night,8.0,7.09,354,9,69.6
2025-01-09,Gamma,Day,8.0,7.0,342,18,70.9
2025-01-09,Gamma,Evening,8.0,6.61,337,18,72.3
2025-01-09,Gamma,Night,8.0,6.49,376,18,77.3
2025-01-10,Alpha,Day,8.0,7.61,347,5,97.5
2025-01-10,Alpha,Evening,8.0,7.89,413,0,80.7
2025-01-10,Alpha,Night,8.0,7.34,391,8,81.7
2025-01-10,Beta,Day,8.0,6.95,355,11,72.6
2025-01-10,Beta,Evening,8.0,6.98,360,10,69.0
2025-01-10,Beta,Night,8.0,6.85,384,11,73.4
2025-01-10,Gamma,Day,8.0,7.34,392,13,71.0
2025-01-10,Gamma,Evening,8.0,7.17,400,15,63.7
2025-01-10,Gamma,Night,8.0,6.69,372,20,73.9
2025-01-11,Alpha,Day,8.0,8.0,459,11,91.1
2025-01-11,Alpha,Evening,8.0,7.5,341,6,93.3
2025-01-11,Alpha,Night,8.0,7.45,354,7,91.5
2025-01-11,Beta,Day,8.0,6.94,333,11,77.5
2025-01-11,Beta,Evening,8.0,6.94,357,9,74.1
2025-01-11,Beta,Night,8.0,7.32,416,15,78.9
2025-01-11,Gamma,Day,8.0,6.44,298,12,66.0
2025-01-11,Gamma,Evening,8.0,6.87,356,15,76.7
2025-01-11,Gamma,Night,8.0,6.67,340,13,69.2
2025-01-12,Alpha,Day,8.0,7.2,360,5,82.5
2025-01-12,Alpha,Evening,8.0,7.43,363,5,88.7
2025-01-12,Alpha,Night,8.0,7.57,380,4,84.9
2025-01-12,Beta,Day,8.0,6.95,360,11,77.0
2025-01-12,Beta,Evening,8.0,7.42,375,11,72.5
2025-01-12,Beta,Night,8.0,7.21,369,8,76.9
2025-01-12,Gamma,Day,8.0,6.74,355,14,77.6
2025-01-12,Gamma,Evening,8.0,7.33,319,14,69.2
2025-01-12,Gamma,Night,8.0,6.91,344,13,68.7
2025-01-13,Alpha,Day,8.0,7.15,331,6,83.1
2025-01-13,Alpha,Evening,8.0,7.95,426,9,87.5
2025-01-13,Alpha,Night,8.0,7.56,410,7,76.8
2025-01-13,Beta,Day,8.0,6.98,412,11,72.0
2025-01-13,Beta,Evening,8.0,7.13,367,13,71.6
2025-01-13,Beta,Night,8.0,6.98,369,11,70.2
2025-01-13,Gamma,Day,8.0,6.8,337,14,65.1
2025-01-13,Gamma,Evening,8.0,6.85,365,14,74.0
2025-01-13,Gamma,Night,8.0,6.84,359,16,73.9
2025-01-14,Alpha,Day,8.0,7.28,341,9,92.2
2025-01-14,Alpha,Evening,8.0,7.21,305,7,89.0
2025-01-14,Alpha,Night,8.0,7.42,356,6,86.3
2025-01-14,Beta,Day,8.0,7.22,428,10,69.5
2025-01-14,Beta,Evening,8.0,7.11,398,13,73.5
2025-01-14,Beta,Night,8.0,6.85,387,10,76.7
2025-01-14,Gamma,Day,8.0,6.93,336,14,67.6
2025-01-14,Gamma,Evening,8.0,6.65,269,12,75.4
2025-01-14,Gamma,Night,8.0,7.06,379,16,66.9
2025-01-15,Alpha,Day,8.0,7.7,351,3,83.6
2025-01-15,Alpha,Evening,8.0,7.84,426,6,86.2
2025-01-15,Alpha,Night,8.0,7.6,418,9,81.8
2025-01-15,Beta,Day,8.0,6.62,375,12,71.1
2025-01-15,Beta,Evening,8.0,7.26,352,10,73.6
2025-01-15,Beta,Night,8.0,7.14,358,9,74.9
2025-01-15,Gamma,Day,8.0,7.11,370,17,73.9
2025-01-15,Gamma,Evening,8.0,7.21,334,15,68.4
2025-01-15,Gamma,Night,8.0,6.39,376,16,66.7
2025-01-16,Alpha,Day,8.0,7.64,397,6,85.8
2025-01-16,Alpha,Evening,8.0,7.3,365,7,87.4
2025-01-16,Alpha,Night,8.0,7.34,435,8,84.5
2025-01-16,Beta,Day,8.0,6.73,350,11,79.3
2025-01-16,Beta,Evening,8.0,7.21,430,14,72.1
2025-01-16,Beta,Night,8.0,7.32,370,14,75.1
2025-01-16,Gamma,Day,8.0,6.58,357,14,69.6
2025-01-16,Gamma,Evening,8.0,6.95,348,13,71.7
2025-01-16,Gamma,Night,8.0,6.77,340,15,75.9
2025-01-17,Alpha,Day,8.0,7.69,422,9,88.9
2025-01-17,Alpha,Evening,8.0,7.76,377,6,87.1
2025-01-17,Alpha,Night,8.0,7.5,425,8,87.1
2025-01-17,Beta,Day,8.0,7.04,343,11,70.8
2025-01-17,Beta,Evening,8.0,7.09,381,11,76.3
2025-01-17,Beta,Night,8.0,6.97,369,10,75.8
2025-01-17,Gamma,Day,8.0,6.99,380,18,70.5
2025-01-17,Gamma,Evening,8.0,6.73,358,14,67.8
2025-01-17,Gamma,Night,8.0,6.8,306,12,74.6
2025-01-18,Alpha,Day,8.0,7.44,465,9,85.8
2025-01-18,Alpha,Evening,8.0,7.01,408,4,91.0
2025-01-18,Alpha,Night,8.0,8.0,381,12,85.0
2025-01-18,Beta,Day,8.0,6.94,360,11,74.8
2025-01-18,Beta,Evening,8.0,6.93,408,12,79.3
2025-01-18,Beta,Night,8.0,7.0,388,9,71.9
2025-01-18,Gamma,Day,8.0,6.81,347,15,70.4
2025-01-18,Gamma,Evening,8.0,7.08,387,12,75.0
2025-01-18,Gamma,Night,8.0,7.04,405,23,67.5
2025-01-19,Alpha,Day,8.0,7.29,406,9,84.1
2025-01-19,Alpha,Evening,8.0,7.39,344,5,81.1
2025-01-19,Alpha,Night,8.0,7.5,335,4,89.7
2025-01-19,Beta,Day,8.0,6.7,339,13,68.1
2025-01-19,Beta,Evening,8.0,6.88,394,7,77.0
2025-01-19,Beta,Night,8.0,6.88,346,11,69.3
2025-01-19,Gamma,Day,8.0,7.11,391,18,69.5
2025-01-19,Gamma,Evening,8.0,6.92,371,17,64.2
2025-01-19,Gamma,Night,8.0,7.05,329,15,69.2
2025-01-20,Alpha,Day,8.0,7.66,358,5,86.1
2025-01-20,Alpha,Evening,8.0,7.51,356,6,87.1
2025-01-20,Alpha,Night,8.0,7.14,396,8,85.6
2025-01-20,Beta,Day,8.0,6.92,338,10,71.1
2025-01-20,Beta,Evening,8.0,7.29,444,14,78.8
2025-01-20,Beta,Night,8.0,6.8,376,11,80.4
2025-01-20,Gamma,Day,8.0,7.2,368,13,70.8
2025-01-20,Gamma,Evening,8.0,7.25,366,17,72.3
2025-01-20,Gamma,Night,8.0,6.17,320,17,75.9
2025-01-21,Alpha,Day,8.0,7.48,289,7,84.1
2025-01-21,Alpha,Evening,8.0,7.36,356,6,90.9
2025-01-21,Alpha,Night,8.0,7.42,365,6,82.4
2025-01-21,Beta,Day,8.0,7.08,410,14,69.0
2025-01-21,Beta,Evening,8.0,6.62,328,7,77.6
2025-01-21,Beta,Night,8.0,6.76,348,14,78.7
2025-01-21,Gamma,Day,8.0,6.85,348,13,71.3
2025-01-21,Gamma,Evening,8.0,6.91,356,15,65.5
2025-01-21,Gamma,Night,8.0,6.66,328,14,70.8
2025-01-22,Alpha,Day,8.0,7.51,381,5,99.9
2025-01-22,Alpha,Evening,8.0,7.81,392,6,86.4
2025-01-22,Alpha,Night,8.0,7.69,387,4,81.8
2025-01-22,Beta,Day,8.0,7.29,336,10,77.0
2025-01-22,Beta,Evening,8.0,7.51,472,16,70.0
2025-01-22,Beta,Night,8.0,6.86,332,9,68.3
2025-01-22,Gamma,Day,8.0,6.69,296,12,66.2
2025-01-22,Gamma,Evening,8.0,6.47,323,15,70.6
2025-01-22,Gamma,Night,8.0,6.98,344,12,63.5
2025-01-23,Alpha,Day,8.0,7.08,377,5,90.8
2025-01-23,Alpha,Evening,8.0,7.81,372,8,88.7
2025-01-23,Alpha,Night,8.0,7.79,402,11,88.7
2025-01-23,Beta,Day,8.0,7.09,346,14,70.6
2025-01-23,Beta,Evening,8.0,6.73,352,12,76.4
2025-01-23,Beta,Night,8.0,7.54,424,13,77.4
2025-01-23,Gamma,Day,8.0,6.43,279,15,70.0
2025-01-23,Gamma,Evening,8.0,6.82,400,14,71.7
2025-01-23,Gamma,Night,8.0,6.99,405,19,67.1
2025-01-24,Alpha,Day,8.0,7.95,398,5,80.1
2025-01-24,Alpha,Evening,8.0,7.78,363,7,86.6
2025-01-24,Alpha,Night,8.0,7.14,372,5,87.3
2025-01-24,Beta,Day,8.0,6.75,286,9,74.0
2025-01-24,Beta,Evening,8.0,6.74,357,12,75.4
2025-01-24,Beta,Night,8.0,7.05,392,13,74.8
2025-01-24,Gamma,Day,8.0,6.56,304,14,66.1
2025-01-24,Gamma,Evening,8.0,6.87,371,11,71.0
2025-01-24,Gamma,Night,8.0,7.03,376,14,73.1
2025-01-25,Alpha,Day,8.0,7.67,424,11,83.4
2025-01-25,Alpha,Evening,8.0,7.36,376,0,81.8
2025-01-25,Alpha,Night,8.0,7.28,386,3,90.8
2025-01-25,Beta,Day,8.0,6.4,319,10,73.8
2025-01-25,Beta,Evening,8.0,7.4,388,12,73.5
2025-01-25,Beta,Night,8.0,7.05,328,12,73.6
2025-01-25,Gamma,Day,8.0,6.9,329,15,65.8
2025-01-25,Gamma,Evening,8.0,6.41,330,17,67.3
2025-01-25,Gamma,Night,8.0,6.4,351,14,69.0
2025-01-26,Alpha,Day,8.0,7.06,367,6,86.1
2025-01-26,Alpha,Evening,8.0,8.0,400,7,91.1
2025-01-26,Alpha,Night,8.0,7.22,351,5,83.2
2025-01-26,Beta,Day,8.0,6.95,389,9,76.9
2025-01-26,Beta,Evening,8.0,6.87,340,12,69.0
2025-01-26,Beta,Night,8.0,6.95,341,10,76.6
2025-01-26,Gamma,Day,8.0,6.98,386,16,72.2
2025-01-26,Gamma,Evening,8.0,6.84,323,12,69.9
2025-01-26,Gamma,Night,8.0,6.56,325,14,69.9
2025-01-27,Alpha,Day,8.0,7.58,389,5,92.6
2025-01-27,Alpha,Evening,8.0,7.52,380,5,87.8
2025-01-27,Alpha,Night,8.0,7.02,315,6,87.6
2025-01-27,Beta,Day,8.0,7.02,323,11,72.2
2025-01-27,Beta,Evening,8.0,7.26,369,10,74.9
2025-01-27,Beta,Night,8.0,6.75,323,15,76.3
2025-01-27,Gamma,Day,8.0,6.81,303,13,69.0
2025-01-27,Gamma,Evening,8.0,6.64,361,14,71.3
2025-01-27,Gamma,Night,8.0,6.69,330,13,72.4
2025-01-28,Alpha,Day,8.0,7.68,418,5,85.6
2025-01-28,Alpha,Evening,8.0,7.3,350,9,87.9
2025-01-28,Alpha,Night,8.0,7.23,418,8,92.4
2025-01-28,Beta,Day,8.0,7.07,329,10,75.8
2025-01-28,Beta,Evening,8.0,6.89,365,11,76.0
2025-01-28,Beta,Night,8.0,7.39,368,14,81.1
2025-01-28,Gamma,Day,8.0,6.53,335,17,65.9
2025-01-28,Gamma,Evening,8.0,6.91,329,15,72.8
2025-01-28,Gamma,Night,8.0,6.7,342,15,72.5
2025-01-29,Alpha,Day,8.0,7.12,378,5,80.1
2025-01-29,Alpha,Evening,8.0,7.89,412,6,91.7
2025-01-29,Alpha,Night,8.0,7.52,455,8,90.6
2025-01-29,Beta,Day,8.0,7.02,383,13,72.5
2025-01-29,Beta,Evening,8.0,7.28,407,14,71.3
2025-01-29,Beta,Night,8.0,6.82,349,8,67.1
2025-01-29,Gamma,Day,8.0,7.04,395,19,66.9
2025-01-29,Gamma,Evening,8.0,7.07,370,14,71.7
2025-01-29,Gamma,Night,8.0,6.91,321,11,75.9
2025-01-30,Alpha,Day,8.0,7.4,354,4,89.4
2025-01-30,Alpha,Evening,8.0,7.03,350,5,84.2
2025-01-30,Alpha,Night,8.0,7.26,410,6,92.3
2025-01-30,Beta,Day,8.0,7.0,352,8,74.4
2025-01-30,Beta,Evening,8.0,7.11,339,9,70.7
2025-01-30,Beta,Night,8.0,7.2,378,14,79.2
2025-01-30,Gamma,Day,8.0,7.0,434,21,69.3
2025-01-30,Gamma,Evening,8.0,6.47,329,14,78.9
2025-01-30,Gamma,Night,8.0,6.5,332,13,66.6
2025-01-31,Alpha,Day,8.0,7.57,426,9,84.9
2025-01-31,Alpha,Evening,8.0,7.83,383,8,83.0
2025-01-31,Alpha,Night,8.0,7.72,415,7,88.6
2025-01-31,Beta,Day,8.0,6.64,342,11,70.7
2025-01-31,Beta,Evening,8.0,6.91,380,14,76.6
2025-01-31,Beta,Night,8.0,7.25,381,10,76.3
2025-01-31,Gamma,Day,8.0,7.1,347,13,72.9
2025-01-31,Gamma,Evening,8.0,7.14,380,17,72.9
2025-01-31,Gamma,Night,8.0,6.71,354,15,74.3
2025-02-01,Alpha,Day,8.0,7.41,357,7,90.6
2025-02-01,Alpha,Evening,8.0,7.5,377,6,84.5
2025-02-01,Alpha,Night,8.0,7.41,407,8,84.3
2025-02-01,Beta,Day,8.0,7.16,393,10,72.6
2025-02-01,Beta,Evening,8.0,7.26,360,12,79.1
2025-02-01,Beta,Night,8.0,6.76,370,11,77.2
2025-02-01,Gamma,Day,8.0,6.78,350,14,68.9
2025-02-01,Gamma,Evening,8.0,6.85,334,13,74.6
2025-02-01,Gamma,Night,8.0,6.71,334,13,70.8
2025-02-02,Alpha,Day,8.0,7.54,401,7,85.5
2025-02-02,Alpha,Evening,8.0,7.31,339,9,84.2
2025-02-02,Alpha,Night,8.0,7.35,401,5,78.4
2025-02-02,Beta,Day,8.0,6.9,380,12,71.7
2025-02-02,Beta,Evening,8.0,7.0,346,12,73.2
2025-02-02,Beta,Night,8.0,7.27,362,9,72.1
2025-02-02,Gamma,Day,8.0,7.13,387,18,70.1
2025-02-02,Gamma,Evening,8.0,7.03,392,16,74.0
2025-02-02,Gamma,Night,8.0,6.29,367,18,70.5
2025-02-03,Alpha,Day,8.0,7.91,403,5,88.5
2025-02-03,Alpha,Evening,8.0,7.53,339,4,85.4
2025-02-03,Alpha,Night,8.0,7.39,343,3,86.6
2025-02-03,Beta,Day,8.0,6.91,342,9,74.4
2025-02-03,Beta,Evening,8.0,7.45,407,11,69.8
2025-02-03,Beta,Night,8.0,6.5,339,9,82.0
2025-02-03,Gamma,Day,8.0,6.71,310,12,66.6
2025-02-03,Gamma,Evening,8.0,7.02,367,15,70.2
2025-02-03,Gamma,Night,8.0,6.76,380,15,68.7
2025-02-04,Alpha,Day,8.0,7.89,381,4,78.5
2025-02-04,Alpha,Evening,8.0,7.12,358,8,83.1
2025-02-04,Alpha,Night,8.0,7.65,326,4,90.7
2025-02-04,Beta,Day,8.0,6.72,332,9,76.1
2025-02-04,Beta,Evening,8.0,7.34,378,8,76.2
2025-02-04,Beta,Night,8.0,6.95,390,14,76.3
2025-02-04,Gamma,Day,8.0,6.81,321,15,69.6
2025-02-04,Gamma,Evening,8.0,6.89,334,13,67.8
2025-02-04,Gamma,Night,8.0,6.73,366,17,70.5
2025-02-05,Alpha,Day,8.0,7.46,403,11,88.9
2025-02-05,Alpha,Evening,8.0,7.24,333,4,89.2
2025-02-05,Alpha,Night,8.0,7.25,350,6,89.5
2025-02-05,Beta,Day,8.0,7.07,347,11,77.6
2025-02-05,Beta,Evening,8.0,6.65,424,13,75.5
2025-02-05,Beta,Night,8.0,7.0,369,11,77.8
2025-02-05,Gamma,Day,8.0,7.1,370,17,76.8
2025-02-05,Gamma,Evening,8.0,6.63,355,12,73.4
2025-02-05,Gamma,Night,8.0,6.73,345,14,70.4
2025-02-06,Alpha,Day,8.0,7.48,420,8,86.1
2025-02-06,Alpha,Evening,8.0,7.51,378,7,88.1
2025-02-06,Alpha,Night,8.0,7.55,384,7,81.4
2025-02-06,Beta,Day,8.0,7.14,344,10,77.0
2025-02-06,Beta,Evening,8.0,7.13,327,9,68.7
2025-02-06,Beta,Night,8.0,6.71,304,12,75.7
2025-02-06,Gamma,Day,8.0,6.73,372,15,68.5
2025-02-06,Gamma,Evening,8.0,6.48,372,14,72.8
2025-02-06,Gamma,Night,8.0,6.71,356,16,73.0
2025-02-07,Alpha,Day,8.0,7.52,339,8,87.8
2025-02-07,Alpha,Evening,8.0,7.58,360,6,86.5
2025-02-07,Alpha,Night,8.0,8.0,412,11,89.9
2025-02-07,Beta,Day,8.0,7.22,322,11,76.5
2025-02-07,Beta,Evening,8.0,7.3,359,8,79.1
2025-02-07,Beta,Night,8.0,7.16,336,8,70.2
2025-02-07,Gamma,Day,8.0,7.2,416,16,66.0
2025-02-07,Gamma,Evening,8.0,7.02,370,17,71.1
2025-02-07,Gamma,Night,8.0,6.97,315,14,77.9
2025-02-08,Alpha,Day,8.0,7.3,396,3,86.9
2025-02-08,Alpha,Evening,8.0,7.24,378,4,85.9
2025-02-08,Alpha,Night,8.0,7.42,375,8,82.6
2025-02-08,Beta,Day,8.0,7.04,297,11,67.8
2025-02-08,Beta,Evening,8.0,7.49,372,12,74.0
2025-02-08,Beta,Night,8.0,7.37,360,10,73.1
2025-02-08,Gamma,Day,8.0,6.96,357,16,68.7
2025-02-08,Gamma,Evening,8.0,6.91,393,18,71.6
2025-02-08,Gamma,Night,8.0,6.27,303,13,67.3
2025-02-09,Alpha,Day,8.0,7.23,316,6,83.5
2025-02-09,Alpha,Evening,8.0,7.27,317,4,87.6
2025-02-09,Alpha,Night,8.0,7.3,369,6,84.4
2025-02-09,Beta,Day,8.0,7.28,379,15,77.3
2025-02-09,Beta,Evening,8.0,7.18,367,7,78.9
2025-02-09,Beta,Night,8.0,7.08,373,12,75.2
2025-02-09,Gamma,Day,8.0,6.18,375,16,71.0
2025-02-09,Gamma,Evening,8.0,6.65,382,17,71.5
2025-02-09,Gamma,Night,8.0,6.39,352,16,70.6
2025-02-10,Alpha,Day,8.0,7.8,440,10,82.8
2025-02-10,Alpha,Evening,8.0,7.61,334,4,83.8
2025-02-10,Alpha,Night,8.0,7.53,401,6,91.1
2025-02-10,Beta,Day,8.0,7.03,317,7,70.2
2025-02-10,Beta,Evening,8.0,7.43,405,13,80.1
2025-02-10,Beta,Night,8.0,7.13,346,8,76.2
2025-02-10,Gamma,Day,8.0,6.47,335,15,68.6
2025-02-10,Gamma,Evening,8.0,7.11,374,16,71.1
2025-02-10,Gamma,Night,8.0,6.84,301,14,70.9
2025-02-11,Alpha,Day,8.0,7.66,401,10,89.3
2025-02-11,Alpha,Evening,8.0,7.75,357,7,87.1
2025-02-11,Alpha,Night,8.0,7.61,344,9,84.4
2025-02-11,Beta,Day,8.0,7.06,345,10,67.6
2025-02-11,Beta,Evening,8.0,7.3,329,9,68.9
2025-02-11,Beta,Night,8.0,6.93,360,14,75.4
2025-02-11,Gamma,Day,8.0,6.9,340,14,68.9
2025-02-11,Gamma,Evening,8.0,6.6,333,15,69.5
2025-02-11,Gamma,Night,8.0,6.6,296,11,76.7
2025-02-12,Alpha,Day,8.0,7.27,377,9,93.2
2025-02-12,Alpha,Evening,8.0,7.5,420,6,85.6
2025-02-12,Alpha,Night,8.0,7.3,354,7,83.1
2025-02-12,Beta,Day,8.0,7.22,381,11,72.2
2025-02-12,Beta,Evening,8.0,6.92,398,11,71.6
2025-02-12,Beta,Night,8.0,6.69,395,14,73.9
2025-02-12,Gamma,Day,8.0,6.61,353,16,75.5
2025-02-12,Gamma,Evening,8.0,6.54,334,15,65.2
2025-02-12,Gamma,Night,8.0,7.11,334,15,71.5
2025-02-13,Alpha,Day,8.0,8.0,384,4,87.1
2025-02-13,Alpha,Evening,8.0,7.44,375,9,86.6
2025-02-13,Alpha,Night,8.0,7.31,405,6,86.7
2025-02-13,Beta,Day,8.0,7.64,380,10,77.1
2025-02-13,Beta,Evening,8.0,6.82,363,12,76.4
2025-02-13,Beta,Night,8.0,7.29,414,13,74.3
2025-02-13,Gamma,Day,8.0,6.92,394,20,74.6
2025-02-13,Gamma,Evening,8.0,6.56,360,21,63.9
2025-02-13,Gamma,Night,8.0,6.68,319,15,71.0
2025-02-14,Alpha,Day,8.0,7.19,411,7,80.5
2025-02-14,Alpha,Evening,8.0,7.48,405,10,83.1
2025-02-14,Alpha,Night,8.0,7.39,384,10,91.3
2025-02-14,Beta,Day,8.0,6.96,381,13,73.2
2025-02-14,Beta,Evening,8.0,6.82,392,12,73.9
2025-02-14,Beta,Night,8.0,6.84,402,13,71.4
2025-02-14,Gamma,Day,8.0,6.73,356,16,73.0
2025-02-14,Gamma,Evening,8.0,6.93,339,16,74.0
2025-02-14,Gamma,Night,8.0,7.23,342,13,75.2
2025-02-15,Alpha,Day,8.0,7.57,407,6,94.8
2025-02-15,Alpha,Evening,8.0,7.85,412,8,84.8
2025-02-15,Alpha,Night,8.0,7.43,367,8,91.0
2025-02-15,Beta,Day,8.0,7.27,405,16,68.7
2025-02-15,Beta,Evening,8.0,6.57,313,10,72.4
2025-02-15,Beta,Night,8.0,7.38,418,15,71.3
2025-02-15,Gamma,Day,8.0,7.23,402,18,65.9
2025-02-15,Gamma,Evening,8.0,6.87,325,14,77.6
2025-02-15,Gamma,Night,8.0,7.03,332,12,64.6
2025-02-16,Alpha,Day,8.0,7.12,375,8,92.8
2025-02-16,Alpha,Evening,8.0,7.65,402,9,85.4
2025-02-16,Alpha,Night,8.0,7.35,378,7,91.8
2025-02-16,Beta,Day,8.0,6.71,332,10,72.6
2025-02-16,Beta,Evening,8.0,7.07,370,14,75.4
2025-02-16,Beta,Night,8.0,6.69,383,13,77.1
2025-02-16,Gamma,Day,8.0,7.09,367,14,65.8
2025-02-16,Gamma,Evening,8.0,6.93,321,13,73.0
2025-02-16,Gamma,Night,8.0,7.21,366,19,64.9
2025-02-17,Alpha,Day,8.0,7.16,396,6,91.0
2025-02-17,Alpha,Evening,8.0,7.37,379,6,82.9
2025-02-17,Alpha,Night,8.0,7.37,364,6,89.2
2025-02-17,Beta,Day,8.0,6.94,346,13,79.0
2025-02-17,Beta,Evening,8.0,7.4,376,12,69.6
2025-02-17,Beta,Night,8.0,6.7,416,13,77.3
2025-02-17,Gamma,Day,8.0,6.52,328,12,69.7
2025-02-17,Gamma,Evening,8.0,6.99,364,14,72.3
2025-02-17,Gamma,Night,8.0,7.12,347,13,69.1
2025-02-18,Alpha,Day,8.0,7.72,396,6,80.7
2025-02-18,Alpha,Evening,8.0,7.16,387,8,90.6
2025-02-18,Alpha,Night,8.0,7.48,399,7,85.0
2025-02-18,Beta,Day,8.0,7.3,359,10,73.0
2025-02-18,Beta,Evening,8.0,7.1,325,9,75.0
2025-02-18,Beta,Night,8.0,6.89,332,9,81.2
2025-02-18,Gamma,Day,8.0,7.17,397,17,70.3
2025-02-18,Gamma,Evening,8.0,6.82,350,14,71.8
2025-02-18,Gamma,Night,8.0,6.77,366,17,65.4
2025-02-19,Alpha,Day,8.0,7.72,389,5,87.7
2025-02-19,Alpha,Evening,8.0,7.55,403,8,80.5
2025-02-19,Alpha,Night,8.0,7.62,405,8,85.0
2025-02-19,Beta,Day,8.0,7.25,321,11,66.1
2025-02-19,Beta,Evening,8.0,7.17,399,12,73.4
2025-02-19,Beta,Night,8.0,7.11,371,12,78.8
2025-02-19,Gamma,Day,8.0,6.83,378,15,68.0
2025-02-19,Gamma,Evening,8.0,6.71,308,14,64.9
2025-02-19,Gamma,Night,8.0,6.53,309,13,69.8
2025-02-20,Alpha,Day,8.0,7.78,389,9,88.8
2025-02-20,Alpha,Evening,8.0,7.97,386,8,90.0
2025-02-20,Alpha,Night,8.0,7.71,435,8,90.7
2025-02-20,Beta,Day,8.0,7.29,361,10,74.2
2025-02-20,Beta,Evening,8.0,7.44,332,10,75.7
2025-02-20,Beta,Night,8.0,7.13,388,11,72.4
2025-02-20,Gamma,Day,8.0,7.28,393,19,70.3
2025-02-20,Gamma,Evening,8.0,6.54,272,11,62.9
2025-02-20,Gamma,Night,8.0,7.01,340,15,65.7
2025-02-21,Alpha,Day,8.0,7.42,417,8,84.9
2025-02-21,Alpha,Evening,8.0,7.36,388,4,91.6
2025-02-21,Alpha,Night,8.0,7.74,399,10,87.4
2025-02-21,Beta,Day,8.0,6.46,356,13,79.3
2025-02-21,Beta,Evening,8.0,6.91,354,12,72.3
2025-02-21,Beta,Night,8.0,6.93,328,12,78.5
2025-02-21,Gamma,Day,8.0,6.91,412,14,74.5
2025-02-21,Gamma,Evening,8.0,6.96,392,17,73.8
2025-02-21,Gamma,Night,8.0,6.46,353,16,72.3
2025-02-22,Alpha,Day,8.0,7.83,352,6,83.7
2025-02-22,Alpha,Evening,8.0,7.13,342,3,84.8
2025-02-22,Alpha,Night,8.0,7.76,410,6,84.0
2025-02-22,Beta,Day,8.0,7.27,354,12,73.9
2025-02-22,Beta,Evening,8.0,7.14,411,12,86.6
2025-02-22,Beta,Night,8.0,6.66,340,4,67.4
2025-02-22,Gamma,Day,8.0,7.32,422,15,61.7
2025-02-22,Gamma,Evening,8.0,6.87,332,15,72.2
2025-02-22,Gamma,Night,8.0,7.16,411,18,66.1
2025-02-23,Alpha,Day,8.0,7.41,354,5,84.1
2025-02-23,Alpha,Evening,8.0,7.38,316,5,84.4
2025-02-23,Alpha,Night,8.0,7.62,392,5,81.8
2025-02-23,Beta,Day,8.0,6.56,312,9,67.5
2025-02-23,Beta,Evening,8.0,7.17,330,9,72.8
2025-02-23,Beta,Night,8.0,7.2,384,11,73.0
2025-02-23,Gamma,Day,8.0,7.12,399,14,74.1
2025-02-23,Gamma,Evening,8.0,6.55,361,17,73.2
2025-02-23,Gamma,Night,8.0,6.55,353,13,70.3
2025-02-24,Alpha,Day,8.0,7.32,409,10,89.9
2025-02-24,Alpha,Evening,8.0,7.42,417,8,87.0
2025-02-24,Alpha,Night,8.0,7.28,419,7,87.0
2025-02-24,Beta,Day,8.0,6.75,340,10,77.6
2025-02-24,Beta,Evening,8.0,6.91,360,12,78.6
2025-02-24,Beta,Night,8.0,6.92,330,9,75.9
2025-02-24,Gamma,Day,8.0,6.91,361,18,72.4
2025-02-24,Gamma,Evening,8.0,6.65,373,18,70.0
2025-02-24,Gamma,Night,8.0,6.8,325,14,74.9
2025-02-25,Alpha,Day,8.0,7.53,368,6,86.7
2025-02-25,Alpha,Evening,8.0,7.91,412,8,86.5
2025-02-25,Alpha,Night,8.0,7.9,388,8,85.5
2025-02-25,Beta,Day,8.0,6.72,358,10,78.6
2025-02-25,Beta,Evening,8.0,7.14,334,12,73.1
2025-02-25,Beta,Night,8.0,7.18,361,11,73.3
2025-02-25,Gamma,Day,8.0,6.26,342,13,73.5
2025-02-25,Gamma,Evening,8.0,6.68,358,18,71.2
2025-02-25,Gamma,Night,8.0,7.12,404,18,66.1
2025-02-26,Alpha,Day,8.0,7.36,391,7,90.0
2025-02-26,Alpha,Evening,8.0,7.61,358,5,87.8
2025-02-26,Alpha,Night,8.0,7.5,418,8,86.8
2025-02-26,Beta,Day,8.0,7.23,341,9,78.0
2025-02-26,Beta,Evening,8.0,6.94,349,12,71.2
2025-02-26,Beta,Night,8.0,7.31,410,12,78.5
2025-02-26,Gamma,Day,8.0,6.93,333,12,70.0
2025-02-26,Gamma,Evening,8.0,6.99,412,15,73.3
2025-02-26,Gamma,Night,8.0,6.56,325,12,72.5
2025-02-27,Alpha,Day,8.0,7.19,364,3,85.2
2025-02-27,Alpha,Evening,8.0,7.91,422,6,91.0
2025-02-27,Alpha,Night,8.0,7.59,421,3,93.4
2025-02-27,Beta,Day,8.0,7.33,339,11,71.4
2025-02-27,Beta,Evening,8.0,7.13,413,14,80.5
2025-02-27,Beta,Night,8.0,6.97,419,15,75.1
2025-02-27,Gamma,Day,8.0,6.94,383,15,70.2
2025-02-27,Gamma,Evening,8.0,6.96,308,11,66.4
2025-02-27,Gamma,Night,8.0,6.92,316,11,69.4
2025-02-28,Alpha,Day,8.0,7.27,404,8,82.5
2025-02-28,Alpha,Evening,8.0,7.91,402,4,92.5
2025-02-28,Alpha,Night,8.0,7.58,373,9,80.9
2025-02-28,Beta,Day,8.0,7.27,346,10,72.2
2025-02-28,Beta,Evening,8.0,7.27,382,11,74.8
2025-02-28,Beta,Night,8.0,6.86,328,10,80.5
2025-02-28,Gamma,Day,8.0,6.56,337,16,66.5
2025-02-28,Gamma,Evening,8.0,6.77,407,18,76.3
2025-02-28,Gamma,Night,8.0,6.62,371,19,67.8
2025-03-01,Alpha,Day,8.0,7.49,389,7,89.4
2025-03-01,Alpha,Evening,8.0,7.49,360,5,88.3
2025-03-01,Alpha,Night,8.0,7.5,375,5,88.9
2025-03-01,Beta,Day,8.0,7.33,375,11,71.3
2025-03-01,Beta,Evening,8.0,7.09,337,10,74.3
2025-03-01,Beta,Night,8.0,7.1,347,9,78.5
2025-03-01,Gamma,Day,8.0,6.69,358,17,69.8
2025-03-01,Gamma,Evening,8.0,6.91,361,17,63.2
2025-03-01,Gamma,Night,8.0,6.56,358,17,67.2
2025-03-02,Alpha,Day,8.0,7.38,373,9,82.0
2025-03-02,Alpha,Evening,8.0,7.18,381,6,97.0
2025-03-02,Alpha,Night,8.0,7.64,333,7,82.6
2025-03-02,Beta,Day,8.0,7.05,421,17,71.7
2025-03-02,Beta,Evening,8.0,7.18,420,12,72.1
2025-03-02,Beta,Night,8.0,6.97,375,16,76.9
2025-03-02,Gamma,Day,8.0,6.41,311,16,73.0
2025-03-02,Gamma,Evening,8.0,7.13,376,14,71.6
2025-03-02,Gamma,Night,8.0,6.44,326,14,69.0
2025-03-03,Alpha,Day,8.0,7.43,420,5,84.9
2025-03-03,Alpha,Evening,8.0,7.27,364,0,85.7
2025-03-03,Alpha,Night,8.0,7.55,387,8,88.4
2025-03-03,Beta,Day,8.0,7.24,356,10,71.7
2025-03-03,Beta,Evening,8.0,7.32,368,12,77.1
2025-03-03,Beta,Night,8.0,7.54,369,10,68.8
2025-03-03,Gamma,Day,8.0,6.7,323,15,73.6
2025-03-03,Gamma,Evening,8.0,6.73,297,11,70.7
2025-03-03,Gamma,Night,8.0,6.53,345,13,64.1
2025-03-04,Alpha,Day,8.0,6.97,345,8,85.3
2025-03-04,Alpha,Evening,8.0,7.55,440,11,83.7
2025-03-04,Alpha,Night,8.0,7.41,378,5,87.1
2025-03-04,Beta,Day,8.0,6.78,331,14,72.1
2025-03-04,Beta,Evening,8.0,7.35,411,14,81.5
2025-03-04,Beta,Night,8.0,6.48,337,9,75.1
2025-03-04,Gamma,Day,8.0,6.65,302,15,70.3
2025-03-04,Gamma,Evening,8.0,6.82,316,14,63.2
2025-03-04,Gamma,Night,8.0,6.47,377,17,67.5
2025-03-05,Alpha,Day,8.0,6.9,360,3,86.0
2025-03-05,Alpha,Evening,8.0,7.43,363,5,86.5
2025-03-05,Alpha,Night,8.0,7.95,402,7,91.2
2025-03-05,Beta,Day,8.0,7.07,336,7,76.9
2025-03-05,Beta,Evening,8.0,6.84,320,11,74.1
2025-03-05,Beta,Night,8.0,7.03,380,12,75.1
2025-03-05,Gamma,Day,8.0,6.92,360,12,72.1
2025-03-05,Gamma,Evening,8.0,6.38,330,15,63.8
2025-03-05,Gamma,Night,8.0,6.78,396,19,72.0
2025-03-06,Alpha,Day,8.0,7.13,365,5,87.0
2025-03-06,Alpha,Evening,8.0,7.51,414,10,88.2
2025-03-06,Alpha,Night,8.0,7.33,369,6,84.6
2025-03-06,Beta,Day,8.0,7.09,385,10,71.2
2025-03-06,Beta,Evening,8.0,7.24,356,13,68.6
2025-03-06,Beta,Night,8.0,7.23,409,13,72.2
2025-03-06,Gamma,Day,8.0,6.69,361,16,69.5
2025-03-06,Gamma,Evening,8.0,7.2,425,17,67.0
2025-03-06,Gamma,Night,8.0,6.82,359,13,65.6
2025-03-07,Alpha,Day,8.0,7.71,385,8,86.3
2025-03-07,Alpha,Evening,8.0,8.0,398,9,87.9
2025-03-07,Alpha,Night,8.0,7.16,343,5,93.2
2025-03-07,Beta,Day,8.0,7.18,380,7,75.8
2025-03-07,Beta,Evening,8.0,7.17,375,14,73.2
2025-03-07,Beta,Night,8.0,7.11,405,13,73.8
2025-03-07,Gamma,Day,8.0,6.76,368,15,66.3
2025-03-07,Gamma,Evening,8.0,6.67,304,13,66.8
2025-03-07,Gamma,Night,8.0,6.37,326,16,71.5
2025-03-08,Alpha,Day,8.0,7.78,438,3,83.9
2025-03-08,Alpha,Evening,8.0,8.0,444,7,89.8
2025-03-08,Alpha,Night,8.0,7.01,384,4,91.6
2025-03-08,Beta,Day,8.0,6.78,355,12,80.1
2025-03-08,Beta,Evening,8.0,7.17,366,12,71.3
2025-03-08,Beta,Night,8.0,6.96,343,11,71.0
2025-03-08,Gamma,Day,8.0,6.92,368,18,74.2
2025-03-08,Gamma,Evening,8.0,6.84,300,12,71.1
2025-03-08,Gamma,Night,8.0,6.95,380,19,68.9
2025-03-09,Alpha,Day,8.0,7.61,422,5,82.8
2025-03-09,Alpha,Evening,8.0,7.58,341,5,85.8
2025-03-09,Alpha,Night,8.0,7.79,381,7,95.2
2025-03-09,Beta,Day,8.0,7.22,396,12,67.5
2025-03-09,Beta,Evening,8.0,6.94,381,12,70.2
2025-03-09,Beta,Night,8.0,7.38,415,16,74.5
2025-03-09,Gamma,Day,8.0,6.72,382,16,69.1
2025-03-09,Gamma,Evening,8.0,6.75,327,16,70.9
2025-03-09,Gamma,Night,8.0,6.69,329,14,69.0
2025-03-10,Alpha,Day,8.0,7.57,390,8,85.5
2025-03-10,Alpha,Evening,8.0,7.72,389,5,91.3
2025-03-10,Alpha,Night,8.0,7.54,371,8,83.8
2025-03-10,Beta,Day,8.0,7.12,375,12,72.1
2025-03-10,Beta,Evening,8.0,7.19,399,11,77.3
2025-03-10,Beta,Night,8.0,7.21,340,12,72.9
2025-03-10,Gamma,Day,8.0,6.67,339,14,75.4
2025-03-10,Gamma,Evening,8.0,7.0,387,18,72.3
2025-03-10,Gamma,Night,8.0,6.43,309,12,70.4
2025-03-11,Alpha,Day,8.0,7.79,413,6,80.1
2025-03-11,Alpha,Evening,8.0,7.77,377,6,93.5
2025-03-11,Alpha,Night,8.0,7.16,352,4,87.7
2025-03-11,Beta,Day,8.0,6.94,303,8,74.7
2025-03-11,Beta,Evening,8.0,6.94,338,7,77.2
2025-03-11,Beta,Night,8.0,7.2,391,10,72.3
2025-03-11,Gamma,Day,8.0,6.94,364,14,71.2
2025-03-11,Gamma,Evening,8.0,6.5,305,13,71.3
2025-03-11,Gamma,Night,8.0,7.03,405,18,71.6
2025-03-12,Alpha,Day,8.0,7.29,382,8,79.1
2025-03-12,Alpha,Evening,8.0,7.76,334,5,84.8
2025-03-12,Alpha,Night,8.0,7.94,454,7,86.2
2025-03-12,Beta,Day,8.0,6.72,407,12,76.2
2025-03-12,Beta,Evening,8.0,6.98,388,16,72.3
2025-03-12,Beta,Night,8.0,6.87,379,12,75.7
2025-03-12,Gamma,Day,8.0,7.4,381,16,68.0
2025-03-12,Gamma,Evening,8.0,6.95,300,9,71.0
2025-03-12,Gamma,Night,8.0,6.82,326,17,72.2
2025-03-13,Alpha,Day,8.0,7.21,343,5,93.0
2025-03-13,Alpha,Evening,8.0,7.47,384,4,89.8
2025-03-13,Alpha,Night,8.0,7.49,401,10,91.1
2025-03-13,Beta,Day,8.0,6.91,327,10,72.5
2025-03-13,Beta,Evening,8.0,6.99,333,10,77.5
2025-03-13,Beta,Night,8.0,6.99,369,14,72.0
2025-03-13,Gamma,Day,8.0,6.8,363,16,69.1
2025-03-13,Gamma,Evening,8.0,6.25,295,11,69.5
2025-03-13,Gamma,Night,8.0,6.59,374,17,69.9
2025-03-14,Alpha,Day,8.0,7.24,411,7,88.3
2025-03-14,Alpha,Evening,8.0,7.88,447,8,88.8
2025-03-14,Alpha,Night,8.0,7.51,398,6,81.9
2025-03-14,Beta,Day,8.0,7.0,320,11,72.6
2025-03-14,Beta,Evening,8.0,6.97,362,13,71.2
2025-03-14,Beta,Night,8.0,7.27,354,9,70.8
2025-03-14,Gamma,Day,8.0,7.52,357,18,71.7
2025-03-14,Gamma,Evening,8.0,6.85,378,18,68.9
2025-03-14,Gamma,Night,8.0,7.13,398,18,66.3
2025-03-15,Alpha,Day,8.0,7.52,453,11,82.7
2025-03-15,Alpha,Evening,8.0,7.5,352,5,92.2
2025-03-15,Alpha,Night,8.0,7.58,412,7,83.3
2025-03-15,Beta,Day,8.0,6.9,360,12,71.3
2025-03-15,Beta,Evening,8.0,7.15,353,10,72.2
2025-03-15,Beta,Night,8.0,6.98,347,7,74.2
2025-03-15,Gamma,Day,8.0,6.58,357,16,67.0
2025-03-15,Gamma,Evening,8.0,7.11,393,14,71.0
2025-03-15,Gamma,Night,8.0,6.69,382,18,73.0
2025-03-16,Alpha,Day,8.0,7.42,390,8,85.9
2025-03-16,Alpha,Evening,8.0,7.59,375,7,82.3
2025-03-16,Alpha,Night,8.0,7.47,399,5,92.6
2025-03-16,Beta,Day,8.0,6.75,373,12,76.7
2025-03-16,Beta,Evening,8.0,7.35,367,12,69.5
2025-03-16,Beta,Night,8.0,7.34,384,10,72.6
2025-03-16,Gamma,Day,8.0,6.83,318,12,73.3
2025-03-16,Gamma,Evening,8.0,6.83,345,17,66.9
2025-03-16,Gamma,Night,8.0,6.35,318,11,67.1
2025-03-17,Alpha,Day,8.0,7.54,443,4,81.7
2025-03-17,Alpha,Evening,8.0,7.67,421,6,87.1
2025-03-17,Alpha,Night,8.0,7.78,415,7,92.4
2025-03-17,Beta,Day,8.0,7.05,357,9,77.6
2025-03-17,Beta,Evening,8.0,7.11,397,15,71.4
2025-03-17,Beta,Night,8.0,7.66,393,11,74.1
2025-03-17,Gamma,Day,8.0,7.18,351,14,73.0
2025-03-17,Gamma,Evening,8.0,6.96,306,13,66.6
2025-03-17,Gamma,Night,8.0,6.44,363,20,65.0
2025-03-18,Alpha,Day,8.0,7.64,367,4,90.5
2025-03-18,Alpha,Evening,8.0,7.73,411,10,89.3
2025-03-18,Alpha,Night,8.0,7.82,384,4,87.5
2025-03-18,Beta,Day,8.0,6.67,298,9,83.2
2025-03-18,Beta,Evening,8.0,7.16,363,13,74.8
2025-03-18,Beta,Night,8.0,7.03,395,13,76.5
2025-03-18,Gamma,Day,8.0,6.8,361,16,71.4
2025-03-18,Gamma,Evening,8.0,6.7,322,14,75.5
2025-03-18,Gamma,Night,8.0,6.89,347,15,71.5
2025-03-19,Alpha,Day,8.0,7.24,359,3,86.1
2025-03-19,Alpha,Evening,8.0,7.28,334,4,89.7
2025-03-19,Alpha,Night,8.0,7.54,418,8,84.5
2025-03-19,Beta,Day,8.0,6.72,339,14,73.5
2025-03-19,Beta,Evening,8.0,7.23,336,6,74.0
2025-03-19,Beta,Night,8.0,7.24,358,12,73.9
2025-03-19,Gamma,Day,8.0,6.48,339,14,64.0
2025-03-19,Gamma,Evening,8.0,6.91,372,18,72.0
2025-03-19,Gamma,Night,8.0,7.15,349,11,69.7
2025-03-20,Alpha,Day,8.0,7.5,355,7,87.5
2025-03-20,Alpha,Evening,8.0,7.29,357,4,93.1
2025-03-20,Alpha,Night,8.0,7.26,332,5,93.3
2025-03-20,Beta,Day,8.0,6.76,372,15,74.9
2025-03-20,Beta,Evening,8.0,6.67,353,9,77.9
2025-03-20,Beta,Night,8.0,7.14,379,11,77.0
2025-03-20,Gamma,Day,8.0,7.24,369,20,72.3
2025-03-20,Gamma,Evening,8.0,7.08,369,16,64.3
2025-03-20,Gamma,Night,8.0,6.69,361,16,70.2
2025-03-21,Alpha,Day,8.0,7.52,326,6,86.8
2025-03-21,Alpha,Evening,8.0,7.27,368,4,93.9
2025-03-21,Alpha,Night,8.0,7.57,380,8,87.0
2025-03-21,Beta,Day,8.0,7.08,360,11,78.8
2025-03-21,Beta,Evening,8.0,6.87,364,13,75.9
2025-03-21,Beta,Night,8.0,6.83,369,13,74.7
2025-03-21,Gamma,Day,8.0,6.38,363,17,69.4
2025-03-21,Gamma,Evening,8.0,7.2,381,17,73.1
2025-03-21,Gamma,Night,8.0,6.67,370,20,67.3
2025-03-22,Alpha,Day,8.0,7.41,358,8,83.3
2025-03-22,Alpha,Evening,8.0,7.76,442,8,87.3
2025-03-22,Alpha,Night,8.0,8.0,398,9,80.5
2025-03-22,Beta,Day,8.0,7.31,362,13,75.2
2025-03-22,Beta,Evening,8.0,6.79,414,14,64.8
2025-03-22,Beta,Night,8.0,7.29,396,13,70.9
2025-03-22,Gamma,Day,8.0,6.74,333,15,72.4
2025-03-22,Gamma,Evening,8.0,6.85,339,16,64.4
2025-03-22,Gamma,Night,8.0,6.84,353,16,67.9
2025-03-23,Alpha,Day,8.0,7.46,426,7,88.3
2025-03-23,Alpha,Evening,8.0,7.67,378,8,80.2
2025-03-23,Alpha,Night,8.0,7.38,374,8,82.8
2025-03-23,Beta,Day,8.0,7.06,382,13,78.8
2025-03-23,Beta,Evening,8.0,6.79,370,9,80.9
2025-03-23,Beta,Night,8.0,6.98,374,14,74.9
2025-03-23,Gamma,Day,8.0,6.64,394,17,69.0
2025-03-23,Gamma,Evening,8.0,6.73,317,15,70.6
2025-03-23,Gamma,Night,8.0,6.96,367,15,75.9
2025-03-24,Alpha,Day,8.0,7.49,368,3,90.0
2025-03-24,Alpha,Evening,8.0,7.8,407,7,81.6
2025-03-24,Alpha,Night,8.0,7.65,442,10,88.5
2025-03-24,Beta,Day,8.0,6.85,350,6,80.0
2025-03-24,Beta,Evening,8.0,7.1,434,16,75.0
2025-03-24,Beta,Night,8.0,7.26,395,14,68.9
2025-03-24,Gamma,Day,8.0,6.69,352,16,75.0
2025-03-24,Gamma,Evening,8.0,6.9,346,18,66.0
2025-03-24,Gamma,Night,8.0,6.83,373,19,66.6
2025-03-25,Alpha,Day,8.0,7.52,377,4,81.7
2025-03-25,Alpha,Evening,8.0,7.31,405,4,88.4
2025-03-25,Alpha,Night,8.0,7.36,402,11,91.8
2025-03-25,Beta,Day,8.0,7.07,410,12,73.7
2025-03-25,Beta,Evening,8.0,6.84,282,8,68.9
2025-03-25,Beta,Night,8.0,7.29,354,11,69.3
2025-03-25,Gamma,Day,8.0,6.63,338,14,66.7
2025-03-25,Gamma,Evening,8.0,6.92,416,18,74.0
2025-03-25,Gamma,Night,8.0,6.42,328,14,73.0
2025-03-26,Alpha,Day,8.0,7.24,406,7,84.2
2025-03-26,Alpha,Evening,8.0,7.74,401,9,91.6
2025-03-26,Alpha,Night,8.0,7.02,337,5,87.5
2025-03-26,Beta,Day,8.0,6.47,337,9,76.3
2025-03-26,Beta,Evening,8.0,6.83,342,12,71.1
2025-03-26,Beta,Night,8.0,7.19,356,13,80.7
2025-03-26,Gamma,Day,8.0,6.85,368,15,68.2
2025-03-26,Gamma,Evening,8.0,6.92,362,18,68.0
2025-03-26,Gamma,Night,8.0,6.51,367,17,69.6
2025-03-27,Alpha,Day,8.0,7.08,390,7,87.2
2025-03-27,Alpha,Evening,8.0,8.0,411,7,83.4
2025-03-27,Alpha,Night,8.0,7.87,410,4,83.4
2025-03-27,Beta,Day,8.0,7.35,383,11,73.1
2025-03-27,Beta,Evening,8.0,7.58,323,8,74.0
2025-03-27,Beta,Night,8.0,7.07,373,14,71.3
2025-03-27,Gamma,Day,8.0,6.65,317,12,70.9
2025-03-27,Gamma,Evening,8.0,6.72,349,15,74.6
2025-03-27,Gamma,Night,8.0,6.96,382,20,76.4
2025-03-28,Alpha,Day,8.0,7.69,416,5,82.2
2025-03-28,Alpha,Evening,8.0,7.32,363,2,90.6
2025-03-28,Alpha,Night,8.0,7.2,387,8,86.2
2025-03-28,Beta,Day,8.0,6.94,327,12,77.0
2025-03-28,Beta,Evening,8.0,7.07,374,14,68.4
2025-03-28,Beta,Night,8.0,7.16,385,9,78.0
2025-03-28,Gamma,Day,8.0,6.76,316,14,66.1
2025-03-28,Gamma,Evening,8.0,6.74,382,16,68.1
2025-03-28,Gamma,Night,8.0,7.07,376,18,72.4
2025-03-29,Alpha,Day,8.0,7.48,443,4,86.2
2025-03-29,Alpha,Evening,8.0,7.63,432,4,85.2
2025-03-29,Alpha,Night,8.0,7.24,378,2,86.5
2025-03-29,Beta,Day,8.0,6.99,393,12,81.0
2025-03-29,Beta,Evening,8.0,6.79,328,9,71.2
2025-03-29,Beta,Night,8.0,6.88,351,11,77.4
2025-03-29,Gamma,Day,8.0,6.56,327,15,72.3
2025-03-29,Gamma,Evening,8.0,6.87,304,13,69.2
2025-03-29,Gamma,Night,8.0,6.67,360,15,68.6
2025-03-30,Alpha,Day,8.0,7.31,403,4,84.9
2025-03-30,Alpha,Evening,8.0,7.83,397,7,89.5
2025-03-30,Alpha,Night,8.0,7.85,418,7,91.5
2025-03-30,Beta,Day,8.0,6.98,360,10,70.7
2025-03-30,Beta,Evening,8.0,6.65,341,11,70.7
2025-03-30,Beta,Night,8.0,7.08,422,14,78.8
2025-03-30,Gamma,Day,8.0,7.11,382,16,74.4
2025-03-30,Gamma,Evening,8.0,6.53,341,16,71.6
2025-03-30,Gamma,Night,8.0,6.98,394,17,68.0
2025-03-31,Alpha,Day,8.0,7.52,375,7,96.4
2025-03-31,Alpha,Evening,8.0,7.56,377,7,90.7
2025-03-31,Alpha,Night,8.0,7.27,385,7,86.8
2025-03-31,Beta,Day,8.0,7.05,407,11,68.1
2025-03-31,Beta,Evening,8.0,6.62,362,11,73.1
2025-03-31,Beta,Night,8.0,6.91,387,10,69.2
2025-03-31,Gamma,Day,8.0,6.86,322,13,70.6
2025-03-31,Gamma,Evening,8.0,7.11,348,16,74.9
2025-03-31,Gamma,Night,8.0,6.85,376,17,69.4
2025-04-01,Alpha,Day,8.0,7.42,353,8,87.9
2025-04-01,Alpha,Evening,8.0,7.74,382,8,87.9
2025-04-01,Alpha,Night,8.0,7.93,424,5,90.7
2025-04-01,Beta,Day,8.0,6.8,381,13,73.9
2025-04-01,Beta,Evening,8.0,6.92,347,9,72.3
2025-04-01,Beta,Night,8.0,6.72,384,12,74.1
2025-04-01,Gamma,Day,8.0,6.59,339,17,70.5
2025-04-01,Gamma,Evening,8.0,6.74,396,13,66.3
2025-04-01,Gamma,Night,8.0,6.79,365,16,68.7
2025-04-02,Alpha,Day,8.0,7.37,438,8,82.4
2025-04-02,Alpha,Evening,8.0,7.51,410,6,91.6
2025-04-02,Alpha,Night,8.0,7.97,467,10,89.7
2025-04-02,Beta,Day,8.0,7.31,395,11,71.2
2025-04-02,Beta,Evening,8.0,7.3,354,14,79.8
2025-04-02,Beta,Night,8.0,7.08,311,8,72.3
2025-04-02,Gamma,Day,8.0,7.01,360,13,68.9
2025-04-02,Gamma,Evening,8.0,6.87,350,18,73.0
2025-04-02,Gamma,Night,8.0,6.95,365,14,70.9
2025-04-03,Alpha,Day,8.0,7.22,329,6,84.5
2025-04-03,Alpha,Evening,8.0,7.85,388,5,89.0
2025-04-03,Alpha,Night,8.0,8.0,390,5,97.3
2025-04-03,Beta,Day,8.0,7.19,374,12,75.8
2025-04-03,Beta,Evening,8.0,6.93,312,8,70.2
2025-04-03,Beta,Night,8.0,7.15,388,11,78.0
2025-04-03,Gamma,Day,8.0,7.06,330,14,72.9
2025-04-03,Gamma,Evening,8.0,6.76,377,21,73.3
2025-04-03,Gamma,Night,8.0,6.64,328,16,68.2
2025-04-04,Alpha,Day,8.0,7.86,422,4,90.1
2025-04-04,Alpha,Evening,8.0,7.52,430,8,85.9
2025-04-04,Alpha,Night,8.0,6.79,384,5,89.7
2025-04-04,Beta,Day,8.0,6.99,372,9,69.8
2025-04-04,Beta,Evening,8.0,7.04,365,12,76.5
2025-04-04,Beta,Night,8.0,7.21,391,14,75.7
2025-04-04,Gamma,Day,8.0,6.98,348,15,76.6
2025-04-04,Gamma,Evening,8.0,6.21,311,13,71.5
2025-04-04,Gamma,Night,8.0,6.83,372,14,73.6
2025-04-05,Alpha,Day,8.0,7.81,409,10,86.4
2025-04-05,Alpha,Evening,8.0,7.71,387,4,89.5
2025-04-05,Alpha,Night,8.0,7.47,401,6,85.7
2025-04-05,Beta,Day,8.0,6.85,378,12,75.1
2025-04-05,Beta,Evening,8.0,6.85,395,12,76.1
2025-04-05,Beta,Night,8.0,7.31,399,15,77.5
2025-04-05,Gamma,Day,8.0,6.72,336,13,67.6
2025-04-05,Gamma,Evening,8.0,6.6,342,14,75.7
2025-04-05,Gamma,Night,8.0,6.86,388,15,74.2
2025-04-06,Alpha,Day,8.0,7.78,380,5,85.6
2025-04-06,Alpha,Evening,8.0,7.62,419,8,87.1
2025-04-06,Alpha,Night,8.0,7.72,442,9,88.9
2025-04-06,Beta,Day,8.0,7.12,372,14,71.1
2025-04-06,Beta,Evening,8.0,6.96,333,12,73.5
2025-04-06,Beta,Night,8.0,6.8,350,9,70.9
2025-04-06,Gamma,Day,8.0,6.75,336,16,75.8
2025-04-06,Gamma,Evening,8.0,7.05,395,14,71.4
2025-04-06,Gamma,Night,8.0,7.36,360,17,68.4
2025-04-07,Alpha,Day,8.0,7.47,430,11,92.4
2025-04-07,Alpha,Evening,8.0,7.35,430,7,82.6
2025-04-07,Alpha,Night,8.0,7.63,398,8,90.9
2025-04-07,Beta,Day,8.0,7.16,358,9,79.1
2025-04-07,Beta,Evening,8.0,6.9,355,12,73.4
2025-04-07,Beta,Night,8.0,6.5,321,12,73.0
2025-04-07,Gamma,Day,8.0,7.03,401,17,67.3
2025-04-07,Gamma,Evening,8.0,6.91,383,18,65.7
2025-04-07,Gamma,Night,8.0,6.94,360,17,69.9
2025-04-08,Alpha,Day,8.0,8.0,383,7,85.6
2025-04-08,Alpha,Evening,8.0,7.27,370,8,87.9
2025-04-08,Alpha,Night,8.0,7.36,399,10,92.9
2025-04-08,Beta,Day,8.0,7.28,465,18,71.9
2025-04-08,Beta,Evening,8.0,7.04,333,9,66.8
2025-04-08,Beta,Night,8.0,6.9,300,8,82.8
2025-04-08,Gamma,Day,8.0,6.64,291,10,70.0
2025-04-08,Gamma,Evening,8.0,7.03,379,15,75.3
2025-04-08,Gamma,Night,8.0,6.84,348,15,72.5
2025-04-09,Alpha,Day,8.0,7.93,424,7,86.5
2025-04-09,Alpha,Evening,8.0,7.32,333,3,83.0
2025-04-09,Alpha,Night,8.0,7.65,394,8,81.0
2025-04-09,Beta,Day,8.0,7.17,390,11,75.2
2025-04-09,Beta,Evening,8.0,7.4,404,11,70.3
2025-04-09,Beta,Night,8.0,6.89,325,7,74.6
2025-04-09,Gamma,Day,8.0,6.81,286,12,67.5
2025-04-09,Gamma,Evening,8.0,6.45,322,14,75.0
2025-04-09,Gamma,Night,8.0,6.85,340,17,68.0
2025-04-10,Alpha,Day,8.0,7.81,381,9,86.1
2025-04-10,Alpha,Evening,8.0,7.57,360,5,83.6
2025-04-10,Alpha,Night,8.0,6.84,366,7,85.6
2025-04-10,Beta,Day,8.0,6.94,344,12,71.8
2025-04-10,Beta,Evening,8.0,6.98,353,10,71.8
2025-04-10,Beta,Night,8.0,7.08,420,12,68.8
2025-04-10,Gamma,Day,8.0,6.5,316,13,67.5
2025-04-10,Gamma,Evening,8.0,6.7,376,17,70.1
2025-04-10,Gamma,Night,8.0,6.34,339,14,66.6
2025-04-11,Alpha,Day,8.0,7.25,409,4,85.1
2025-04-11,Alpha,Evening,8.0,7.46,411,4,84.7
2025-04-11,Alpha,Night,8.0,7.66,387,5,89.8
2025-04-11,Beta,Day,8.0,6.52,372,12,74.9
2025-04-11,Beta,Evening,8.0,7.01,363,10,78.1
2025-04-11,Beta,Night,8.0,7.42,408,12,76.8
2025-04-11,Gamma,Day,8.0,6.55,374,17,72.9
2025-04-11,Gamma,Evening,8.0,6.74,361,17,64.0
2025-04-11,Gamma,Night,8.0,6.7,305,12,67.9
2025-04-12,Alpha,Day,8.0,7.72,419,6,84.2
2025-04-12,Alpha,Evening,8.0,7.85,384,7,86.6
2025-04-12,Alpha,Night,8.0,7.35,395,8,88.6
2025-04-12,Beta,Day,8.0,7.4,332,10,79.8
2025-04-12,Beta,Evening,8.0,7.04,362,13,69.5
2025-04-12,Beta,Night,8.0,7.04,398,8,74.2
2025-04-12,Gamma,Day,8.0,6.91,375,19,75.2
2025-04-12,Gamma,Evening,8.0,6.52,341,16,63.4
2025-04-12,Gamma,Night,8.0,7.53,366,17,78.3
2025-04-13,Alpha,Day,8.0,7.45,368,7,85.5
2025-04-13,Alpha,Evening,8.0,7.26,374,9,82.4
2025-04-13,Alpha,Night,8.0,7.66,357,5,85.9
2025-04-13,Beta,Day,8.0,7.23,367,9,75.9
2025-04-13,Beta,Evening,8.0,7.04,308,10,73.5
2025-04-13,Beta,Night,8.0,7.25,359,10,78.2
2025-04-13,Gamma,Day,8.0,6.82,408,19,68.5
2025-04-13,Gamma,Evening,8.0,7.08,388,18,69.3
2025-04-13,Gamma,Night,8.0,7.31,375,19,69.9
2025-04-14,Alpha,Day,8.0,7.61,414,8,81.8
2025-04-14,Alpha,Evening,8.0,7.2,440,10,83.6
2025-04-14,Alpha,Night,8.0,7.69,403,8,86.3
2025-04-14,Beta,Day,8.0,7.1,349,9,76.2
2025-04-14,Beta,Evening,8.0,6.97,371,12,74.2
2025-04-14,Beta,Night,8.0,7.17,379,13,75.2
2025-04-14,Gamma,Day,8.0,6.55,332,15,72.0
2025-04-14,Gamma,Evening,8.0,6.58,355,13,68.7
2025-04-14,Gamma,Night,8.0,6.59,313,14,71.2
2025-04-15,Alpha,Day,8.0,7.23,360,8,81.8
2025-04-15,Alpha,Evening,8.0,7.55,407,8,87.3
2025-04-15,Alpha,Night,8.0,7.41,417,7,89.3
2025-04-15,Beta,Day,8.0,7.0,376,11,74.7
2025-04-15,Beta,Evening,8.0,7.09,370,11,73.8
2025-04-15,Beta,Night,8.0,7.24,378,12,76.4
2025-04-15,Gamma,Day,8.0,6.39,380,15,70.8
2025-04-15,Gamma,Evening,8.0,7.06,376,17,69.7
2025-04-15,Gamma,Night,8.0,6.65,309,12,68.1
2025-04-16,Alpha,Day,8.0,7.54,292,3,88.1
2025-04-16,Alpha,Evening,8.0,7.09,372,8,89.0
2025-04-16,Alpha,Night,8.0,7.57,330,3,85.3
2025-04-16,Beta,Day,8.0,6.74,351,12,70.9
2025-04-16,Beta,Evening,8.0,6.69,368,14,70.5
2025-04-16,Beta,Night,8.0,7.1,401,12,72.5
2025-04-16,Gamma,Day,8.0,6.87,390,15,69.1
2025-04-16,Gamma,Evening,8.0,6.54,315,14,69.0
2025-04-16,Gamma,Night,8.0,6.63,343,15,71.7
2025-04-17,Alpha,Day,8.0,7.52,418,2,86.9
2025-04-17,Alpha,Evening,8.0,7.56,381,6,83.2
2025-04-17,Alpha,Night,8.0,7.49,365,2,85.2
2025-04-17,Beta,Day,8.0,7.64,412,11,72.3
2025-04-17,Beta,Evening,8.0,6.9,397,12,79.0
2025-04-17,Beta,Night,8.0,7.42,423,14,70.1
2025-04-17,Gamma,Day,8.0,6.42,295,16,76.2
2025-04-17,Gamma,Evening,8.0,6.69,332,14,71.2
2025-04-17,Gamma,Night,8.0,6.67,363,15,72.1
2025-04-18,Alpha,Day,8.0,7.53,410,9,89.2
2025-04-18,Alpha,Evening,8.0,7.51,462,8,90.0
2025-04-18,Alpha,Night,8.0,7.29,394,7,87.9
2025-04-18,Beta,Day,8.0,6.71,356,11,71.7
2025-04-18,Beta,Evening,8.0,6.86,348,14,76.5
2025-04-18,Beta,Night,8.0,6.82,385,11,68.2
2025-04-18,Gamma,Day,8.0,6.71,330,17,67.4
2025-04-18,Gamma,Evening,8.0,6.26,343,13,69.5
2025-04-18,Gamma,Night,8.0,6.57,356,19,68.6
2025-04-19,Alpha,Day,8.0,7.1,357,7,86.1
2025-04-19,Alpha,Evening,8.0,7.44,339,9,86.0
2025-04-19,Alpha,Night,8.0,7.52,383,10,88.5
2025-04-19,Beta,Day,8.0,7.03,362,11,79.9
2025-04-19,Beta,Evening,8.0,6.83,333,15,72.1
2025-04-19,Beta,Night,8.0,7.08,344,12,76.3
2025-04-19,Gamma,Day,8.0,6.65,316,17,70.8
2025-04-19,Gamma,Evening,8.0,7.22,409,24,67.0
2025-04-19,Gamma,Night,8.0,6.57,332,16,71.8
2025-04-20,Alpha,Day,8.0,7.65,392,3,89.4
2025-04-20,Alpha,Evening,8.0,7.34,449,4,87.1
2025-04-20,Alpha,Night,8.0,7.29,367,9,90.1
2025-04-20,Beta,Day,8.0,7.32,376,11,74.1
2025-04-20,Beta,Evening,8.0,7.05,391,13,68.7
2025-04-20,Beta,Night,8.0,6.95,344,11,70.1
2025-04-20,Gamma,Day,8.0,7.1,409,16,64.9
2025-04-20,Gamma,Evening,8.0,6.5,323,11,70.8
2025-04-20,Gamma,Night,8.0,6.45,307,14,70.9
2025-04-21,Alpha,Day,8.0,7.55,369,8,86.0
2025-04-21,Alpha,Evening,8.0,7.74,422,4,81.9
2025-04-21,Alpha,Night,8.0,7.2,374,7,89.8
2025-04-21,Beta,Day,8.0,6.86,346,14,75.0
2025-04-21,Beta,Evening,8.0,7.44,434,13,72.9
2025-04-21,Beta,Night,8.0,6.63,341,10,75.8
2025-04-21,Gamma,Day,8.0,6.96,372,15,72.7
2025-04-21,Gamma,Evening,8.0,6.6,365,17,72.8
2025-04-21,Gamma,Night,8.0,6.38,301,13,70.1
2025-04-22,Alpha,Day,8.0,7.45,451,6,87.6
2025-04-22,Alpha,Evening,8.0,7.64,373,4,90.6
2025-04-22,Alpha,Night,8.0,7.34,457,9,81.1
2025-04-22,Beta,Day,8.0,6.93,384,10,80.6
2025-04-22,Beta,Evening,8.0,6.96,345,12,75.4
2025-04-22,Beta,Night,8.0,7.11,376,8,69.7
2025-04-22,Gamma,Day,8.0,6.93,362,14,72.8
2025-04-22,Gamma,Evening,8.0,6.8,381,16,69.4
2025-04-22,Gamma,Night,8.0,7.28,390,19,78.6
2025-04-23,Alpha,Day,8.0,7.47,405,9,82.4
2025-04-23,Alpha,Evening,8.0,6.87,387,7,92.9
2025-04-23,Alpha,Night,8.0,7.64,361,5,84.3
2025-04-23,Beta,Day,8.0,6.93,366,7,78.9
2025-04-23,Beta,Evening,8.0,6.88,400,10,71.9
2025-04-23,Beta,Night,8.0,7.02,380,12,72.6
2025-04-23,Gamma,Day,8.0,6.73,399,17,73.5
2025-04-23,Gamma,Evening,8.0,6.87,301,12,69.6
2025-04-23,Gamma,Night,8.0,6.42,326,14,69.1
2025-04-24,Alpha,Day,8.0,7.89,448,4,83.7
2025-04-24,Alpha,Evening,8.0,7.5,397,7,85.2
2025-04-24,Alpha,Night,8.0,7.39,407,7,90.2
2025-04-24,Beta,Day,8.0,7.19,380,10,66.9
2025-04-24,Beta,Evening,8.0,6.87,391,12,74.0
2025-04-24,Beta,Night,8.0,7.47,397,11,80.5
2025-04-24,Gamma,Day,8.0,6.74,319,11,66.3
2025-04-24,Gamma,Evening,8.0,6.62,323,14,72.6
2025-04-24,Gamma,Night,8.0,6.85,334,15,71.6
2025-04-25,Alpha,Day,8.0,7.44,354,5,87.2
2025-04-25,Alpha,Evening,8.0,7.55,368,4,91.0
2025-04-25,Alpha,Night,8.0,7.53,417,7,88.1
2025-04-25,Beta,Day,8.0,6.82,365,9,73.2
2025-04-25,Beta,Evening,8.0,7.17,390,7,77.6
2025-04-25,Beta,Night,8.0,6.93,337,10,75.8
2025-04-25,Gamma,Day,8.0,6.63,349,20,62.0
2025-04-25,Gamma,Evening,8.0,6.59,373,15,76.1
2025-04-25,Gamma,Night,8.0,6.91,360,18,75.0
2025-04-26,Alpha,Day,8.0,7.51,424,8,84.9
2025-04-26,Alpha,Evening,8.0,7.91,404,6,86.4
2025-04-26,Alpha,Night,8.0,7.52,380,8,82.8
2025-04-26,Beta,Day,8.0,7.21,373,13,69.2
2025-04-26,Beta,Evening,8.0,6.79,358,14,80.8
2025-04-26,Beta,Night,8.0,6.68,395,13,68.7
2025-04-26,Gamma,Day,8.0,6.76,364,15,70.7
2025-04-26,Gamma,Evening,8.0,6.86,363,17,64.8
2025-04-26,Gamma,Night,8.0,7.21,368,15,75.0
2025-04-27,Alpha,Day,8.0,7.06,329,5,89.8
2025-04-27,Alpha,Evening,8.0,7.69,432,5,91.2
2025-04-27,Alpha,Night,8.0,7.52,404,8,83.2
2025-04-27,Beta,Day,8.0,7.02,393,12,82.0
2025-04-27,Beta,Evening,8.0,6.91,399,15,70.6
2025-04-27,Beta,Night,8.0,6.88,381,11,73.9
2025-04-27,Gamma,Day,8.0,6.65,351,17,73.5
2025-04-27,Gamma,Evening,8.0,6.71,391,17,68.4
2025-04-27,Gamma,Night,8.0,6.76,318,14,71.5
2025-04-28,Alpha,Day,8.0,7.31,322,6,91.0
2025-04-28,Alpha,Evening,8.0,7.64,456,10,85.0
2025-04-28,Alpha,Night,8.0,7.72,420,8,82.0
2025-04-28,Beta,Day,8.0,7.06,344,13,75.4
2025-04-28,Beta,Evening,8.0,6.77,377,12,75.2
2025-04-28,Beta,Night,8.0,6.84,378,16,71.6
2025-04-28,Gamma,Day,8.0,6.47,385,16,63.9
2025-04-28,Gamma,Evening,8.0,6.48,329,17,71.4
2025-04-28,Gamma,Night,8.0,6.71,385,16,68.9
2025-04-29,Alpha,Day,8.0,7.8,392,6,85.2
2025-04-29,Alpha,Evening,8.0,7.62,331,3,87.4
2025-04-29,Alpha,Night,8.0,7.66,437,7,89.5
2025-04-29,Beta,Day,8.0,7.19,362,9,68.5
2025-04-29,Beta,Evening,8.0,7.19,421,12,69.9
2025-04-29,Beta,Night,8.0,7.09,397,12,71.7
2025-04-29,Gamma,Day,8.0,6.9,336,16,70.5
2025-04-29,Gamma,Evening,8.0,7.06,367,17,72.3
2025-04-29,Gamma,Night,8.0,7.06,342,17,68.5
2025-04-30,Alpha,Day,8.0,7.15,410,6,84.0
2025-04-30,Alpha,Evening,8.0,7.63,340,6,91.0
2025-04-30,Alpha,Night,8.0,7.38,404,7,96.3
2025-04-30,Beta,Day,8.0,7.03,367,10,73.0
2025-04-30,Beta,Evening,8.0,6.88,351,10,70.1
2025-04-30,Beta,Night,8.0,6.86,380,12,76.5
2025-04-30,Gamma,Day,8.0,6.37,346,16,79.9
2025-04-30,Gamma,Evening,8.0,6.25,276,13,68.2
2025-04-30,Gamma,Night,8.0,6.98,375,14,76.3
